source,section,requirement,owning_goal,implementation_location,authoritative_evidence,result,remediation,final_evidence
docs/magic-sequence.md:97,No ordinary matter from magic,"What existing physical state, matter, organism, or relationship changes?",master,src/arcane.rs; src/arcane_geography.rs; src/arcane_ecology.rs; src/discovery.rs; src/implements.rs; src/workings.rs; src/alchemy.rs; src/dross.rs,randomized_bind_split_merge_activate_disorder_cleanse_loss_recovery_balances; solo_host_dedicated_and_loopback_apply_identical_authoritative_results; arcane_ire_and_dross_four_states_persist_independently,proven,goals 1-8 implementation plus Goal 9 integrated audit,docs/magic-qualification-implementation.md
docs/magic-sequence.md:98,No ordinary matter from magic,From which named reservoir does its Current come?,master,src/arcane.rs; src/arcane_geography.rs; src/arcane_ecology.rs; src/discovery.rs; src/implements.rs; src/workings.rs; src/alchemy.rs; src/dross.rs,randomized_bind_split_merge_activate_disorder_cleanse_loss_recovery_balances; solo_host_dedicated_and_loopback_apply_identical_authoritative_results; arcane_ire_and_dross_four_states_persist_independently,proven,goals 1-8 implementation plus Goal 9 integrated audit,docs/magic-qualification-implementation.md
docs/magic-sequence.md:99,No ordinary matter from magic,Where do its charge and dross go when it ends?,master,src/arcane.rs; src/arcane_geography.rs; src/arcane_ecology.rs; src/discovery.rs; src/implements.rs; src/workings.rs; src/alchemy.rs; src/dross.rs,randomized_bind_split_merge_activate_disorder_cleanse_loss_recovery_balances; solo_host_dedicated_and_loopback_apply_identical_authoritative_results; arcane_ire_and_dross_four_states_persist_independently,proven,goals 1-8 implementation plus Goal 9 integrated audit,docs/magic-qualification-implementation.md
docs/magic-sequence.md:103,No ordinary matter from magic,"creating blocks or items without an accounted material source,",master,src/arcane.rs; src/arcane_geography.rs; src/arcane_ecology.rs; src/discovery.rs; src/implements.rs; src/workings.rs; src/alchemy.rs; src/dross.rs,randomized_bind_split_merge_activate_disorder_cleanse_loss_recovery_balances; solo_host_dedicated_and_loopback_apply_identical_authoritative_results; arcane_ire_and_dross_four_states_persist_independently,proven,goals 1-8 implementation plus Goal 9 integrated audit,docs/magic-qualification-implementation.md
docs/magic-sequence.md:104,No ordinary matter from magic,"converting coal to diamond, lead to gold, or one ordinary material identity",master,src/arcane.rs; src/arcane_geography.rs; src/arcane_ecology.rs; src/discovery.rs; src/implements.rs; src/workings.rs; src/alchemy.rs; src/dross.rs,randomized_bind_split_merge_activate_disorder_cleanse_loss_recovery_balances; solo_host_dedicated_and_loopback_apply_identical_authoritative_results; arcane_ire_and_dross_four_states_persist_independently,proven,goals 1-8 implementation plus Goal 9 integrated audit,docs/magic-qualification-implementation.md
docs/magic-sequence.md:106,No ordinary matter from magic,"duplicating inventories or fluids,",master,src/arcane.rs; src/arcane_geography.rs; src/arcane_ecology.rs; src/discovery.rs; src/implements.rs; src/workings.rs; src/alchemy.rs; src/dross.rs,randomized_bind_split_merge_activate_disorder_cleanse_loss_recovery_balances; solo_host_dedicated_and_loopback_apply_identical_authoritative_results; arcane_ire_and_dross_four_states_persist_independently,proven,goals 1-8 implementation plus Goal 9 integrated audit,docs/magic-qualification-implementation.md
docs/magic-sequence.md:107,No ordinary matter from magic,"infinite water, fuel, food, repair, healing, or crop growth,",master,src/arcane.rs; src/arcane_geography.rs; src/arcane_ecology.rs; src/discovery.rs; src/implements.rs; src/workings.rs; src/alchemy.rs; src/dross.rs,randomized_bind_split_merge_activate_disorder_cleanse_loss_recovery_balances; solo_host_dedicated_and_loopback_apply_identical_authoritative_results; arcane_ire_and_dross_four_states_persist_independently,proven,goals 1-8 implementation plus Goal 9 integrated audit,docs/magic-qualification-implementation.md
docs/magic-sequence.md:108,No ordinary matter from magic,"teleportation,",master,src/arcane.rs; src/arcane_geography.rs; src/arcane_ecology.rs; src/discovery.rs; src/implements.rs; src/workings.rs; src/alchemy.rs; src/dross.rs,randomized_bind_split_merge_activate_disorder_cleanse_loss_recovery_balances; solo_host_dedicated_and_loopback_apply_identical_authoritative_results; arcane_ire_and_dross_four_states_persist_independently,proven,goals 1-8 implementation plus Goal 9 integrated audit,docs/magic-qualification-implementation.md
docs/magic-sequence.md:109,No ordinary matter from magic,"permanent free flight,",master,src/arcane.rs; src/arcane_geography.rs; src/arcane_ecology.rs; src/discovery.rs; src/implements.rs; src/workings.rs; src/alchemy.rs; src/dross.rs,randomized_bind_split_merge_activate_disorder_cleanse_loss_recovery_balances; solo_host_dedicated_and_loopback_apply_identical_authoritative_results; arcane_ire_and_dross_four_states_persist_independently,proven,goals 1-8 implementation plus Goal 9 integrated audit,docs/magic-qualification-implementation.md
docs/magic-sequence.md:110,No ordinary matter from magic,"bypassing tool tiers, workshops, transport, or finite-resource manifests",master,src/arcane.rs; src/arcane_geography.rs; src/arcane_ecology.rs; src/discovery.rs; src/implements.rs; src/workings.rs; src/alchemy.rs; src/dross.rs,randomized_bind_split_merge_activate_disorder_cleanse_loss_recovery_balances; solo_host_dedicated_and_loopback_apply_identical_authoritative_results; arcane_ire_and_dross_four_states_persist_independently,proven,goals 1-8 implementation plus Goal 9 integrated audit,docs/magic-qualification-implementation.md
docs/magic-sequence.md:139,One physical world,"Growth still consumes water, nutrients, substrate, and time.",master,src/arcane.rs; src/arcane_geography.rs; src/arcane_ecology.rs; src/discovery.rs; src/implements.rs; src/workings.rs; src/alchemy.rs; src/dross.rs,randomized_bind_split_merge_activate_disorder_cleanse_loss_recovery_balances; solo_host_dedicated_and_loopback_apply_identical_authoritative_results; arcane_ire_and_dross_four_states_persist_independently,proven,goals 1-8 implementation plus Goal 9 integrated audit,docs/magic-qualification-implementation.md
docs/magic-sequence.md:140,One physical world,Healing still consumes the body's food reserve and appropriate reagents.,master,src/arcane.rs; src/arcane_geography.rs; src/arcane_ecology.rs; src/discovery.rs; src/implements.rs; src/workings.rs; src/alchemy.rs; src/dross.rs,randomized_bind_split_merge_activate_disorder_cleanse_loss_recovery_balances; solo_host_dedicated_and_loopback_apply_identical_authoritative_results; arcane_ire_and_dross_four_states_persist_independently,proven,goals 1-8 implementation plus Goal 9 integrated audit,docs/magic-qualification-implementation.md
docs/magic-sequence.md:141,One physical world,Repair still consumes matching material or parts.,master,src/arcane.rs; src/arcane_geography.rs; src/arcane_ecology.rs; src/discovery.rs; src/implements.rs; src/workings.rs; src/alchemy.rs; src/dross.rs,randomized_bind_split_merge_activate_disorder_cleanse_loss_recovery_balances; solo_host_dedicated_and_loopback_apply_identical_authoritative_results; arcane_ire_and_dross_four_states_persist_independently,proven,goals 1-8 implementation plus Goal 9 integrated audit,docs/magic-qualification-implementation.md
docs/magic-sequence.md:142,One physical world,Fire still needs something combustible after magical ignition.,master,src/arcane.rs; src/arcane_geography.rs; src/arcane_ecology.rs; src/discovery.rs; src/implements.rs; src/workings.rs; src/alchemy.rs; src/dross.rs,randomized_bind_split_merge_activate_disorder_cleanse_loss_recovery_balances; solo_host_dedicated_and_loopback_apply_identical_authoritative_results; arcane_ire_and_dross_four_states_persist_independently,proven,goals 1-8 implementation plus Goal 9 integrated audit,docs/magic-qualification-implementation.md
docs/magic-sequence.md:143,One physical world,"Weather workings redistribute existing heat, air, and water.",master,src/arcane.rs; src/arcane_geography.rs; src/arcane_ecology.rs; src/discovery.rs; src/implements.rs; src/workings.rs; src/alchemy.rs; src/dross.rs,randomized_bind_split_merge_activate_disorder_cleanse_loss_recovery_balances; solo_host_dedicated_and_loopback_apply_identical_authoritative_results; arcane_ire_and_dross_four_states_persist_independently,proven,goals 1-8 implementation plus Goal 9 integrated audit,docs/magic-qualification-implementation.md
docs/magic-sequence.md:144,One physical world,Liquid preparations debit the planetary water ledger.,master,src/arcane.rs; src/arcane_geography.rs; src/arcane_ecology.rs; src/discovery.rs; src/implements.rs; src/workings.rs; src/alchemy.rs; src/dross.rs,randomized_bind_split_merge_activate_disorder_cleanse_loss_recovery_balances; solo_host_dedicated_and_loopback_apply_identical_authoritative_results; arcane_ire_and_dross_four_states_persist_independently,proven,goals 1-8 implementation plus Goal 9 integrated audit,docs/magic-qualification-implementation.md
docs/magic-sequence.md:145,One physical world,Durable physical changes remain after a working ends only when their,master,src/arcane.rs; src/arcane_geography.rs; src/arcane_ecology.rs; src/discovery.rs; src/implements.rs; src/workings.rs; src/alchemy.rs; src/dross.rs,randomized_bind_split_merge_activate_disorder_cleanse_loss_recovery_balances; solo_host_dedicated_and_loopback_apply_identical_authoritative_results; arcane_ire_and_dross_four_states_persist_independently,proven,goals 1-8 implementation plus Goal 9 integrated audit,docs/magic-qualification-implementation.md
docs/magic-sequence.md:150,One living world,"Magical richness overlays climate, geology, soil, water, and ecology; it",master,src/arcane.rs; src/arcane_geography.rs; src/arcane_ecology.rs; src/discovery.rs; src/implements.rs; src/workings.rs; src/alchemy.rs; src/dross.rs,randomized_bind_split_merge_activate_disorder_cleanse_loss_recovery_balances; solo_host_dedicated_and_loopback_apply_identical_authoritative_results; arcane_ire_and_dross_four_states_persist_independently,proven,goals 1-8 implementation plus Goal 9 integrated audit,docs/magic-qualification-implementation.md
docs/magic-sequence.md:152,One living world,"A confluence in a desert, reef, tundra, mountain, or rainforest has a",master,src/arcane.rs; src/arcane_geography.rs; src/arcane_ecology.rs; src/discovery.rs; src/implements.rs; src/workings.rs; src/alchemy.rs; src/dross.rs,randomized_bind_split_merge_activate_disorder_cleanse_loss_recovery_balances; solo_host_dedicated_and_loopback_apply_identical_authoritative_results; arcane_ire_and_dross_four_states_persist_independently,proven,goals 1-8 implementation plus Goal 9 integrated audit,docs/magic-qualification-implementation.md
docs/magic-sequence.md:154,One living world,Hearts accelerate reordering and recovery but do not manufacture Current.,master,src/arcane.rs; src/arcane_geography.rs; src/arcane_ecology.rs; src/discovery.rs; src/implements.rs; src/workings.rs; src/alchemy.rs; src/dross.rs,randomized_bind_split_merge_activate_disorder_cleanse_loss_recovery_balances; solo_host_dedicated_and_loopback_apply_identical_authoritative_results; arcane_ire_and_dross_four_states_persist_independently,proven,goals 1-8 implementation plus Goal 9 integrated audit,docs/magic-qualification-implementation.md
docs/magic-sequence.md:155,One living world,The Wild never rewrites player-built blocks.,master,src/arcane.rs; src/arcane_geography.rs; src/arcane_ecology.rs; src/discovery.rs; src/implements.rs; src/workings.rs; src/alchemy.rs; src/dross.rs,randomized_bind_split_merge_activate_disorder_cleanse_loss_recovery_balances; solo_host_dedicated_and_loopback_apply_identical_authoritative_results; arcane_ire_and_dross_four_states_persist_independently,proven,goals 1-8 implementation plus Goal 9 integrated audit,docs/magic-qualification-implementation.md
docs/magic-sequence.md:156,One living world,"Scarring may occupy empty space, attach removable growth, foul magical",master,src/arcane.rs; src/arcane_geography.rs; src/arcane_ecology.rs; src/discovery.rs; src/implements.rs; src/workings.rs; src/alchemy.rs; src/dross.rs,randomized_bind_split_merge_activate_disorder_cleanse_loss_recovery_balances; solo_host_dedicated_and_loopback_apply_identical_authoritative_results; arcane_ire_and_dross_four_states_persist_independently,proven,goals 1-8 implementation plus Goal 9 integrated audit,docs/magic-qualification-implementation.md
docs/magic-sequence.md:162,One authority,"The host owns Current, dross, research, working validation, world edits,",master,src/arcane.rs; src/arcane_geography.rs; src/arcane_ecology.rs; src/discovery.rs; src/implements.rs; src/workings.rs; src/alchemy.rs; src/dross.rs,randomized_bind_split_merge_activate_disorder_cleanse_loss_recovery_balances; solo_host_dedicated_and_loopback_apply_identical_authoritative_results; arcane_ire_and_dross_four_states_persist_independently,proven,goals 1-8 implementation plus Goal 9 integrated audit,docs/magic-qualification-implementation.md
docs/magic-sequence.md:164,One authority,"Solo, listen server, dedicated host, remote guest, and headless agent use",master,src/arcane.rs; src/arcane_geography.rs; src/arcane_ecology.rs; src/discovery.rs; src/implements.rs; src/workings.rs; src/alchemy.rs; src/dross.rs,randomized_bind_split_merge_activate_disorder_cleanse_loss_recovery_balances; solo_host_dedicated_and_loopback_apply_identical_authoritative_results; arcane_ire_and_dross_four_states_persist_independently,proven,goals 1-8 implementation plus Goal 9 integrated audit,docs/magic-qualification-implementation.md
docs/magic-sequence.md:166,One authority,"Clients may predict presentation but never award charge, ingredients,",master,src/arcane.rs; src/arcane_geography.rs; src/arcane_ecology.rs; src/discovery.rs; src/implements.rs; src/workings.rs; src/alchemy.rs; src/dross.rs,randomized_bind_split_merge_activate_disorder_cleanse_loss_recovery_balances; solo_host_dedicated_and_loopback_apply_identical_authoritative_results; arcane_ire_and_dross_four_states_persist_independently,proven,goals 1-8 implementation plus Goal 9 integrated audit,docs/magic-qualification-implementation.md
docs/magic-sequence.md:168,One authority,Mods use the same conservation and effect transaction APIs as base content.,master,src/arcane.rs; src/arcane_geography.rs; src/arcane_ecology.rs; src/discovery.rs; src/implements.rs; src/workings.rs; src/alchemy.rs; src/dross.rs,randomized_bind_split_merge_activate_disorder_cleanse_loss_recovery_balances; solo_host_dedicated_and_loopback_apply_identical_authoritative_results; arcane_ire_and_dross_four_states_persist_independently,proven,goals 1-8 implementation plus Goal 9 integrated audit,docs/magic-qualification-implementation.md
docs/magic-sequence.md:172,"Legible, attributable, recoverable",Dangerous practice gives warnings before regional catastrophe.,master,src/arcane.rs; src/arcane_geography.rs; src/arcane_ecology.rs; src/discovery.rs; src/implements.rs; src/workings.rs; src/alchemy.rs; src/dross.rs,randomized_bind_split_merge_activate_disorder_cleanse_loss_recovery_balances; solo_host_dedicated_and_loopback_apply_identical_authoritative_results; arcane_ire_and_dross_four_states_persist_independently,proven,goals 1-8 implementation plus Goal 9 integrated audit,docs/magic-qualification-implementation.md
docs/magic-sequence.md:173,"Legible, attributable, recoverable",Instruments report uncertainty instead of fake precision.,master,src/arcane.rs; src/arcane_geography.rs; src/arcane_ecology.rs; src/discovery.rs; src/implements.rs; src/workings.rs; src/alchemy.rs; src/dross.rs,randomized_bind_split_merge_activate_disorder_cleanse_loss_recovery_balances; solo_host_dedicated_and_loopback_apply_identical_authoritative_results; arcane_ire_and_dross_four_states_persist_independently,proven,goals 1-8 implementation plus Goal 9 integrated audit,docs/magic-qualification-implementation.md
docs/magic-sequence.md:174,"Legible, attributable, recoverable",Every damaging threshold has a prevention and recovery path.,master,src/arcane.rs; src/arcane_geography.rs; src/arcane_ecology.rs; src/discovery.rs; src/implements.rs; src/workings.rs; src/alchemy.rs; src/dross.rs,randomized_bind_split_merge_activate_disorder_cleanse_loss_recovery_balances; solo_host_dedicated_and_loopback_apply_identical_authoritative_results; arcane_ire_and_dross_four_states_persist_independently,proven,goals 1-8 implementation plus Goal 9 integrated audit,docs/magic-qualification-implementation.md
docs/magic-sequence.md:175,"Legible, attributable, recoverable",Dross generation records installation and actor contributions for,master,src/arcane.rs; src/arcane_geography.rs; src/arcane_ecology.rs; src/discovery.rs; src/implements.rs; src/workings.rs; src/alchemy.rs; src/dross.rs,randomized_bind_split_merge_activate_disorder_cleanse_loss_recovery_balances; solo_host_dedicated_and_loopback_apply_identical_authoritative_results; arcane_ire_and_dross_four_states_persist_independently,proven,goals 1-8 implementation plus Goal 9 integrated audit,docs/magic-qualification-implementation.md
docs/magic-sequence.md:177,"Legible, attributable, recoverable","Recovery is work, not a one-click universal cleanser.",master,src/arcane.rs; src/arcane_geography.rs; src/arcane_ecology.rs; src/discovery.rs; src/implements.rs; src/workings.rs; src/alchemy.rs; src/dross.rs,randomized_bind_split_merge_activate_disorder_cleanse_loss_recovery_balances; solo_host_dedicated_and_loopback_apply_identical_authoritative_results; arcane_ire_and_dross_four_states_persist_independently,proven,goals 1-8 implementation plus Goal 9 integrated audit,docs/magic-qualification-implementation.md
docs/magic-sequence.md:178,"Legible, attributable, recoverable",No normal accident permanently removes access to the core magic progression,master,src/arcane.rs; src/arcane_geography.rs; src/arcane_ecology.rs; src/discovery.rs; src/implements.rs; src/workings.rs; src/alchemy.rs; src/dross.rs,randomized_bind_split_merge_activate_disorder_cleanse_loss_recovery_balances; solo_host_dedicated_and_loopback_apply_identical_authoritative_results; arcane_ire_and_dross_four_states_persist_independently,proven,goals 1-8 implementation plus Goal 9 integrated audit,docs/magic-qualification-implementation.md
docs/magic-sequence.md:186,Dependency graph,magical foundations and conservation,master,src/arcane.rs; src/arcane_geography.rs; src/arcane_ecology.rs; src/discovery.rs; src/implements.rs; src/workings.rs; src/alchemy.rs; src/dross.rs,randomized_bind_split_merge_activate_disorder_cleanse_loss_recovery_balances; solo_host_dedicated_and_loopback_apply_identical_authoritative_results; arcane_ire_and_dross_four_states_persist_independently,proven,goals 1-8 implementation plus Goal 9 integrated audit,docs/magic-qualification-implementation.md
docs/magic-sequence.md:188,Dependency graph,planetary Current and places,master,src/arcane.rs; src/arcane_geography.rs; src/arcane_ecology.rs; src/discovery.rs; src/implements.rs; src/workings.rs; src/alchemy.rs; src/dross.rs,randomized_bind_split_merge_activate_disorder_cleanse_loss_recovery_balances; solo_host_dedicated_and_loopback_apply_identical_authoritative_results; arcane_ire_and_dross_four_states_persist_independently,proven,goals 1-8 implementation plus Goal 9 integrated audit,docs/magic-qualification-implementation.md
docs/magic-sequence.md:190,Dependency graph,magical ecology and resources,master,src/arcane.rs; src/arcane_geography.rs; src/arcane_ecology.rs; src/discovery.rs; src/implements.rs; src/workings.rs; src/alchemy.rs; src/dross.rs,randomized_bind_split_merge_activate_disorder_cleanse_loss_recovery_balances; solo_host_dedicated_and_loopback_apply_identical_authoritative_results; arcane_ire_and_dross_four_states_persist_independently,proven,goals 1-8 implementation plus Goal 9 integrated audit,docs/magic-qualification-implementation.md
docs/magic-sequence.md:192,Dependency graph,discovery and shared knowledge,master,src/arcane.rs; src/arcane_geography.rs; src/arcane_ecology.rs; src/discovery.rs; src/implements.rs; src/workings.rs; src/alchemy.rs; src/dross.rs,randomized_bind_split_merge_activate_disorder_cleanse_loss_recovery_balances; solo_host_dedicated_and_loopback_apply_identical_authoritative_results; arcane_ire_and_dross_four_states_persist_independently,proven,goals 1-8 implementation plus Goal 9 integrated audit,docs/magic-qualification-implementation.md
docs/magic-sequence.md:194,Dependency graph,"charms, wands, and apparatus",master,src/arcane.rs; src/arcane_geography.rs; src/arcane_ecology.rs; src/discovery.rs; src/implements.rs; src/workings.rs; src/alchemy.rs; src/dross.rs,randomized_bind_split_merge_activate_disorder_cleanse_loss_recovery_balances; solo_host_dedicated_and_loopback_apply_identical_authoritative_results; arcane_ire_and_dross_four_states_persist_independently,proven,goals 1-8 implementation plus Goal 9 integrated audit,docs/magic-qualification-implementation.md
docs/magic-sequence.md:196,Dependency graph,workings and rituals,master,src/arcane.rs; src/arcane_geography.rs; src/arcane_ecology.rs; src/discovery.rs; src/implements.rs; src/workings.rs; src/alchemy.rs; src/dross.rs,randomized_bind_split_merge_activate_disorder_cleanse_loss_recovery_balances; solo_host_dedicated_and_loopback_apply_identical_authoritative_results; arcane_ire_and_dross_four_states_persist_independently,proven,goals 1-8 implementation plus Goal 9 integrated audit,docs/magic-qualification-implementation.md
docs/magic-sequence.md:198,Dependency graph,preparations and alchemy,master,src/arcane.rs; src/arcane_geography.rs; src/arcane_ecology.rs; src/discovery.rs; src/implements.rs; src/workings.rs; src/alchemy.rs; src/dross.rs,randomized_bind_split_merge_activate_disorder_cleanse_loss_recovery_balances; solo_host_dedicated_and_loopback_apply_identical_authoritative_results; arcane_ire_and_dross_four_states_persist_independently,proven,goals 1-8 implementation plus Goal 9 integrated audit,docs/magic-qualification-implementation.md
docs/magic-sequence.md:200,Dependency graph,"dross, scarring, and remediation",master,src/arcane.rs; src/arcane_geography.rs; src/arcane_ecology.rs; src/discovery.rs; src/implements.rs; src/workings.rs; src/alchemy.rs; src/dross.rs,randomized_bind_split_merge_activate_disorder_cleanse_loss_recovery_balances; solo_host_dedicated_and_loopback_apply_identical_authoritative_results; arcane_ire_and_dross_four_states_persist_independently,proven,goals 1-8 implementation plus Goal 9 integrated audit,docs/magic-qualification-implementation.md
docs/magic-sequence.md:202,Dependency graph,integrated magic qualification,master,src/arcane.rs; src/arcane_geography.rs; src/arcane_ecology.rs; src/discovery.rs; src/implements.rs; src/workings.rs; src/alchemy.rs; src/dross.rs,randomized_bind_split_merge_activate_disorder_cleanse_loss_recovery_balances; solo_host_dedicated_and_loopback_apply_identical_authoritative_results; arcane_ire_and_dross_four_states_persist_independently,proven,goals 1-8 implementation plus Goal 9 integrated audit,docs/magic-qualification-implementation.md
docs/magic-sequence.md:207,Dependency graph,"geography cannot distribute a field whose units and ledger do not exist,",master,src/arcane.rs; src/arcane_geography.rs; src/arcane_ecology.rs; src/discovery.rs; src/implements.rs; src/workings.rs; src/alchemy.rs; src/dross.rs,randomized_bind_split_merge_activate_disorder_cleanse_loss_recovery_balances; solo_host_dedicated_and_loopback_apply_identical_authoritative_results; arcane_ire_and_dross_four_states_persist_independently,proven,goals 1-8 implementation plus Goal 9 integrated audit,docs/magic-qualification-implementation.md
docs/magic-sequence.md:208,Dependency graph,"magical organisms need finalized climate, habitat, and Current layers,",master,src/arcane.rs; src/arcane_geography.rs; src/arcane_ecology.rs; src/discovery.rs; src/implements.rs; src/workings.rs; src/alchemy.rs; src/dross.rs,randomized_bind_split_merge_activate_disorder_cleanse_loss_recovery_balances; solo_host_dedicated_and_loopback_apply_identical_authoritative_results; arcane_ire_and_dross_four_states_persist_independently,proven,goals 1-8 implementation plus Goal 9 integrated audit,docs/magic-qualification-implementation.md
docs/magic-sequence.md:209,Dependency graph,"research needs phenomena worth observing,",master,src/arcane.rs; src/arcane_geography.rs; src/arcane_ecology.rs; src/discovery.rs; src/implements.rs; src/workings.rs; src/alchemy.rs; src/dross.rs,randomized_bind_split_merge_activate_disorder_cleanse_loss_recovery_balances; solo_host_dedicated_and_loopback_apply_identical_authoritative_results; arcane_ire_and_dross_four_states_persist_independently,proven,goals 1-8 implementation plus Goal 9 integrated audit,docs/magic-qualification-implementation.md
docs/magic-sequence.md:210,Dependency graph,"implements need discovered materials and knowledge,",master,src/arcane.rs; src/arcane_geography.rs; src/arcane_ecology.rs; src/discovery.rs; src/implements.rs; src/workings.rs; src/alchemy.rs; src/dross.rs,randomized_bind_split_merge_activate_disorder_cleanse_loss_recovery_balances; solo_host_dedicated_and_loopback_apply_identical_authoritative_results; arcane_ire_and_dross_four_states_persist_independently,proven,goals 1-8 implementation plus Goal 9 integrated audit,docs/magic-qualification-implementation.md
docs/magic-sequence.md:211,Dependency graph,"workings need implements and atomic accounting,",master,src/arcane.rs; src/arcane_geography.rs; src/arcane_ecology.rs; src/discovery.rs; src/implements.rs; src/workings.rs; src/alchemy.rs; src/dross.rs,randomized_bind_split_merge_activate_disorder_cleanse_loss_recovery_balances; solo_host_dedicated_and_loopback_apply_identical_authoritative_results; arcane_ire_and_dross_four_states_persist_independently,proven,goals 1-8 implementation plus Goal 9 integrated audit,docs/magic-qualification-implementation.md
docs/magic-sequence.md:212,Dependency graph,"preparations need effects, ingredients, and bound-charge containers,",master,src/arcane.rs; src/arcane_geography.rs; src/arcane_ecology.rs; src/discovery.rs; src/implements.rs; src/workings.rs; src/alchemy.rs; src/dross.rs,randomized_bind_split_merge_activate_disorder_cleanse_loss_recovery_balances; solo_host_dedicated_and_loopback_apply_identical_authoritative_results; arcane_ire_and_dross_four_states_persist_independently,proven,goals 1-8 implementation plus Goal 9 integrated audit,docs/magic-qualification-implementation.md
docs/magic-sequence.md:213,Dependency graph,"dangerous pollution needs all real production paths before it can be tuned,",master,src/arcane.rs; src/arcane_geography.rs; src/arcane_ecology.rs; src/discovery.rs; src/implements.rs; src/workings.rs; src/alchemy.rs; src/dross.rs,randomized_bind_split_merge_activate_disorder_cleanse_loss_recovery_balances; solo_host_dedicated_and_loopback_apply_identical_authoritative_results; arcane_ire_and_dross_four_states_persist_independently,proven,goals 1-8 implementation plus Goal 9 integrated audit,docs/magic-qualification-implementation.md
docs/magic-sequence.md:214,Dependency graph,qualification needs the complete social and technical loop.,master,src/arcane.rs; src/arcane_geography.rs; src/arcane_ecology.rs; src/discovery.rs; src/implements.rs; src/workings.rs; src/alchemy.rs; src/dross.rs,randomized_bind_split_merge_activate_disorder_cleanse_loss_recovery_balances; solo_host_dedicated_and_loopback_apply_identical_authoritative_results; arcane_ire_and_dross_four_states_persist_independently,proven,goals 1-8 implementation plus Goal 9 integrated audit,docs/magic-qualification-implementation.md
docs/magic-sequence.md:235,Goal 1,"exact Current/charge/dross units and reservoirs,",master,src/arcane.rs; src/arcane_geography.rs; src/arcane_ecology.rs; src/discovery.rs; src/implements.rs; src/workings.rs; src/alchemy.rs; src/dross.rs,randomized_bind_split_merge_activate_disorder_cleanse_loss_recovery_balances; solo_host_dedicated_and_loopback_apply_identical_authoritative_results; arcane_ire_and_dross_four_states_persist_independently,proven,goals 1-8 implementation plus Goal 9 integrated audit,docs/magic-qualification-implementation.md
docs/magic-sequence.md:236,Goal 1,"atomic arcane transfers and audits,",master,src/arcane.rs; src/arcane_geography.rs; src/arcane_ecology.rs; src/discovery.rs; src/implements.rs; src/workings.rs; src/alchemy.rs; src/dross.rs,randomized_bind_split_merge_activate_disorder_cleanse_loss_recovery_balances; solo_host_dedicated_and_loopback_apply_identical_authoritative_results; arcane_ire_and_dross_four_states_persist_independently,proven,goals 1-8 implementation plus Goal 9 integrated audit,docs/magic-qualification-implementation.md
docs/magic-sequence.md:237,Goal 1,"server, persistence, wire, agent, and mod foundations,",master,src/arcane.rs; src/arcane_geography.rs; src/arcane_ecology.rs; src/discovery.rs; src/implements.rs; src/workings.rs; src/alchemy.rs; src/dross.rs,randomized_bind_split_merge_activate_disorder_cleanse_loss_recovery_balances; solo_host_dedicated_and_loopback_apply_identical_authoritative_results; arcane_ire_and_dross_four_states_persist_independently,proven,goals 1-8 implementation plus Goal 9 integrated audit,docs/magic-qualification-implementation.md
docs/magic-sequence.md:238,Goal 1,"explicit separation from Ire and ordinary material accounting,",master,src/arcane.rs; src/arcane_geography.rs; src/arcane_ecology.rs; src/discovery.rs; src/implements.rs; src/workings.rs; src/alchemy.rs; src/dross.rs,randomized_bind_split_merge_activate_disorder_cleanse_loss_recovery_balances; solo_host_dedicated_and_loopback_apply_identical_authoritative_results; arcane_ire_and_dross_four_states_persist_independently,proven,goals 1-8 implementation plus Goal 9 integrated audit,docs/magic-qualification-implementation.md
docs/magic-sequence.md:239,Goal 1,deterministic headless simulation with no player magic yet.,master,src/arcane.rs; src/arcane_geography.rs; src/arcane_ecology.rs; src/discovery.rs; src/implements.rs; src/workings.rs; src/alchemy.rs; src/dross.rs,randomized_bind_split_merge_activate_disorder_cleanse_loss_recovery_balances; solo_host_dedicated_and_loopback_apply_identical_authoritative_results; arcane_ire_and_dross_four_states_persist_independently,proven,goals 1-8 implementation plus Goal 9 integrated audit,docs/magic-qualification-implementation.md
docs/magic-sequence.md:249,Goal 2,"planet-wide capacity, conductivity, resonance, and deep-reserve layers,",master,src/arcane.rs; src/arcane_geography.rs; src/arcane_ecology.rs; src/discovery.rs; src/implements.rs; src/workings.rs; src/alchemy.rs; src/dross.rs,randomized_bind_split_merge_activate_disorder_cleanse_loss_recovery_balances; solo_host_dedicated_and_loopback_apply_identical_authoritative_results; arcane_ire_and_dross_four_states_persist_independently,proven,goals 1-8 implementation plus Goal 9 integrated audit,docs/magic-qualification-implementation.md
docs/magic-sequence.md:250,Goal 2,"conservative Current and dross transport across every face seam,",master,src/arcane.rs; src/arcane_geography.rs; src/arcane_ecology.rs; src/discovery.rs; src/implements.rs; src/workings.rs; src/alchemy.rs; src/dross.rs,randomized_bind_split_merge_activate_disorder_cleanse_loss_recovery_balances; solo_host_dedicated_and_loopback_apply_identical_authoritative_results; arcane_ire_and_dross_four_states_persist_independently,proven,goals 1-8 implementation plus Goal 9 integrated audit,docs/magic-qualification-implementation.md
docs/magic-sequence.md:251,Goal 2,"confluences, stills, wakes, echoes, heartshadows, and scars as places,",master,src/arcane.rs; src/arcane_geography.rs; src/arcane_ecology.rs; src/discovery.rs; src/implements.rs; src/workings.rs; src/alchemy.rs; src/dross.rs,randomized_bind_split_merge_activate_disorder_cleanse_loss_recovery_balances; solo_host_dedicated_and_loopback_apply_identical_authoritative_results; arcane_ire_and_dross_four_states_persist_independently,proven,goals 1-8 implementation plus Goal 9 integrated audit,docs/magic-qualification-implementation.md
docs/magic-sequence.md:252,Goal 2,"climate- and geology-caused magical geography,",master,src/arcane.rs; src/arcane_geography.rs; src/arcane_ecology.rs; src/discovery.rs; src/implements.rs; src/workings.rs; src/alchemy.rs; src/dross.rs,randomized_bind_split_merge_activate_disorder_cleanse_loss_recovery_balances; solo_host_dedicated_and_loopback_apply_identical_authoritative_results; arcane_ire_and_dross_four_states_persist_independently,proven,goals 1-8 implementation plus Goal 9 integrated audit,docs/magic-qualification-implementation.md
docs/magic-sequence.md:253,Goal 2,"atlas exports, surveys, and long-run equilibrium tests.",master,src/arcane.rs; src/arcane_geography.rs; src/arcane_ecology.rs; src/discovery.rs; src/implements.rs; src/workings.rs; src/alchemy.rs; src/dross.rs,randomized_bind_split_merge_activate_disorder_cleanse_loss_recovery_balances; solo_host_dedicated_and_loopback_apply_identical_authoritative_results; arcane_ire_and_dross_four_states_persist_independently,proven,goals 1-8 implementation plus Goal 9 integrated audit,docs/magic-qualification-implementation.md
docs/magic-sequence.md:263,Goal 3,"magical plants and minerals with actual cycle roles,",master,src/arcane.rs; src/arcane_geography.rs; src/arcane_ecology.rs; src/discovery.rs; src/implements.rs; src/workings.rs; src/alchemy.rs; src/dross.rs,randomized_bind_split_merge_activate_disorder_cleanse_loss_recovery_balances; solo_host_dedicated_and_loopback_apply_identical_authoritative_results; arcane_ire_and_dross_four_states_persist_independently,proven,goals 1-8 implementation plus Goal 9 integrated audit,docs/magic-qualification-implementation.md
docs/magic-sequence.md:264,Goal 3,"climate-correct confluence ecologies instead of one universal magic biome,",master,src/arcane.rs; src/arcane_geography.rs; src/arcane_ecology.rs; src/discovery.rs; src/implements.rs; src/workings.rs; src/alchemy.rs; src/dross.rs,randomized_bind_split_merge_activate_disorder_cleanse_loss_recovery_balances; solo_host_dedicated_and_loopback_apply_identical_authoritative_results; arcane_ire_and_dross_four_states_persist_independently,proven,goals 1-8 implementation plus Goal 9 integrated audit,docs/magic-qualification-implementation.md
docs/magic-sequence.md:265,Goal 3,"growing charge-bearing crystals with exact accounting,",master,src/arcane.rs; src/arcane_geography.rs; src/arcane_ecology.rs; src/discovery.rs; src/implements.rs; src/workings.rs; src/alchemy.rs; src/dross.rs,randomized_bind_split_merge_activate_disorder_cleanse_loss_recovery_balances; solo_host_dedicated_and_loopback_apply_identical_authoritative_results; arcane_ire_and_dross_four_states_persist_independently,proven,goals 1-8 implementation plus Goal 9 integrated audit,docs/magic-qualification-implementation.md
docs/magic-sequence.md:266,Goal 3,"renewable habitat cycles and finite geological magical resources,",master,src/arcane.rs; src/arcane_geography.rs; src/arcane_ecology.rs; src/discovery.rs; src/implements.rs; src/workings.rs; src/alchemy.rs; src/dross.rs,randomized_bind_split_merge_activate_disorder_cleanse_loss_recovery_balances; solo_host_dedicated_and_loopback_apply_identical_authoritative_results; arcane_ire_and_dross_four_states_persist_independently,proven,goals 1-8 implementation plus Goal 9 integrated audit,docs/magic-qualification-implementation.md
docs/magic-sequence.md:267,Goal 3,"warden, heart, water, soil, fire, and biome integration.",master,src/arcane.rs; src/arcane_geography.rs; src/arcane_ecology.rs; src/discovery.rs; src/implements.rs; src/workings.rs; src/alchemy.rs; src/dross.rs,randomized_bind_split_merge_activate_disorder_cleanse_loss_recovery_balances; solo_host_dedicated_and_loopback_apply_identical_authoritative_results; arcane_ire_and_dross_four_states_persist_independently,proven,goals 1-8 implementation plus Goal 9 integrated audit,docs/magic-qualification-implementation.md
docs/magic-sequence.md:277,Goal 4 — implemented and production-qualified 2026-08-02,"an archaeological entry into player magic,",master,src/arcane.rs; src/arcane_geography.rs; src/arcane_ecology.rs; src/discovery.rs; src/implements.rs; src/workings.rs; src/alchemy.rs; src/dross.rs,randomized_bind_split_merge_activate_disorder_cleanse_loss_recovery_balances; solo_host_dedicated_and_loopback_apply_identical_authoritative_results; arcane_ire_and_dross_four_states_persist_independently,proven,goals 1-8 implementation plus Goal 9 integrated audit,docs/magic-qualification-implementation.md
docs/magic-sequence.md:278,Goal 4 — implemented and production-qualified 2026-08-02,"the tuning lens and field observation,",master,src/arcane.rs; src/arcane_geography.rs; src/arcane_ecology.rs; src/discovery.rs; src/implements.rs; src/workings.rs; src/alchemy.rs; src/dross.rs,randomized_bind_split_merge_activate_disorder_cleanse_loss_recovery_balances; solo_host_dedicated_and_loopback_apply_identical_authoritative_results; arcane_ire_and_dross_four_states_persist_independently,proven,goals 1-8 implementation plus Goal 9 integrated audit,docs/magic-qualification-implementation.md
docs/magic-sequence.md:279,Goal 4 — implemented and production-qualified 2026-08-02,"experiment-based discovery rather than scan grinding,",master,src/arcane.rs; src/arcane_geography.rs; src/arcane_ecology.rs; src/discovery.rs; src/implements.rs; src/workings.rs; src/alchemy.rs; src/dross.rs,randomized_bind_split_merge_activate_disorder_cleanse_loss_recovery_balances; solo_host_dedicated_and_loopback_apply_identical_authoritative_results; arcane_ire_and_dross_four_states_persist_independently,proven,goals 1-8 implementation plus Goal 9 integrated audit,docs/magic-qualification-implementation.md
docs/magic-sequence.md:280,Goal 4 — implemented and production-qualified 2026-08-02,"copyable physical records and settlement libraries,",master,src/arcane.rs; src/arcane_geography.rs; src/arcane_ecology.rs; src/discovery.rs; src/implements.rs; src/workings.rs; src/alchemy.rs; src/dross.rs,randomized_bind_split_merge_activate_disorder_cleanse_loss_recovery_balances; solo_host_dedicated_and_loopback_apply_identical_authoritative_results; arcane_ire_and_dross_four_states_persist_independently,proven,goals 1-8 implementation plus Goal 9 integrated audit,docs/magic-qualification-implementation.md
docs/magic-sequence.md:281,Goal 4 — implemented and production-qualified 2026-08-02,shared multiplayer knowledge with no permanent class locks.,master,src/arcane.rs; src/arcane_geography.rs; src/arcane_ecology.rs; src/discovery.rs; src/implements.rs; src/workings.rs; src/alchemy.rs; src/dross.rs,randomized_bind_split_merge_activate_disorder_cleanse_loss_recovery_balances; solo_host_dedicated_and_loopback_apply_identical_authoritative_results; arcane_ire_and_dross_four_states_persist_independently,proven,goals 1-8 implementation plus Goal 9 integrated audit,docs/magic-qualification-implementation.md
docs/magic-sequence.md:291,Goal 5 — implemented and production-qualified 2026-08-03,"craftable versions of the existing ruin charms,",master,src/arcane.rs; src/arcane_geography.rs; src/arcane_ecology.rs; src/discovery.rs; src/implements.rs; src/workings.rs; src/alchemy.rs; src/dross.rs,randomized_bind_split_merge_activate_disorder_cleanse_loss_recovery_balances; solo_host_dedicated_and_loopback_apply_identical_authoritative_results; arcane_ire_and_dross_four_states_persist_independently,proven,goals 1-8 implementation plus Goal 9 integrated audit,docs/magic-qualification-implementation.md
docs/magic-sequence.md:292,Goal 5 — implemented and production-qualified 2026-08-03,"component-built wands with different material behavior,",master,src/arcane.rs; src/arcane_geography.rs; src/arcane_ecology.rs; src/discovery.rs; src/implements.rs; src/workings.rs; src/alchemy.rs; src/dross.rs,randomized_bind_split_merge_activate_disorder_cleanse_loss_recovery_balances; solo_host_dedicated_and_loopback_apply_identical_authoritative_results; arcane_ire_and_dross_four_states_persist_independently,proven,goals 1-8 implementation plus Goal 9 integrated audit,docs/magic-qualification-implementation.md
docs/magic-sequence.md:293,Goal 5 — implemented and production-qualified 2026-08-03,"charge vessels, foci, safe containment, and embodied workshop apparatus,",master,src/arcane.rs; src/arcane_geography.rs; src/arcane_ecology.rs; src/discovery.rs; src/implements.rs; src/workings.rs; src/alchemy.rs; src/dross.rs,randomized_bind_split_merge_activate_disorder_cleanse_loss_recovery_balances; solo_host_dedicated_and_loopback_apply_identical_authoritative_results; arcane_ire_and_dross_four_states_persist_independently,proven,goals 1-8 implementation plus Goal 9 integrated audit,docs/magic-qualification-implementation.md
docs/magic-sequence.md:294,Goal 5 — implemented and production-qualified 2026-08-03,"one charm slot and no linear best-item ladder,",master,src/arcane.rs; src/arcane_geography.rs; src/arcane_ecology.rs; src/discovery.rs; src/implements.rs; src/workings.rs; src/alchemy.rs; src/dross.rs,randomized_bind_split_merge_activate_disorder_cleanse_loss_recovery_balances; solo_host_dedicated_and_loopback_apply_identical_authoritative_results; arcane_ire_and_dross_four_states_persist_independently,proven,goals 1-8 implementation plus Goal 9 integrated audit,docs/magic-qualification-implementation.md
docs/magic-sequence.md:295,Goal 5 — implemented and production-qualified 2026-08-03,"complete durability, salvage, wire, and mod behavior.",master,src/arcane.rs; src/arcane_geography.rs; src/arcane_ecology.rs; src/discovery.rs; src/implements.rs; src/workings.rs; src/alchemy.rs; src/dross.rs,randomized_bind_split_merge_activate_disorder_cleanse_loss_recovery_balances; solo_host_dedicated_and_loopback_apply_identical_authoritative_results; arcane_ire_and_dross_four_states_persist_independently,proven,goals 1-8 implementation plus Goal 9 integrated audit,docs/magic-qualification-implementation.md
docs/magic-sequence.md:305,Goal 6 — implemented and production-qualified 2026-08-03,"useful sensing, binding, moving, accelerating, preserving, and stabilizing",master,src/arcane.rs; src/arcane_geography.rs; src/arcane_ecology.rs; src/discovery.rs; src/implements.rs; src/workings.rs; src/alchemy.rs; src/dross.rs,randomized_bind_split_merge_activate_disorder_cleanse_loss_recovery_balances; solo_host_dedicated_and_loopback_apply_identical_authoritative_results; arcane_ire_and_dross_four_states_persist_independently,proven,goals 1-8 implementation plus Goal 9 integrated audit,docs/magic-qualification-implementation.md
docs/magic-sequence.md:307,Goal 6 — implemented and production-qualified 2026-08-03,"efficient constructed rituals and flexible wand use,",master,src/arcane.rs; src/arcane_geography.rs; src/arcane_ecology.rs; src/discovery.rs; src/implements.rs; src/workings.rs; src/alchemy.rs; src/dross.rs,randomized_bind_split_merge_activate_disorder_cleanse_loss_recovery_balances; solo_host_dedicated_and_loopback_apply_identical_authoritative_results; arcane_ire_and_dross_four_states_persist_independently,proven,goals 1-8 implementation plus Goal 9 integrated audit,docs/magic-qualification-implementation.md
docs/magic-sequence.md:308,Goal 6 — implemented and production-qualified 2026-08-03,"atomic Current/material/water/ecology effect transactions,",master,src/arcane.rs; src/arcane_geography.rs; src/arcane_ecology.rs; src/discovery.rs; src/implements.rs; src/workings.rs; src/alchemy.rs; src/dross.rs,randomized_bind_split_merge_activate_disorder_cleanse_loss_recovery_balances; solo_host_dedicated_and_loopback_apply_identical_authoritative_results; arcane_ire_and_dross_four_states_persist_independently,proven,goals 1-8 implementation plus Goal 9 integrated audit,docs/magic-qualification-implementation.md
docs/magic-sequence.md:309,Goal 6 — implemented and production-qualified 2026-08-03,"wards with continuous costs rather than absolute safety,",master,src/arcane.rs; src/arcane_geography.rs; src/arcane_ecology.rs; src/discovery.rs; src/implements.rs; src/workings.rs; src/alchemy.rs; src/dross.rs,randomized_bind_split_merge_activate_disorder_cleanse_loss_recovery_balances; solo_host_dedicated_and_loopback_apply_identical_authoritative_results; arcane_ire_and_dross_four_states_persist_independently,proven,goals 1-8 implementation plus Goal 9 integrated audit,docs/magic-qualification-implementation.md
docs/magic-sequence.md:310,Goal 6 — implemented and production-qualified 2026-08-03,"hard guards against conjuration, transmutation, teleportation, and",master,src/arcane.rs; src/arcane_geography.rs; src/arcane_ecology.rs; src/discovery.rs; src/implements.rs; src/workings.rs; src/alchemy.rs; src/dross.rs,randomized_bind_split_merge_activate_disorder_cleanse_loss_recovery_balances; solo_host_dedicated_and_loopback_apply_identical_authoritative_results; arcane_ire_and_dross_four_states_persist_independently,proven,goals 1-8 implementation plus Goal 9 integrated audit,docs/magic-qualification-implementation.md
docs/magic-sequence.md:321,Goal 7 — implemented and production-qualified 2026-08-03,"physical brewing, extraction, distillation, and infusion,",master,src/arcane.rs; src/arcane_geography.rs; src/arcane_ecology.rs; src/discovery.rs; src/implements.rs; src/workings.rs; src/alchemy.rs; src/dross.rs,randomized_bind_split_merge_activate_disorder_cleanse_loss_recovery_balances; solo_host_dedicated_and_loopback_apply_identical_authoritative_results; arcane_ire_and_dross_four_states_persist_independently,proven,goals 1-8 implementation plus Goal 9 integrated audit,docs/magic-qualification-implementation.md
docs/magic-sequence.md:322,Goal 7 — implemented and production-qualified 2026-08-03,"reusable vessels and finite solvents,",master,src/arcane.rs; src/arcane_geography.rs; src/arcane_ecology.rs; src/discovery.rs; src/implements.rs; src/workings.rs; src/alchemy.rs; src/dross.rs,randomized_bind_split_merge_activate_disorder_cleanse_loss_recovery_balances; solo_host_dedicated_and_loopback_apply_identical_authoritative_results; arcane_ire_and_dross_four_states_persist_independently,proven,goals 1-8 implementation plus Goal 9 integrated audit,docs/magic-qualification-implementation.md
docs/magic-sequence.md:323,Goal 7 — implemented and production-qualified 2026-08-03,"preparations carrying ingredients and bound charge,",master,src/arcane.rs; src/arcane_geography.rs; src/arcane_ecology.rs; src/discovery.rs; src/implements.rs; src/workings.rs; src/alchemy.rs; src/dross.rs,randomized_bind_split_merge_activate_disorder_cleanse_loss_recovery_balances; solo_host_dedicated_and_loopback_apply_identical_authoritative_results; arcane_ire_and_dross_four_states_persist_independently,proven,goals 1-8 implementation plus Goal 9 integrated audit,docs/magic-qualification-implementation.md
docs/magic-sequence.md:324,Goal 7 — implemented and production-qualified 2026-08-03,"healing, perception, cultivation, resistance, and remediation preparations",master,src/arcane.rs; src/arcane_geography.rs; src/arcane_ecology.rs; src/discovery.rs; src/implements.rs; src/workings.rs; src/alchemy.rs; src/dross.rs,randomized_bind_split_merge_activate_disorder_cleanse_loss_recovery_balances; solo_host_dedicated_and_loopback_apply_identical_authoritative_results; arcane_ire_and_dross_four_states_persist_independently,proven,goals 1-8 implementation plus Goal 9 integrated audit,docs/magic-qualification-implementation.md
docs/magic-sequence.md:326,Goal 7 — implemented and production-qualified 2026-08-03,"residues, spoilage where useful, dosage, and server-authoritative effects.",master,src/arcane.rs; src/arcane_geography.rs; src/arcane_ecology.rs; src/discovery.rs; src/implements.rs; src/workings.rs; src/alchemy.rs; src/dross.rs,randomized_bind_split_merge_activate_disorder_cleanse_loss_recovery_balances; solo_host_dedicated_and_loopback_apply_identical_authoritative_results; arcane_ire_and_dross_four_states_persist_independently,proven,goals 1-8 implementation plus Goal 9 integrated audit,docs/magic-qualification-implementation.md
docs/magic-sequence.md:336,Goal 8,"complete dross generation from every magical practice,",master,src/arcane.rs; src/arcane_geography.rs; src/arcane_ecology.rs; src/discovery.rs; src/implements.rs; src/workings.rs; src/alchemy.rs; src/dross.rs,randomized_bind_split_merge_activate_disorder_cleanse_loss_recovery_balances; solo_host_dedicated_and_loopback_apply_identical_authoritative_results; arcane_ire_and_dross_four_states_persist_independently,proven,goals 1-8 implementation plus Goal 9 integrated audit,docs/magic-qualification-implementation.md
docs/magic-sequence.md:337,Goal 8,"staged, visible, deterministic scarring,",master,src/arcane.rs; src/arcane_geography.rs; src/arcane_ecology.rs; src/discovery.rs; src/implements.rs; src/workings.rs; src/alchemy.rs; src/dross.rs,randomized_bind_split_merge_activate_disorder_cleanse_loss_recovery_balances; solo_host_dedicated_and_loopback_apply_identical_authoritative_results; arcane_ire_and_dross_four_states_persist_independently,proven,goals 1-8 implementation plus Goal 9 integrated audit,docs/magic-qualification-implementation.md
docs/magic-sequence.md:338,Goal 8,"magical weather, organisms, hazards, and breaches without block",master,src/arcane.rs; src/arcane_geography.rs; src/arcane_ecology.rs; src/discovery.rs; src/implements.rs; src/workings.rs; src/alchemy.rs; src/dross.rs,randomized_bind_split_merge_activate_disorder_cleanse_loss_recovery_balances; solo_host_dedicated_and_loopback_apply_identical_authoritative_results; arcane_ire_and_dross_four_states_persist_independently,proven,goals 1-8 implementation plus Goal 9 integrated audit,docs/magic-qualification-implementation.md
docs/magic-sequence.md:340,Goal 8,"transport through air and water without violating either ledger,",master,src/arcane.rs; src/arcane_geography.rs; src/arcane_ecology.rs; src/discovery.rs; src/implements.rs; src/workings.rs; src/alchemy.rs; src/dross.rs,randomized_bind_split_merge_activate_disorder_cleanse_loss_recovery_balances; solo_host_dedicated_and_loopback_apply_identical_authoritative_results; arcane_ire_and_dross_four_states_persist_independently,proven,goals 1-8 implementation plus Goal 9 integrated audit,docs/magic-qualification-implementation.md
docs/magic-sequence.md:341,Goal 8,"containment, treatment, recovery, attribution, and social evidence.",master,src/arcane.rs; src/arcane_geography.rs; src/arcane_ecology.rs; src/discovery.rs; src/implements.rs; src/workings.rs; src/alchemy.rs; src/dross.rs,randomized_bind_split_merge_activate_disorder_cleanse_loss_recovery_balances; solo_host_dedicated_and_loopback_apply_identical_authoritative_results; arcane_ire_and_dross_four_states_persist_independently,proven,goals 1-8 implementation plus Goal 9 integrated audit,docs/magic-qualification-implementation.md
docs/magic-sequence.md:351,Goal 9,"requirement-by-requirement audit of goals 1–8,",master,src/arcane.rs; src/arcane_geography.rs; src/arcane_ecology.rs; src/discovery.rs; src/implements.rs; src/workings.rs; src/alchemy.rs; src/dross.rs,randomized_bind_split_merge_activate_disorder_cleanse_loss_recovery_balances; solo_host_dedicated_and_loopback_apply_identical_authoritative_results; arcane_ire_and_dross_four_states_persist_independently,proven,goals 1-8 implementation plus Goal 9 integrated audit,docs/magic-qualification-implementation.md
docs/magic-sequence.md:352,Goal 9,"exact arcane, material, and water reconciliation,",master,src/arcane.rs; src/arcane_geography.rs; src/arcane_ecology.rs; src/discovery.rs; src/implements.rs; src/workings.rs; src/alchemy.rs; src/dross.rs,randomized_bind_split_merge_activate_disorder_cleanse_loss_recovery_balances; solo_host_dedicated_and_loopback_apply_identical_authoritative_results; arcane_ire_and_dross_four_states_persist_independently,proven,goals 1-8 implementation plus Goal 9 integrated audit,docs/magic-qualification-implementation.md
docs/magic-sequence.md:353,Goal 9,"long simulation and abuse scenarios,",master,src/arcane.rs; src/arcane_geography.rs; src/arcane_ecology.rs; src/discovery.rs; src/implements.rs; src/workings.rs; src/alchemy.rs; src/dross.rs,randomized_bind_split_merge_activate_disorder_cleanse_loss_recovery_balances; solo_host_dedicated_and_loopback_apply_identical_authoritative_results; arcane_ire_and_dross_four_states_persist_independently,proven,goals 1-8 implementation plus Goal 9 integrated audit,docs/magic-qualification-implementation.md
docs/magic-sequence.md:354,Goal 9,"multiplayer, mod, save, crash, agent, and performance qualification,",master,src/arcane.rs; src/arcane_geography.rs; src/arcane_ecology.rs; src/discovery.rs; src/implements.rs; src/workings.rs; src/alchemy.rs; src/dross.rs,randomized_bind_split_merge_activate_disorder_cleanse_loss_recovery_balances; solo_host_dedicated_and_loopback_apply_identical_authoritative_results; arcane_ire_and_dross_four_states_persist_independently,proven,goals 1-8 implementation plus Goal 9 integrated audit,docs/magic-qualification-implementation.md
docs/magic-sequence.md:355,Goal 9,"final visual, audio, naming, documentation, and progression review,",master,src/arcane.rs; src/arcane_geography.rs; src/arcane_ecology.rs; src/discovery.rs; src/implements.rs; src/workings.rs; src/alchemy.rs; src/dross.rs,randomized_bind_split_merge_activate_disorder_cleanse_loss_recovery_balances; solo_host_dedicated_and_loopback_apply_identical_authoritative_results; arcane_ire_and_dross_four_states_persist_independently,proven,goals 1-8 implementation plus Goal 9 integrated audit,docs/magic-qualification-implementation.md
docs/magic-sequence.md:356,Goal 9,removal of every unaccounted or placeholder shipping path.,master,src/arcane.rs; src/arcane_geography.rs; src/arcane_ecology.rs; src/discovery.rs; src/implements.rs; src/workings.rs; src/alchemy.rs; src/dross.rs,randomized_bind_split_merge_activate_disorder_cleanse_loss_recovery_balances; solo_host_dedicated_and_loopback_apply_identical_authoritative_results; arcane_ire_and_dross_four_states_persist_independently,proven,goals 1-8 implementation plus Goal 9 integrated audit,docs/magic-qualification-implementation.md
docs/magic-sequence.md:362,Goal-run contract,"Read this master document, its target document, and every prerequisite.",master,src/arcane.rs; src/arcane_geography.rs; src/arcane_ecology.rs; src/discovery.rs; src/implements.rs; src/workings.rs; src/alchemy.rs; src/dross.rs,randomized_bind_split_merge_activate_disorder_cleanse_loss_recovery_balances; solo_host_dedicated_and_loopback_apply_identical_authoritative_results; arcane_ire_and_dross_four_states_persist_independently,proven,goals 1-8 implementation plus Goal 9 integrated audit,docs/magic-qualification-implementation.md
docs/magic-sequence.md:363,Goal-run contract,Inspect current code and implementation records instead of assuming an,master,src/arcane.rs; src/arcane_geography.rs; src/arcane_ecology.rs; src/discovery.rs; src/implements.rs; src/workings.rs; src/alchemy.rs; src/dross.rs,randomized_bind_split_merge_activate_disorder_cleanse_loss_recovery_balances; solo_host_dedicated_and_loopback_apply_identical_authoritative_results; arcane_ire_and_dross_four_states_persist_independently,proven,goals 1-8 implementation plus Goal 9 integrated audit,docs/magic-qualification-implementation.md
docs/magic-sequence.md:365,Goal-run contract,"Derive a checklist from every explicit requirement, artifact, invariant,",master,src/arcane.rs; src/arcane_geography.rs; src/arcane_ecology.rs; src/discovery.rs; src/implements.rs; src/workings.rs; src/alchemy.rs; src/dross.rs,randomized_bind_split_merge_activate_disorder_cleanse_loss_recovery_balances; solo_host_dedicated_and_loopback_apply_identical_authoritative_results; arcane_ire_and_dross_four_states_persist_independently,proven,goals 1-8 implementation plus Goal 9 integrated audit,docs/magic-qualification-implementation.md
docs/magic-sequence.md:367,Goal-run contract,"Implement the complete target across persistence, multiplayer, headless,",master,src/arcane.rs; src/arcane_geography.rs; src/arcane_ecology.rs; src/discovery.rs; src/implements.rs; src/workings.rs; src/alchemy.rs; src/dross.rs,randomized_bind_split_merge_activate_disorder_cleanse_loss_recovery_balances; solo_host_dedicated_and_loopback_apply_identical_authoritative_results; arcane_ire_and_dross_four_states_persist_independently,proven,goals 1-8 implementation plus Goal 9 integrated audit,docs/magic-qualification-implementation.md
docs/magic-sequence.md:369,Goal-run contract,Use fixed-point authoritative accounting for conserved planetary state.,master,src/arcane.rs; src/arcane_geography.rs; src/arcane_ecology.rs; src/discovery.rs; src/implements.rs; src/workings.rs; src/alchemy.rs; src/dross.rs,randomized_bind_split_merge_activate_disorder_cleanse_loss_recovery_balances; solo_host_dedicated_and_loopback_apply_identical_authoritative_results; arcane_ire_and_dross_four_states_persist_independently,proven,goals 1-8 implementation plus Goal 9 integrated audit,docs/magic-qualification-implementation.md
docs/magic-sequence.md:370,Goal-run contract,Keep worldgen and coarse simulation deterministic and independent of,master,src/arcane.rs; src/arcane_geography.rs; src/arcane_ecology.rs; src/discovery.rs; src/implements.rs; src/workings.rs; src/alchemy.rs; src/dross.rs,randomized_bind_split_merge_activate_disorder_cleanse_loss_recovery_balances; solo_host_dedicated_and_loopback_apply_identical_authoritative_results; arcane_ire_and_dross_four_states_persist_independently,proven,goals 1-8 implementation plus Goal 9 integrated audit,docs/magic-qualification-implementation.md
docs/magic-sequence.md:372,Goal-run contract,Preserve established Wildforge behavior except where this sequence,master,src/arcane.rs; src/arcane_geography.rs; src/arcane_ecology.rs; src/discovery.rs; src/implements.rs; src/workings.rs; src/alchemy.rs; src/dross.rs,randomized_bind_split_merge_activate_disorder_cleanse_loss_recovery_balances; solo_host_dedicated_and_loopback_apply_identical_authoritative_results; arcane_ire_and_dross_four_states_persist_independently,proven,goals 1-8 implementation plus Goal 9 integrated audit,docs/magic-qualification-implementation.md
docs/magic-sequence.md:374,Goal-run contract,Run tests proportionate to intermediate risk and all required gates before,master,src/arcane.rs; src/arcane_geography.rs; src/arcane_ecology.rs; src/discovery.rs; src/implements.rs; src/workings.rs; src/alchemy.rs; src/dross.rs,randomized_bind_split_merge_activate_disorder_cleanse_loss_recovery_balances; solo_host_dedicated_and_loopback_apply_identical_authoritative_results; arcane_ire_and_dross_four_states_persist_independently,proven,goals 1-8 implementation plus Goal 9 integrated audit,docs/magic-qualification-implementation.md
docs/magic-sequence.md:376,Goal-run contract,Prepend an implementation record to the target document containing:,master,src/arcane.rs; src/arcane_geography.rs; src/arcane_ecology.rs; src/discovery.rs; src/implements.rs; src/workings.rs; src/alchemy.rs; src/dross.rs,randomized_bind_split_merge_activate_disorder_cleanse_loss_recovery_balances; solo_host_dedicated_and_loopback_apply_identical_authoritative_results; arcane_ire_and_dross_four_states_persist_independently,proven,goals 1-8 implementation plus Goal 9 integrated audit,docs/magic-qualification-implementation.md
docs/magic-sequence.md:377,Goal-run contract,"implementation date,",master,src/arcane.rs; src/arcane_geography.rs; src/arcane_ecology.rs; src/discovery.rs; src/implements.rs; src/workings.rs; src/alchemy.rs; src/dross.rs,randomized_bind_split_merge_activate_disorder_cleanse_loss_recovery_balances; solo_host_dedicated_and_loopback_apply_identical_authoritative_results; arcane_ire_and_dross_four_states_persist_independently,proven,goals 1-8 implementation plus Goal 9 integrated audit,docs/magic-qualification-implementation.md
docs/magic-sequence.md:378,Goal-run contract,"notes versus specification,",master,src/arcane.rs; src/arcane_geography.rs; src/arcane_ecology.rs; src/discovery.rs; src/implements.rs; src/workings.rs; src/alchemy.rs; src/dross.rs,randomized_bind_split_merge_activate_disorder_cleanse_loss_recovery_balances; solo_host_dedicated_and_loopback_apply_identical_authoritative_results; arcane_ire_and_dross_four_states_persist_independently,proven,goals 1-8 implementation plus Goal 9 integrated audit,docs/magic-qualification-implementation.md
docs/magic-sequence.md:379,Goal-run contract,"format/protocol/content versions,",master,src/arcane.rs; src/arcane_geography.rs; src/arcane_ecology.rs; src/discovery.rs; src/implements.rs; src/workings.rs; src/alchemy.rs; src/dross.rs,randomized_bind_split_merge_activate_disorder_cleanse_loss_recovery_balances; solo_host_dedicated_and_loopback_apply_identical_authoritative_results; arcane_ire_and_dross_four_states_persist_independently,proven,goals 1-8 implementation plus Goal 9 integrated audit,docs/magic-qualification-implementation.md
docs/magic-sequence.md:380,Goal-run contract,"measured budgets,",master,src/arcane.rs; src/arcane_geography.rs; src/arcane_ecology.rs; src/discovery.rs; src/implements.rs; src/workings.rs; src/alchemy.rs; src/dross.rs,randomized_bind_split_merge_activate_disorder_cleanse_loss_recovery_balances; solo_host_dedicated_and_loopback_apply_identical_authoritative_results; arcane_ire_and_dross_four_states_persist_independently,proven,goals 1-8 implementation plus Goal 9 integrated audit,docs/magic-qualification-implementation.md
docs/magic-sequence.md:381,Goal-run contract,"verification evidence,",master,src/arcane.rs; src/arcane_geography.rs; src/arcane_ecology.rs; src/discovery.rs; src/implements.rs; src/workings.rs; src/alchemy.rs; src/dross.rs,randomized_bind_split_merge_activate_disorder_cleanse_loss_recovery_balances; solo_host_dedicated_and_loopback_apply_identical_authoritative_results; arcane_ire_and_dross_four_states_persist_independently,proven,goals 1-8 implementation plus Goal 9 integrated audit,docs/magic-qualification-implementation.md
docs/magic-sequence.md:382,Goal-run contract,honest remaining limitations.,master,src/arcane.rs; src/arcane_geography.rs; src/arcane_ecology.rs; src/discovery.rs; src/implements.rs; src/workings.rs; src/alchemy.rs; src/dross.rs,randomized_bind_split_merge_activate_disorder_cleanse_loss_recovery_balances; solo_host_dedicated_and_loopback_apply_identical_authoritative_results; arcane_ire_and_dross_four_states_persist_independently,proven,goals 1-8 implementation plus Goal 9 integrated audit,docs/magic-qualification-implementation.md
docs/magic-sequence.md:383,Goal-run contract,Mark the target implemented only after every completion criterion has,master,src/arcane.rs; src/arcane_geography.rs; src/arcane_ecology.rs; src/discovery.rs; src/implements.rs; src/workings.rs; src/alchemy.rs; src/dross.rs,randomized_bind_split_merge_activate_disorder_cleanse_loss_recovery_balances; solo_host_dedicated_and_loopback_apply_identical_authoritative_results; arcane_ire_and_dross_four_states_persist_independently,proven,goals 1-8 implementation plus Goal 9 integrated audit,docs/magic-qualification-implementation.md
docs/magic-sequence.md:436,Scope guards,"teleportation or portals,",master,src/arcane.rs; src/arcane_geography.rs; src/arcane_ecology.rs; src/discovery.rs; src/implements.rs; src/workings.rs; src/alchemy.rs; src/dross.rs,randomized_bind_split_merge_activate_disorder_cleanse_loss_recovery_balances; solo_host_dedicated_and_loopback_apply_identical_authoritative_results; arcane_ire_and_dross_four_states_persist_independently,proven,goals 1-8 implementation plus Goal 9 integrated audit,docs/magic-qualification-implementation.md
docs/magic-sequence.md:437,Scope guards,"dimensions, planes, or off-planet realms,",master,src/arcane.rs; src/arcane_geography.rs; src/arcane_ecology.rs; src/discovery.rs; src/implements.rs; src/workings.rs; src/alchemy.rs; src/dross.rs,randomized_bind_split_merge_activate_disorder_cleanse_loss_recovery_balances; solo_host_dedicated_and_loopback_apply_identical_authoritative_results; arcane_ire_and_dross_four_states_persist_independently,proven,goals 1-8 implementation plus Goal 9 integrated audit,docs/magic-qualification-implementation.md
docs/magic-sequence.md:438,Scope guards,"player classes, levels, skill points, or permanent magic-user locks,",master,src/arcane.rs; src/arcane_geography.rs; src/arcane_ecology.rs; src/discovery.rs; src/implements.rs; src/workings.rs; src/alchemy.rs; src/dross.rs,randomized_bind_split_merge_activate_disorder_cleanse_loss_recovery_balances; solo_host_dedicated_and_loopback_apply_identical_authoritative_results; arcane_ire_and_dross_four_states_persist_independently,proven,goals 1-8 implementation plus Goal 9 integrated audit,docs/magic-qualification-implementation.md
docs/magic-sequence.md:439,Scope guards,"hundreds of combinatorial aspects,",master,src/arcane.rs; src/arcane_geography.rs; src/arcane_ecology.rs; src/discovery.rs; src/implements.rs; src/workings.rs; src/alchemy.rs; src/dross.rs,randomized_bind_split_merge_activate_disorder_cleanse_loss_recovery_balances; solo_host_dedicated_and_loopback_apply_identical_authoritative_results; arcane_ire_and_dross_four_states_persist_independently,proven,goals 1-8 implementation plus Goal 9 integrated audit,docs/magic-qualification-implementation.md
docs/magic-sequence.md:440,Scope guards,"procedural incantation text treated as content,",master,src/arcane.rs; src/arcane_geography.rs; src/arcane_ecology.rs; src/discovery.rs; src/implements.rs; src/workings.rs; src/alchemy.rs; src/dross.rs,randomized_bind_split_merge_activate_disorder_cleanse_loss_recovery_balances; solo_host_dedicated_and_loopback_apply_identical_authoritative_results; arcane_ire_and_dross_four_states_persist_independently,proven,goals 1-8 implementation plus Goal 9 integrated audit,docs/magic-qualification-implementation.md
docs/magic-sequence.md:441,Scope guards,"secret recipes that one player can permanently deny the server,",master,src/arcane.rs; src/arcane_geography.rs; src/arcane_ecology.rs; src/discovery.rs; src/implements.rs; src/workings.rs; src/alchemy.rs; src/dross.rs,randomized_bind_split_merge_activate_disorder_cleanse_loss_recovery_balances; solo_host_dedicated_and_loopback_apply_identical_authoritative_results; arcane_ire_and_dross_four_states_persist_independently,proven,goals 1-8 implementation plus Goal 9 integrated audit,docs/magic-qualification-implementation.md
docs/magic-sequence.md:442,Scope guards,"formal law, land-claim, faction, or government mechanics,",master,src/arcane.rs; src/arcane_geography.rs; src/arcane_ecology.rs; src/discovery.rs; src/implements.rs; src/workings.rs; src/alchemy.rs; src/dross.rs,randomized_bind_split_merge_activate_disorder_cleanse_loss_recovery_balances; solo_host_dedicated_and_loopback_apply_identical_authoritative_results; arcane_ire_and_dross_four_states_persist_independently,proven,goals 1-8 implementation plus Goal 9 integrated audit,docs/magic-qualification-implementation.md
docs/magic-sequence.md:443,Scope guards,"magical automation that obsoletes transport or mechanization,",master,src/arcane.rs; src/arcane_geography.rs; src/arcane_ecology.rs; src/discovery.rs; src/implements.rs; src/workings.rs; src/alchemy.rs; src/dross.rs,randomized_bind_split_merge_activate_disorder_cleanse_loss_recovery_balances; solo_host_dedicated_and_loopback_apply_identical_authoritative_results; arcane_ire_and_dross_four_states_persist_independently,proven,goals 1-8 implementation plus Goal 9 integrated audit,docs/magic-qualification-implementation.md
docs/magic-sequence.md:444,Scope guards,"a spell for every physical verb,",master,src/arcane.rs; src/arcane_geography.rs; src/arcane_ecology.rs; src/discovery.rs; src/implements.rs; src/workings.rs; src/alchemy.rs; src/dross.rs,randomized_bind_split_merge_activate_disorder_cleanse_loss_recovery_balances; solo_host_dedicated_and_loopback_apply_identical_authoritative_results; arcane_ire_and_dross_four_states_persist_independently,proven,goals 1-8 implementation plus Goal 9 integrated audit,docs/magic-qualification-implementation.md
docs/magic-sequence.md:445,Scope guards,"bosses required for basic magic,",master,src/arcane.rs; src/arcane_geography.rs; src/arcane_ecology.rs; src/discovery.rs; src/implements.rs; src/workings.rs; src/alchemy.rs; src/dross.rs,randomized_bind_split_merge_activate_disorder_cleanse_loss_recovery_balances; solo_host_dedicated_and_loopback_apply_identical_authoritative_results; arcane_ire_and_dross_four_states_persist_independently,proven,goals 1-8 implementation plus Goal 9 integrated audit,docs/magic-qualification-implementation.md
docs/magic-sequence.md:446,Scope guards,irreversible whole-planet contamination as a normal accident.,master,src/arcane.rs; src/arcane_geography.rs; src/arcane_ecology.rs; src/discovery.rs; src/implements.rs; src/workings.rs; src/alchemy.rs; src/dross.rs,randomized_bind_split_merge_activate_disorder_cleanse_loss_recovery_balances; solo_host_dedicated_and_loopback_apply_identical_authoritative_results; arcane_ire_and_dross_four_states_persist_independently,proven,goals 1-8 implementation plus Goal 9 integrated audit,docs/magic-qualification-implementation.md
docs/magic-sequence.md:472,Sequence completion,players can progress from a found old charm to observing and practicing,master,src/arcane.rs; src/arcane_geography.rs; src/arcane_ecology.rs; src/discovery.rs; src/implements.rs; src/workings.rs; src/alchemy.rs; src/dross.rs,randomized_bind_split_merge_activate_disorder_cleanse_loss_recovery_balances; solo_host_dedicated_and_loopback_apply_identical_authoritative_results; arcane_ire_and_dross_four_states_persist_independently,proven,goals 1-8 implementation plus Goal 9 integrated audit,docs/magic-qualification-implementation.md
docs/magic-sequence.md:474,Sequence completion,magical geography and ecology arise from the same finite planet as ordinary,master,src/arcane.rs; src/arcane_geography.rs; src/arcane_ecology.rs; src/discovery.rs; src/implements.rs; src/workings.rs; src/alchemy.rs; src/dross.rs,randomized_bind_split_merge_activate_disorder_cleanse_loss_recovery_balances; solo_host_dedicated_and_loopback_apply_identical_authoritative_results; arcane_ire_and_dross_four_states_persist_independently,proven,goals 1-8 implementation plus Goal 9 integrated audit,docs/magic-qualification-implementation.md
docs/magic-sequence.md:476,Sequence completion,"every crystal, wand, charm, working, preparation, warden manifestation,",master,src/arcane.rs; src/arcane_geography.rs; src/arcane_ecology.rs; src/discovery.rs; src/implements.rs; src/workings.rs; src/alchemy.rs; src/dross.rs,randomized_bind_split_merge_activate_disorder_cleanse_loss_recovery_balances; solo_host_dedicated_and_loopback_apply_identical_authoritative_results; arcane_ire_and_dross_four_states_persist_independently,proven,goals 1-8 implementation plus Goal 9 integrated audit,docs/magic-qualification-implementation.md
docs/magic-sequence.md:478,Sequence completion,"ordinary matter, tracked material, water, and ecological inputs also",master,src/arcane.rs; src/arcane_geography.rs; src/arcane_ecology.rs; src/discovery.rs; src/implements.rs; src/workings.rs; src/alchemy.rs; src/dross.rs,randomized_bind_split_merge_activate_disorder_cleanse_loss_recovery_balances; solo_host_dedicated_and_loopback_apply_identical_authoritative_results; arcane_ire_and_dross_four_states_persist_independently,proven,goals 1-8 implementation plus Goal 9 integrated audit,docs/magic-qualification-implementation.md
docs/magic-sequence.md:480,Sequence completion,"careless magic produces legible, attributable, serious consequences,",master,src/arcane.rs; src/arcane_geography.rs; src/arcane_ecology.rs; src/discovery.rs; src/implements.rs; src/workings.rs; src/alchemy.rs; src/dross.rs,randomized_bind_split_merge_activate_disorder_cleanse_loss_recovery_balances; solo_host_dedicated_and_loopback_apply_identical_authoritative_results; arcane_ire_and_dross_four_states_persist_independently,proven,goals 1-8 implementation plus Goal 9 integrated audit,docs/magic-qualification-implementation.md
docs/magic-sequence.md:481,Sequence completion,"careful prevention and costly recovery both work,",master,src/arcane.rs; src/arcane_geography.rs; src/arcane_ecology.rs; src/discovery.rs; src/implements.rs; src/workings.rs; src/alchemy.rs; src/dross.rs,randomized_bind_split_merge_activate_disorder_cleanse_loss_recovery_balances; solo_host_dedicated_and_loopback_apply_identical_authoritative_results; arcane_ire_and_dross_four_states_persist_independently,proven,goals 1-8 implementation plus Goal 9 integrated audit,docs/magic-qualification-implementation.md
docs/magic-sequence.md:482,Sequence completion,"construction remains permanent,",master,src/arcane.rs; src/arcane_geography.rs; src/arcane_ecology.rs; src/discovery.rs; src/implements.rs; src/workings.rs; src/alchemy.rs; src/dross.rs,randomized_bind_split_merge_activate_disorder_cleanse_loss_recovery_balances; solo_host_dedicated_and_loopback_apply_identical_authoritative_results; arcane_ire_and_dross_four_states_persist_independently,proven,goals 1-8 implementation plus Goal 9 integrated audit,docs/magic-qualification-implementation.md
docs/magic-sequence.md:483,Sequence completion,"multiplayer, dedicated hosting, agents, and mods use one authoritative path,",master,src/arcane.rs; src/arcane_geography.rs; src/arcane_ecology.rs; src/discovery.rs; src/implements.rs; src/workings.rs; src/alchemy.rs; src/dross.rs,randomized_bind_split_merge_activate_disorder_cleanse_loss_recovery_balances; solo_host_dedicated_and_loopback_apply_identical_authoritative_results; arcane_ire_and_dross_four_states_persist_independently,proven,goals 1-8 implementation plus Goal 9 integrated audit,docs/magic-qualification-implementation.md
docs/magic-sequence.md:484,Sequence completion,"magic enriches industry, travel, ecology, archaeology, and politics without",master,src/arcane.rs; src/arcane_geography.rs; src/arcane_ecology.rs; src/discovery.rs; src/implements.rs; src/workings.rs; src/alchemy.rs; src/dross.rs,randomized_bind_split_merge_activate_disorder_cleanse_loss_recovery_balances; solo_host_dedicated_and_loopback_apply_identical_authoritative_results; arcane_ire_and_dross_four_states_persist_independently,proven,goals 1-8 implementation plus Goal 9 integrated audit,docs/magic-qualification-implementation.md
docs/magic-foundations-plan.md:14,Implementation record — 2026-08-02,"exact integer Current in Deep, Ambient, Bound, Active, Dross, and Scar",1,src/arcane.rs; src/world/persistence.rs; src/net/protocol.rs; src/registry.rs,every_transfer_preserves_scalar_and_resonance; linked_material_water_ecology_commit_recovers_forward_atomically; hostile_authorities_cannot_forge_ids_balances_or_other_mod_workings; closed_world_audit_and_reopen_recover_undurable_transient_owners,proven,goals 1-8 implementation plus Goal 9 integrated audit,docs/magic-qualification-implementation.md
docs/magic-foundations-plan.md:16,Implementation record — 2026-08-02,"stable atlas-cell, heart, block-generation, item, mob, player, working,",1,src/arcane.rs; src/world/persistence.rs; src/net/protocol.rs; src/registry.rs,every_transfer_preserves_scalar_and_resonance; linked_material_water_ecology_commit_recovers_forward_atomically; hostile_authorities_cannot_forge_ids_balances_or_other_mod_workings; closed_world_audit_and_reopen_recover_undurable_transient_owners,proven,goals 1-8 implementation plus Goal 9 integrated audit,docs/magic-qualification-implementation.md
docs/magic-foundations-plan.md:18,Implementation record — 2026-08-02,"read-versioned, idempotent, all-or-nothing transactions with checked",1,src/arcane.rs; src/world/persistence.rs; src/net/protocol.rs; src/registry.rs,every_transfer_preserves_scalar_and_resonance; linked_material_water_ecology_commit_recovers_forward_atomically; hostile_authorities_cannot_forge_ids_balances_or_other_mod_workings; closed_world_audit_and_reopen_recover_undurable_transient_owners,proven,goals 1-8 implementation plus Goal 9 integrated audit,docs/magic-qualification-implementation.md
docs/magic-foundations-plan.md:21,Implementation record — 2026-08-02,"finite country-heart reserves allocated from Deep at genesis, charged",1,src/arcane.rs; src/world/persistence.rs; src/net/protocol.rs; src/registry.rs,every_transfer_preserves_scalar_and_resonance; linked_material_water_ecology_commit_recovers_forward_atomically; hostile_authorities_cannot_forge_ids_balances_or_other_mod_workings; closed_world_audit_and_reopen_recover_undurable_transient_owners,proven,goals 1-8 implementation plus Goal 9 integrated audit,docs/magic-qualification-implementation.md
docs/magic-foundations-plan.md:25,Implementation record — 2026-08-02,"regional destruction routing for despawn, lava, death, container overflow,",1,src/arcane.rs; src/world/persistence.rs; src/net/protocol.rs; src/registry.rs,every_transfer_preserves_scalar_and_resonance; linked_material_water_ecology_commit_recovers_forward_atomically; hostile_authorities_cannot_forge_ids_balances_or_other_mod_workings; closed_world_audit_and_reopen_recover_undurable_transient_owners,proven,goals 1-8 implementation plus Goal 9 integrated audit,docs/magic-qualification-implementation.md
docs/magic-foundations-plan.md:27,Implementation record — 2026-08-02,funded primary and chance harvests plus explicit charged-item transfers for,1,src/arcane.rs; src/world/persistence.rs; src/net/protocol.rs; src/registry.rs,every_transfer_preserves_scalar_and_resonance; linked_material_water_ecology_commit_recovers_forward_atomically; hostile_authorities_cannot_forge_ids_balances_or_other_mod_workings; closed_world_audit_and_reopen_recover_undurable_transient_owners,proven,goals 1-8 implementation plus Goal 9 integrated audit,docs/magic-qualification-implementation.md
docs/magic-foundations-plan.md:32,Implementation record — 2026-08-02,bounded cross-ledger recovery for arcane/material/water/ecology changes and,1,src/arcane.rs; src/world/persistence.rs; src/net/protocol.rs; src/registry.rs,every_transfer_preserves_scalar_and_resonance; linked_material_water_ecology_commit_recovers_forward_atomically; hostile_authorities_cannot_forge_ids_balances_or_other_mod_workings; closed_world_audit_and_reopen_recover_undurable_transient_owners,proven,goals 1-8 implementation plus Goal 9 integrated audit,docs/magic-qualification-implementation.md
docs/magic-foundations-plan.md:39,Implementation record — 2026-08-02,"host-only exact state, change-suppressed inspectable item charge, coarse",1,src/arcane.rs; src/world/persistence.rs; src/net/protocol.rs; src/registry.rs,every_transfer_preserves_scalar_and_resonance; linked_material_water_ecology_commit_recovers_forward_atomically; hostile_authorities_cannot_forge_ids_balances_or_other_mod_workings; closed_world_audit_and_reopen_recover_undurable_transient_owners,proven,goals 1-8 implementation plus Goal 9 integrated audit,docs/magic-qualification-implementation.md
docs/magic-foundations-plan.md:42,Implementation record — 2026-08-02,"declarative base/mod content validation, preserved placeholders for removed",1,src/arcane.rs; src/world/persistence.rs; src/net/protocol.rs; src/registry.rs,every_transfer_preserves_scalar_and_resonance; linked_material_water_ecology_commit_recovers_forward_atomically; hostile_authorities_cannot_forge_ids_balances_or_other_mod_workings; closed_world_audit_and_reopen_recover_undurable_transient_owners,proven,goals 1-8 implementation plus Goal 9 integrated audit,docs/magic-qualification-implementation.md
docs/magic-foundations-plan.md:45,Implementation record — 2026-08-02,"`wildforge --arcane-audit <world>`, including scalar/resonance/reservoir",1,src/arcane.rs; src/world/persistence.rs; src/net/protocol.rs; src/registry.rs,every_transfer_preserves_scalar_and_resonance; linked_material_water_ecology_commit_recovers_forward_atomically; hostile_authorities_cannot_forge_ids_balances_or_other_mod_workings; closed_world_audit_and_reopen_recover_undurable_transient_owners,proven,goals 1-8 implementation plus Goal 9 integrated audit,docs/magic-qualification-implementation.md
docs/magic-foundations-plan.md:69,Deliberate implementation choices,Charged content is currently always a one-item stack. This is stricter than,1,src/arcane.rs; src/world/persistence.rs; src/net/protocol.rs; src/registry.rs,every_transfer_preserves_scalar_and_resonance; linked_material_water_ecology_commit_recovers_forward_atomically; hostile_authorities_cannot_forge_ids_balances_or_other_mod_workings; closed_world_audit_and_reopen_recover_undurable_transient_owners,proven,goals 1-8 implementation plus Goal 9 integrated audit,docs/magic-qualification-implementation.md
docs/magic-foundations-plan.md:73,Deliberate implementation choices,Genesis initially places surface-available Current in heart reserves while,1,src/arcane.rs; src/world/persistence.rs; src/net/protocol.rs; src/registry.rs,every_transfer_preserves_scalar_and_resonance; linked_material_water_ecology_commit_recovers_forward_atomically; hostile_authorities_cannot_forge_ids_balances_or_other_mod_workings; closed_world_audit_and_reopen_recover_undurable_transient_owners,proven,goals 1-8 implementation plus Goal 9 integrated audit,docs/magic-qualification-implementation.md
docs/magic-foundations-plan.md:77,Deliberate implementation choices,Crash rollback for an item whose physical owner never became durable returns,1,src/arcane.rs; src/world/persistence.rs; src/net/protocol.rs; src/registry.rs,every_transfer_preserves_scalar_and_resonance; linked_material_water_ecology_commit_recovers_forward_atomically; hostile_authorities_cannot_forge_ids_balances_or_other_mod_workings; closed_world_audit_and_reopen_recover_undurable_transient_owners,proven,goals 1-8 implementation plus Goal 9 integrated audit,docs/magic-qualification-implementation.md
docs/magic-foundations-plan.md:79,Deliberate implementation choices,A charged placeable discharges through its declared local environmental,1,src/arcane.rs; src/world/persistence.rs; src/net/protocol.rs; src/registry.rs,every_transfer_preserves_scalar_and_resonance; linked_material_water_ecology_commit_recovers_forward_atomically; hostile_authorities_cannot_forge_ids_balances_or_other_mod_workings; closed_world_audit_and_reopen_recover_undurable_transient_owners,proven,goals 1-8 implementation plus Goal 9 integrated audit,docs/magic-qualification-implementation.md
docs/magic-foundations-plan.md:84,Deliberate implementation choices,Warden manifestations and goal-1 Working owners are intentionally transient.,1,src/arcane.rs; src/world/persistence.rs; src/net/protocol.rs; src/registry.rs,every_transfer_preserves_scalar_and_resonance; linked_material_water_ecology_commit_recovers_forward_atomically; hostile_authorities_cannot_forge_ids_balances_or_other_mod_workings; closed_world_audit_and_reopen_recover_undurable_transient_owners,proven,goals 1-8 implementation plus Goal 9 integrated audit,docs/magic-qualification-implementation.md
docs/magic-foundations-plan.md:170,Units and arithmetic,"persisted reservoir values are nonnegative integers,",1,src/arcane.rs; src/world/persistence.rs; src/net/protocol.rs; src/registry.rs,every_transfer_preserves_scalar_and_resonance; linked_material_water_ecology_commit_recovers_forward_atomically; hostile_authorities_cannot_forge_ids_balances_or_other_mod_workings; closed_world_audit_and_reopen_recover_undurable_transient_owners,proven,goals 1-8 implementation plus Goal 9 integrated audit,docs/magic-qualification-implementation.md
docs/magic-foundations-plan.md:171,Units and arithmetic,"all multiplication by rates uses documented fixed-point rounding,",1,src/arcane.rs; src/world/persistence.rs; src/net/protocol.rs; src/registry.rs,every_transfer_preserves_scalar_and_resonance; linked_material_water_ecology_commit_recovers_forward_atomically; hostile_authorities_cannot_forge_ids_balances_or_other_mod_workings; closed_world_audit_and_reopen_recover_undurable_transient_owners,proven,goals 1-8 implementation plus Goal 9 integrated audit,docs/magic-qualification-implementation.md
docs/magic-foundations-plan.md:172,Units and arithmetic,"the remainder is retained in a per-process accumulator rather than lost,",1,src/arcane.rs; src/world/persistence.rs; src/net/protocol.rs; src/registry.rs,every_transfer_preserves_scalar_and_resonance; linked_material_water_ecology_commit_recovers_forward_atomically; hostile_authorities_cannot_forge_ids_balances_or_other_mod_workings; closed_world_audit_and_reopen_recover_undurable_transient_owners,proven,goals 1-8 implementation plus Goal 9 integrated audit,docs/magic-qualification-implementation.md
docs/magic-foundations-plan.md:173,Units and arithmetic,"global sums use checked arithmetic wide enough for the whole planet,",1,src/arcane.rs; src/world/persistence.rs; src/net/protocol.rs; src/registry.rs,every_transfer_preserves_scalar_and_resonance; linked_material_water_ecology_commit_recovers_forward_atomically; hostile_authorities_cannot_forge_ids_balances_or_other_mod_workings; closed_world_audit_and_reopen_recover_undurable_transient_owners,proven,goals 1-8 implementation plus Goal 9 integrated audit,docs/magic-qualification-implementation.md
docs/magic-foundations-plan.md:174,Units and arithmetic,"overflow, underflow, NaN conversion, or negative results reject the",1,src/arcane.rs; src/world/persistence.rs; src/net/protocol.rs; src/registry.rs,every_transfer_preserves_scalar_and_resonance; linked_material_water_ecology_commit_recovers_forward_atomically; hostile_authorities_cannot_forge_ids_balances_or_other_mod_workings; closed_world_audit_and_reopen_recover_undurable_transient_owners,proven,goals 1-8 implementation plus Goal 9 integrated audit,docs/magic-qualification-implementation.md
docs/magic-foundations-plan.md:176,Units and arithmetic,changing the unit scale is a format migration.,1,src/arcane.rs; src/world/persistence.rs; src/net/protocol.rs; src/registry.rs,every_transfer_preserves_scalar_and_resonance; linked_material_water_ecology_commit_recovers_forward_atomically; hostile_authorities_cannot_forge_ids_balances_or_other_mod_workings; closed_world_audit_and_reopen_recover_undurable_transient_owners,proven,goals 1-8 implementation plus Goal 9 integrated audit,docs/magic-qualification-implementation.md
docs/magic-foundations-plan.md:222,Ownership and identities,"stacks combine only when charge, dross, resonance, provenance class, and",1,src/arcane.rs; src/world/persistence.rs; src/net/protocol.rs; src/registry.rs,every_transfer_preserves_scalar_and_resonance; linked_material_water_ecology_commit_recovers_forward_atomically; hostile_authorities_cannot_forge_ids_balances_or_other_mod_workings; closed_world_audit_and_reopen_recover_undurable_transient_owners,proven,goals 1-8 implementation plus Goal 9 integrated audit,docs/magic-qualification-implementation.md
docs/magic-foundations-plan.md:224,Ownership and identities,splitting a stack divides integer quantities exactly and retains remainder,1,src/arcane.rs; src/world/persistence.rs; src/net/protocol.rs; src/registry.rs,every_transfer_preserves_scalar_and_resonance; linked_material_water_ecology_commit_recovers_forward_atomically; hostile_authorities_cannot_forge_ids_balances_or_other_mod_workings; closed_world_audit_and_reopen_recover_undurable_transient_owners,proven,goals 1-8 implementation plus Goal 9 integrated audit,docs/magic-qualification-implementation.md
docs/magic-foundations-plan.md:226,Ownership and identities,"crafting consumes instance state through the transaction API,",1,src/arcane.rs; src/world/persistence.rs; src/net/protocol.rs; src/registry.rs,every_transfer_preserves_scalar_and_resonance; linked_material_water_ecology_commit_recovers_forward_atomically; hostile_authorities_cannot_forge_ids_balances_or_other_mod_workings; closed_world_audit_and_reopen_recover_undurable_transient_owners,proven,goals 1-8 implementation plus Goal 9 integrated audit,docs/magic-qualification-implementation.md
docs/magic-foundations-plan.md:227,Ownership and identities,"unknown/mod-removed items retain opaque charge state in their placeholder,",1,src/arcane.rs; src/world/persistence.rs; src/net/protocol.rs; src/registry.rs,every_transfer_preserves_scalar_and_resonance; linked_material_water_ecology_commit_recovers_forward_atomically; hostile_authorities_cannot_forge_ids_balances_or_other_mod_workings; closed_world_audit_and_reopen_recover_undurable_transient_owners,proven,goals 1-8 implementation plus Goal 9 integrated audit,docs/magic-qualification-implementation.md
docs/magic-foundations-plan.md:228,Ownership and identities,"no client-supplied instance id is trusted,",1,src/arcane.rs; src/world/persistence.rs; src/net/protocol.rs; src/registry.rs,every_transfer_preserves_scalar_and_resonance; linked_material_water_ecology_commit_recovers_forward_atomically; hostile_authorities_cannot_forge_ids_balances_or_other_mod_workings; closed_world_audit_and_reopen_recover_undurable_transient_owners,proven,goals 1-8 implementation plus Goal 9 integrated audit,docs/magic-qualification-implementation.md
docs/magic-foundations-plan.md:229,Ownership and identities,ids are unique across save/load and crash replay.,1,src/arcane.rs; src/world/persistence.rs; src/net/protocol.rs; src/registry.rs,every_transfer_preserves_scalar_and_resonance; linked_material_water_ecology_commit_recovers_forward_atomically; hostile_authorities_cannot_forge_ids_balances_or_other_mod_workings; closed_world_audit_and_reopen_recover_undurable_transient_owners,proven,goals 1-8 implementation plus Goal 9 integrated audit,docs/magic-qualification-implementation.md
docs/magic-foundations-plan.md:248,Atomic transfer API,"validates owners, versions, permissions, bounds, and sufficient balances,",1,src/arcane.rs; src/world/persistence.rs; src/net/protocol.rs; src/registry.rs,every_transfer_preserves_scalar_and_resonance; linked_material_water_ecology_commit_recovers_forward_atomically; hostile_authorities_cannot_forge_ids_balances_or_other_mod_workings; closed_world_audit_and_reopen_recover_undurable_transient_owners,proven,goals 1-8 implementation plus Goal 9 integrated audit,docs/magic-qualification-implementation.md
docs/magic-foundations-plan.md:249,Atomic transfer API,"validates equal scalar debit and credit totals,",1,src/arcane.rs; src/world/persistence.rs; src/net/protocol.rs; src/registry.rs,every_transfer_preserves_scalar_and_resonance; linked_material_water_ecology_commit_recovers_forward_atomically; hostile_authorities_cannot_forge_ids_balances_or_other_mod_workings; closed_world_audit_and_reopen_recover_undurable_transient_owners,proven,goals 1-8 implementation plus Goal 9 integrated audit,docs/magic-qualification-implementation.md
docs/magic-foundations-plan.md:250,Atomic transfer API,"validates any allowed resonance transformation,",1,src/arcane.rs; src/world/persistence.rs; src/net/protocol.rs; src/registry.rs,every_transfer_preserves_scalar_and_resonance; linked_material_water_ecology_commit_recovers_forward_atomically; hostile_authorities_cannot_forge_ids_balances_or_other_mod_workings; closed_world_audit_and_reopen_recover_undurable_transient_owners,proven,goals 1-8 implementation plus Goal 9 integrated audit,docs/magic-qualification-implementation.md
docs/magic-foundations-plan.md:251,Atomic transfer API,"commits linked world/material/water changes atomically or not at all,",1,src/arcane.rs; src/world/persistence.rs; src/net/protocol.rs; src/registry.rs,every_transfer_preserves_scalar_and_resonance; linked_material_water_ecology_commit_recovers_forward_atomically; hostile_authorities_cannot_forge_ids_balances_or_other_mod_workings; closed_world_audit_and_reopen_recover_undurable_transient_owners,proven,goals 1-8 implementation plus Goal 9 integrated audit,docs/magic-qualification-implementation.md
docs/magic-foundations-plan.md:252,Atomic transfer API,"appends a bounded audit event,",1,src/arcane.rs; src/world/persistence.rs; src/net/protocol.rs; src/registry.rs,every_transfer_preserves_scalar_and_resonance; linked_material_water_ecology_commit_recovers_forward_atomically; hostile_authorities_cannot_forge_ids_balances_or_other_mod_workings; closed_world_audit_and_reopen_recover_undurable_transient_owners,proven,goals 1-8 implementation plus Goal 9 integrated audit,docs/magic-qualification-implementation.md
docs/magic-foundations-plan.md:253,Atomic transfer API,emits authoritative deltas.,1,src/arcane.rs; src/world/persistence.rs; src/net/protocol.rs; src/registry.rs,every_transfer_preserves_scalar_and_resonance; linked_material_water_ecology_commit_recovers_forward_atomically; hostile_authorities_cannot_forge_ids_balances_or_other_mod_workings; closed_world_audit_and_reopen_recover_undurable_transient_owners,proven,goals 1-8 implementation plus Goal 9 integrated audit,docs/magic-qualification-implementation.md
docs/magic-foundations-plan.md:288,Bounded loss and unloaded objects,"item despawn,",1,src/arcane.rs; src/world/persistence.rs; src/net/protocol.rs; src/registry.rs,every_transfer_preserves_scalar_and_resonance; linked_material_water_ecology_commit_recovers_forward_atomically; hostile_authorities_cannot_forge_ids_balances_or_other_mod_workings; closed_world_audit_and_reopen_recover_undurable_transient_owners,proven,goals 1-8 implementation plus Goal 9 integrated audit,docs/magic-qualification-implementation.md
docs/magic-foundations-plan.md:289,Bounded loss and unloaded objects,"death drops,",1,src/arcane.rs; src/world/persistence.rs; src/net/protocol.rs; src/registry.rs,every_transfer_preserves_scalar_and_resonance; linked_material_water_ecology_commit_recovers_forward_atomically; hostile_authorities_cannot_forge_ids_balances_or_other_mod_workings; closed_world_audit_and_reopen_recover_undurable_transient_owners,proven,goals 1-8 implementation plus Goal 9 integrated audit,docs/magic-qualification-implementation.md
docs/magic-foundations-plan.md:290,Bounded loss and unloaded objects,"fire or lava,",1,src/arcane.rs; src/world/persistence.rs; src/net/protocol.rs; src/registry.rs,every_transfer_preserves_scalar_and_resonance; linked_material_water_ecology_commit_recovers_forward_atomically; hostile_authorities_cannot_forge_ids_balances_or_other_mod_workings; closed_world_audit_and_reopen_recover_undurable_transient_owners,proven,goals 1-8 implementation plus Goal 9 integrated audit,docs/magic-qualification-implementation.md
docs/magic-foundations-plan.md:291,Bounded loss and unloaded objects,"entity despawn,",1,src/arcane.rs; src/world/persistence.rs; src/net/protocol.rs; src/registry.rs,every_transfer_preserves_scalar_and_resonance; linked_material_water_ecology_commit_recovers_forward_atomically; hostile_authorities_cannot_forge_ids_balances_or_other_mod_workings; closed_world_audit_and_reopen_recover_undurable_transient_owners,proven,goals 1-8 implementation plus Goal 9 integrated audit,docs/magic-qualification-implementation.md
docs/magic-foundations-plan.md:292,Bounded loss and unloaded objects,"chunk unload,",1,src/arcane.rs; src/world/persistence.rs; src/net/protocol.rs; src/registry.rs,every_transfer_preserves_scalar_and_resonance; linked_material_water_ecology_commit_recovers_forward_atomically; hostile_authorities_cannot_forge_ids_balances_or_other_mod_workings; closed_world_audit_and_reopen_recover_undurable_transient_owners,proven,goals 1-8 implementation plus Goal 9 integrated audit,docs/magic-qualification-implementation.md
docs/magic-foundations-plan.md:293,Bounded loss and unloaded objects,"container destruction,",1,src/arcane.rs; src/world/persistence.rs; src/net/protocol.rs; src/registry.rs,every_transfer_preserves_scalar_and_resonance; linked_material_water_ecology_commit_recovers_forward_atomically; hostile_authorities_cannot_forge_ids_balances_or_other_mod_workings; closed_world_audit_and_reopen_recover_undurable_transient_owners,proven,goals 1-8 implementation plus Goal 9 integrated audit,docs/magic-qualification-implementation.md
docs/magic-foundations-plan.md:294,Bounded loss and unloaded objects,"mod removal,",1,src/arcane.rs; src/world/persistence.rs; src/net/protocol.rs; src/registry.rs,every_transfer_preserves_scalar_and_resonance; linked_material_water_ecology_commit_recovers_forward_atomically; hostile_authorities_cannot_forge_ids_balances_or_other_mod_workings; closed_world_audit_and_reopen_recover_undurable_transient_owners,proven,goals 1-8 implementation plus Goal 9 integrated audit,docs/magic-qualification-implementation.md
docs/magic-foundations-plan.md:295,Bounded loss and unloaded objects,"malformed network packets,",1,src/arcane.rs; src/world/persistence.rs; src/net/protocol.rs; src/registry.rs,every_transfer_preserves_scalar_and_resonance; linked_material_water_ecology_commit_recovers_forward_atomically; hostile_authorities_cannot_forge_ids_balances_or_other_mod_workings; closed_world_audit_and_reopen_recover_undurable_transient_owners,proven,goals 1-8 implementation plus Goal 9 integrated audit,docs/magic-qualification-implementation.md
docs/magic-foundations-plan.md:296,Bounded loss and unloaded objects,"server restart,",1,src/arcane.rs; src/world/persistence.rs; src/net/protocol.rs; src/registry.rs,every_transfer_preserves_scalar_and_resonance; linked_material_water_ecology_commit_recovers_forward_atomically; hostile_authorities_cannot_forge_ids_balances_or_other_mod_workings; closed_world_audit_and_reopen_recover_undurable_transient_owners,proven,goals 1-8 implementation plus Goal 9 integrated audit,docs/magic-qualification-implementation.md
docs/magic-foundations-plan.md:297,Bounded loss and unloaded objects,admin deletion.,1,src/arcane.rs; src/world/persistence.rs; src/net/protocol.rs; src/registry.rs,every_transfer_preserves_scalar_and_resonance; linked_material_water_ecology_commit_recovers_forward_atomically; hostile_authorities_cannot_forge_ids_balances_or_other_mod_workings; closed_world_audit_and_reopen_recover_undurable_transient_owners,proven,goals 1-8 implementation plus Goal 9 integrated audit,docs/magic-qualification-implementation.md
docs/magic-foundations-plan.md:312,Ire separation,Ire can influence what a heart or warden chooses to do.,1,src/arcane.rs; src/world/persistence.rs; src/net/protocol.rs; src/registry.rs,every_transfer_preserves_scalar_and_resonance; linked_material_water_ecology_commit_recovers_forward_atomically; hostile_authorities_cannot_forge_ids_balances_or_other_mod_workings; closed_world_audit_and_reopen_recover_undurable_transient_owners,proven,goals 1-8 implementation plus Goal 9 integrated audit,docs/magic-qualification-implementation.md
docs/magic-foundations-plan.md:313,Ire separation,The resulting manifestation still requires an arcane transaction.,1,src/arcane.rs; src/world/persistence.rs; src/net/protocol.rs; src/registry.rs,every_transfer_preserves_scalar_and_resonance; linked_material_water_ecology_commit_recovers_forward_atomically; hostile_authorities_cannot_forge_ids_balances_or_other_mod_workings; closed_world_audit_and_reopen_recover_undurable_transient_owners,proven,goals 1-8 implementation plus Goal 9 integrated audit,docs/magic-qualification-implementation.md
docs/magic-foundations-plan.md:314,Ire separation,Dross can damage wild habitat; that independently invokes existing Ire,1,src/arcane.rs; src/world/persistence.rs; src/net/protocol.rs; src/registry.rs,every_transfer_preserves_scalar_and_resonance; linked_material_water_ecology_commit_recovers_forward_atomically; hostile_authorities_cannot_forge_ids_balances_or_other_mod_workings; closed_world_audit_and_reopen_recover_undurable_transient_owners,proven,goals 1-8 implementation plus Goal 9 integrated audit,docs/magic-qualification-implementation.md
docs/magic-foundations-plan.md:316,Ire separation,Cleaning dross can count as tending through an explicit capped stewardship,1,src/arcane.rs; src/world/persistence.rs; src/net/protocol.rs; src/registry.rs,every_transfer_preserves_scalar_and_resonance; linked_material_water_ecology_commit_recovers_forward_atomically; hostile_authorities_cannot_forge_ids_balances_or_other_mod_workings; closed_world_audit_and_reopen_recover_undurable_transient_owners,proven,goals 1-8 implementation plus Goal 9 integrated audit,docs/magic-qualification-implementation.md
docs/magic-foundations-plan.md:335,Heart and warden accounting contract,"lend charge to wardens and recover it on dissolution,",1,src/arcane.rs; src/world/persistence.rs; src/net/protocol.rs; src/registry.rs,every_transfer_preserves_scalar_and_resonance; linked_material_water_ecology_commit_recovers_forward_atomically; hostile_authorities_cannot_forge_ids_balances_or_other_mod_workings; closed_world_audit_and_reopen_recover_undurable_transient_owners,proven,goals 1-8 implementation plus Goal 9 integrated audit,docs/magic-qualification-implementation.md
docs/magic-foundations-plan.md:336,Heart and warden accounting contract,"transfer charge into exceptional natural growth,",1,src/arcane.rs; src/world/persistence.rs; src/net/protocol.rs; src/registry.rs,every_transfer_preserves_scalar_and_resonance; linked_material_water_ecology_commit_recovers_forward_atomically; hostile_authorities_cannot_forge_ids_balances_or_other_mod_workings; closed_world_audit_and_reopen_recover_undurable_transient_owners,proven,goals 1-8 implementation plus Goal 9 integrated audit,docs/magic-qualification-implementation.md
docs/magic-foundations-plan.md:337,Heart and warden accounting contract,"reorder Dross into Ambient Current at a rate defined in goal 8,",1,src/arcane.rs; src/world/persistence.rs; src/net/protocol.rs; src/registry.rs,every_transfer_preserves_scalar_and_resonance; linked_material_water_ecology_commit_recovers_forward_atomically; hostile_authorities_cannot_forge_ids_balances_or_other_mod_workings; closed_world_audit_and_reopen_recover_undurable_transient_owners,proven,goals 1-8 implementation plus Goal 9 integrated audit,docs/magic-qualification-implementation.md
docs/magic-foundations-plan.md:338,Heart and warden accounting contract,"accept charged offerings,",1,src/arcane.rs; src/world/persistence.rs; src/net/protocol.rs; src/registry.rs,every_transfer_preserves_scalar_and_resonance; linked_material_water_ecology_commit_recovers_forward_atomically; hostile_authorities_cannot_forge_ids_balances_or_other_mod_workings; closed_world_audit_and_reopen_recover_undurable_transient_owners,proven,goals 1-8 implementation plus Goal 9 integrated audit,docs/magic-qualification-implementation.md
docs/magic-foundations-plan.md:339,Heart and warden accounting contract,move Current among their country's reservoirs.,1,src/arcane.rs; src/world/persistence.rs; src/net/protocol.rs; src/registry.rs,every_transfer_preserves_scalar_and_resonance; linked_material_water_ecology_commit_recovers_forward_atomically; hostile_authorities_cannot_forge_ids_balances_or_other_mod_workings; closed_world_audit_and_reopen_recover_undurable_transient_owners,proven,goals 1-8 implementation plus Goal 9 integrated audit,docs/magic-qualification-implementation.md
docs/magic-foundations-plan.md:366,Content and mod contracts,"nonnegative bounded values,",1,src/arcane.rs; src/world/persistence.rs; src/net/protocol.rs; src/registry.rs,every_transfer_preserves_scalar_and_resonance; linked_material_water_ecology_commit_recovers_forward_atomically; hostile_authorities_cannot_forge_ids_balances_or_other_mod_workings; closed_world_audit_and_reopen_recover_undurable_transient_owners,proven,goals 1-8 implementation plus Goal 9 integrated audit,docs/magic-qualification-implementation.md
docs/magic-foundations-plan.md:367,Content and mod contracts,"known string resonance ids,",1,src/arcane.rs; src/world/persistence.rs; src/net/protocol.rs; src/registry.rs,every_transfer_preserves_scalar_and_resonance; linked_material_water_ecology_commit_recovers_forward_atomically; hostile_authorities_cannot_forge_ids_balances_or_other_mod_workings; closed_world_audit_and_reopen_recover_undurable_transient_owners,proven,goals 1-8 implementation plus Goal 9 integrated audit,docs/magic-qualification-implementation.md
docs/magic-foundations-plan.md:368,Content and mod contracts,"an explicit destruction disposition for charged content,",1,src/arcane.rs; src/world/persistence.rs; src/net/protocol.rs; src/registry.rs,every_transfer_preserves_scalar_and_resonance; linked_material_water_ecology_commit_recovers_forward_atomically; hostile_authorities_cannot_forge_ids_balances_or_other_mod_workings; closed_world_audit_and_reopen_recover_undurable_transient_owners,proven,goals 1-8 implementation plus Goal 9 integrated audit,docs/magic-qualification-implementation.md
docs/magic-foundations-plan.md:369,Content and mod contracts,"no recipe or script event that credits more Current than it debits,",1,src/arcane.rs; src/world/persistence.rs; src/net/protocol.rs; src/registry.rs,every_transfer_preserves_scalar_and_resonance; linked_material_water_ecology_commit_recovers_forward_atomically; hostile_authorities_cannot_forge_ids_balances_or_other_mod_workings; closed_world_audit_and_reopen_recover_undurable_transient_owners,proven,goals 1-8 implementation plus Goal 9 integrated audit,docs/magic-qualification-implementation.md
docs/magic-foundations-plan.md:370,Content and mod contracts,"deterministic merge/split behavior,",1,src/arcane.rs; src/world/persistence.rs; src/net/protocol.rs; src/registry.rs,every_transfer_preserves_scalar_and_resonance; linked_material_water_ecology_commit_recovers_forward_atomically; hostile_authorities_cannot_forge_ids_balances_or_other_mod_workings; closed_world_audit_and_reopen_recover_undurable_transient_owners,proven,goals 1-8 implementation plus Goal 9 integrated audit,docs/magic-qualification-implementation.md
docs/magic-foundations-plan.md:371,Content and mod contracts,stable fallback for removed mods.,1,src/arcane.rs; src/world/persistence.rs; src/net/protocol.rs; src/registry.rs,every_transfer_preserves_scalar_and_resonance; linked_material_water_ecology_commit_recovers_forward_atomically; hostile_authorities_cannot_forge_ids_balances_or_other_mod_workings; closed_world_audit_and_reopen_recover_undurable_transient_owners,proven,goals 1-8 implementation plus Goal 9 integrated audit,docs/magic-qualification-implementation.md
docs/magic-foundations-plan.md:381,Multiplayer and agents,"coarse environmental cues available without instruments,",1,src/arcane.rs; src/world/persistence.rs; src/net/protocol.rs; src/registry.rs,every_transfer_preserves_scalar_and_resonance; linked_material_water_ecology_commit_recovers_forward_atomically; hostile_authorities_cannot_forge_ids_balances_or_other_mod_workings; closed_world_audit_and_reopen_recover_undurable_transient_owners,proven,goals 1-8 implementation plus Goal 9 integrated audit,docs/magic-qualification-implementation.md
docs/magic-foundations-plan.md:382,Multiplayer and agents,"tuning-lens readings after goal 4,",1,src/arcane.rs; src/world/persistence.rs; src/net/protocol.rs; src/registry.rs,every_transfer_preserves_scalar_and_resonance; linked_material_water_ecology_commit_recovers_forward_atomically; hostile_authorities_cannot_forge_ids_balances_or_other_mod_workings; closed_world_audit_and_reopen_recover_undurable_transient_owners,proven,goals 1-8 implementation plus Goal 9 integrated audit,docs/magic-qualification-implementation.md
docs/magic-foundations-plan.md:383,Multiplayer and agents,"charge state for items the player can inspect,",1,src/arcane.rs; src/world/persistence.rs; src/net/protocol.rs; src/registry.rs,every_transfer_preserves_scalar_and_resonance; linked_material_water_ecology_commit_recovers_forward_atomically; hostile_authorities_cannot_forge_ids_balances_or_other_mod_workings; closed_world_audit_and_reopen_recover_undurable_transient_owners,proven,goals 1-8 implementation plus Goal 9 integrated audit,docs/magic-qualification-implementation.md
docs/magic-foundations-plan.md:384,Multiplayer and agents,nearby working and manifestation events.,1,src/arcane.rs; src/world/persistence.rs; src/net/protocol.rs; src/registry.rs,every_transfer_preserves_scalar_and_resonance; linked_material_water_ecology_commit_recovers_forward_atomically; hostile_authorities_cannot_forge_ids_balances_or_other_mod_workings; closed_world_audit_and_reopen_recover_undurable_transient_owners,proven,goals 1-8 implementation plus Goal 9 integrated audit,docs/magic-qualification-implementation.md
docs/magic-foundations-plan.md:403,Operator diagnostics,"genesis total,",1,src/arcane.rs; src/world/persistence.rs; src/net/protocol.rs; src/registry.rs,every_transfer_preserves_scalar_and_resonance; linked_material_water_ecology_commit_recovers_forward_atomically; hostile_authorities_cannot_forge_ids_balances_or_other_mod_workings; closed_world_audit_and_reopen_recover_undurable_transient_owners,proven,goals 1-8 implementation plus Goal 9 integrated audit,docs/magic-qualification-implementation.md
docs/magic-foundations-plan.md:404,Operator diagnostics,"total by reservoir,",1,src/arcane.rs; src/world/persistence.rs; src/net/protocol.rs; src/registry.rs,every_transfer_preserves_scalar_and_resonance; linked_material_water_ecology_commit_recovers_forward_atomically; hostile_authorities_cannot_forge_ids_balances_or_other_mod_workings; closed_world_audit_and_reopen_recover_undurable_transient_owners,proven,goals 1-8 implementation plus Goal 9 integrated audit,docs/magic-qualification-implementation.md
docs/magic-foundations-plan.md:405,Operator diagnostics,"total by resonance,",1,src/arcane.rs; src/world/persistence.rs; src/net/protocol.rs; src/registry.rs,every_transfer_preserves_scalar_and_resonance; linked_material_water_ecology_commit_recovers_forward_atomically; hostile_authorities_cannot_forge_ids_balances_or_other_mod_workings; closed_world_audit_and_reopen_recover_undurable_transient_owners,proven,goals 1-8 implementation plus Goal 9 integrated audit,docs/magic-qualification-implementation.md
docs/magic-foundations-plan.md:406,Operator diagnostics,"ambient/deep atlas checksums,",1,src/arcane.rs; src/world/persistence.rs; src/net/protocol.rs; src/registry.rs,every_transfer_preserves_scalar_and_resonance; linked_material_water_ecology_commit_recovers_forward_atomically; hostile_authorities_cannot_forge_ids_balances_or_other_mod_workings; closed_world_audit_and_reopen_recover_undurable_transient_owners,proven,goals 1-8 implementation plus Goal 9 integrated audit,docs/magic-qualification-implementation.md
docs/magic-foundations-plan.md:407,Operator diagnostics,"bound totals by owner class,",1,src/arcane.rs; src/world/persistence.rs; src/net/protocol.rs; src/registry.rs,every_transfer_preserves_scalar_and_resonance; linked_material_water_ecology_commit_recovers_forward_atomically; hostile_authorities_cannot_forge_ids_balances_or_other_mod_workings; closed_world_audit_and_reopen_recover_undurable_transient_owners,proven,goals 1-8 implementation plus Goal 9 integrated audit,docs/magic-qualification-implementation.md
docs/magic-foundations-plan.md:408,Operator diagnostics,"dross/scar totals,",1,src/arcane.rs; src/world/persistence.rs; src/net/protocol.rs; src/registry.rs,every_transfer_preserves_scalar_and_resonance; linked_material_water_ecology_commit_recovers_forward_atomically; hostile_authorities_cannot_forge_ids_balances_or_other_mod_workings; closed_world_audit_and_reopen_recover_undurable_transient_owners,proven,goals 1-8 implementation plus Goal 9 integrated audit,docs/magic-qualification-implementation.md
docs/magic-foundations-plan.md:409,Operator diagnostics,"external admin/dev adjustments,",1,src/arcane.rs; src/world/persistence.rs; src/net/protocol.rs; src/registry.rs,every_transfer_preserves_scalar_and_resonance; linked_material_water_ecology_commit_recovers_forward_atomically; hostile_authorities_cannot_forge_ids_balances_or_other_mod_workings; closed_world_audit_and_reopen_recover_undurable_transient_owners,proven,goals 1-8 implementation plus Goal 9 integrated audit,docs/magic-qualification-implementation.md
docs/magic-foundations-plan.md:410,Operator diagnostics,unexplained delta.,1,src/arcane.rs; src/world/persistence.rs; src/net/protocol.rs; src/registry.rs,every_transfer_preserves_scalar_and_resonance; linked_material_water_ecology_commit_recovers_forward_atomically; hostile_authorities_cannot_forge_ids_balances_or_other_mod_workings; closed_world_audit_and_reopen_recover_undurable_transient_owners,proven,goals 1-8 implementation plus Goal 9 integrated audit,docs/magic-qualification-implementation.md
docs/magic-foundations-plan.md:421,Performance budgets,An ordinary no-magic server tick performs no scan over all charged objects.,1,src/arcane.rs; src/world/persistence.rs; src/net/protocol.rs; src/registry.rs,every_transfer_preserves_scalar_and_resonance; linked_material_water_ecology_commit_recovers_forward_atomically; hostile_authorities_cannot_forge_ids_balances_or_other_mod_workings; closed_world_audit_and_reopen_recover_undurable_transient_owners,proven,goals 1-8 implementation plus Goal 9 integrated audit,docs/magic-qualification-implementation.md
docs/magic-foundations-plan.md:422,Performance budgets,Per-transaction work is bounded by its declared read/write set.,1,src/arcane.rs; src/world/persistence.rs; src/net/protocol.rs; src/registry.rs,every_transfer_preserves_scalar_and_resonance; linked_material_water_ecology_commit_recovers_forward_atomically; hostile_authorities_cannot_forge_ids_balances_or_other_mod_workings; closed_world_audit_and_reopen_recover_undurable_transient_owners,proven,goals 1-8 implementation plus Goal 9 integrated audit,docs/magic-qualification-implementation.md
docs/magic-foundations-plan.md:423,Performance budgets,Coarse atlas processing belongs to goal 2 and does not materialize chunks.,1,src/arcane.rs; src/world/persistence.rs; src/net/protocol.rs; src/registry.rs,every_transfer_preserves_scalar_and_resonance; linked_material_water_ecology_commit_recovers_forward_atomically; hostile_authorities_cannot_forge_ids_balances_or_other_mod_workings; closed_world_audit_and_reopen_recover_undurable_transient_owners,proven,goals 1-8 implementation plus Goal 9 integrated audit,docs/magic-qualification-implementation.md
docs/magic-foundations-plan.md:424,Performance budgets,Audit sums atlas files plus bounded owner indexes; it does not load every,1,src/arcane.rs; src/world/persistence.rs; src/net/protocol.rs; src/registry.rs,every_transfer_preserves_scalar_and_resonance; linked_material_water_ecology_commit_recovers_forward_atomically; hostile_authorities_cannot_forge_ids_balances_or_other_mod_workings; closed_world_audit_and_reopen_recover_undurable_transient_owners,proven,goals 1-8 implementation plus Goal 9 integrated audit,docs/magic-qualification-implementation.md
docs/magic-foundations-plan.md:426,Performance budgets,Wire state is interest-managed and delta-compressed.,1,src/arcane.rs; src/world/persistence.rs; src/net/protocol.rs; src/registry.rs,every_transfer_preserves_scalar_and_resonance; linked_material_water_ecology_commit_recovers_forward_atomically; hostile_authorities_cannot_forge_ids_balances_or_other_mod_workings; closed_world_audit_and_reopen_recover_undurable_transient_owners,proven,goals 1-8 implementation plus Goal 9 integrated audit,docs/magic-qualification-implementation.md
docs/magic-foundations-plan.md:427,Performance budgets,Audit/event history has a bounded aggregation strategy.,1,src/arcane.rs; src/world/persistence.rs; src/net/protocol.rs; src/registry.rs,every_transfer_preserves_scalar_and_resonance; linked_material_water_ecology_commit_recovers_forward_atomically; hostile_authorities_cannot_forge_ids_balances_or_other_mod_workings; closed_world_audit_and_reopen_recover_undurable_transient_owners,proven,goals 1-8 implementation plus Goal 9 integrated audit,docs/magic-qualification-implementation.md
docs/magic-foundations-plan.md:436,Conservation,Every reservoir-to-reservoir transfer reconciles exactly.,1,src/arcane.rs; src/world/persistence.rs; src/net/protocol.rs; src/registry.rs,every_transfer_preserves_scalar_and_resonance; linked_material_water_ecology_commit_recovers_forward_atomically; hostile_authorities_cannot_forge_ids_balances_or_other_mod_workings; closed_world_audit_and_reopen_recover_undurable_transient_owners,proven,goals 1-8 implementation plus Goal 9 integrated audit,docs/magic-qualification-implementation.md
docs/magic-foundations-plan.md:437,Conservation,"A large randomized sequence of bind, split, merge, activate, disorder,",1,src/arcane.rs; src/world/persistence.rs; src/net/protocol.rs; src/registry.rs,every_transfer_preserves_scalar_and_resonance; linked_material_water_ecology_commit_recovers_forward_atomically; hostile_authorities_cannot_forge_ids_balances_or_other_mod_workings; closed_world_audit_and_reopen_recover_undurable_transient_owners,proven,goals 1-8 implementation plus Goal 9 integrated audit,docs/magic-qualification-implementation.md
docs/magic-foundations-plan.md:440,Conservation,Rounding remainders are retained across ticks and save/load.,1,src/arcane.rs; src/world/persistence.rs; src/net/protocol.rs; src/registry.rs,every_transfer_preserves_scalar_and_resonance; linked_material_water_ecology_commit_recovers_forward_atomically; hostile_authorities_cannot_forge_ids_balances_or_other_mod_workings; closed_world_audit_and_reopen_recover_undurable_transient_owners,proven,goals 1-8 implementation plus Goal 9 integrated audit,docs/magic-qualification-implementation.md
docs/magic-foundations-plan.md:441,Conservation,Overflow and insufficient-balance attempts fail without partial mutation.,1,src/arcane.rs; src/world/persistence.rs; src/net/protocol.rs; src/registry.rs,every_transfer_preserves_scalar_and_resonance; linked_material_water_ecology_commit_recovers_forward_atomically; hostile_authorities_cannot_forge_ids_balances_or_other_mod_workings; closed_world_audit_and_reopen_recover_undurable_transient_owners,proven,goals 1-8 implementation plus Goal 9 integrated audit,docs/magic-qualification-implementation.md
docs/magic-foundations-plan.md:442,Conservation,Resonance transformations conserve scalar units.,1,src/arcane.rs; src/world/persistence.rs; src/net/protocol.rs; src/registry.rs,every_transfer_preserves_scalar_and_resonance; linked_material_water_ecology_commit_recovers_forward_atomically; hostile_authorities_cannot_forge_ids_balances_or_other_mod_workings; closed_world_audit_and_reopen_recover_undurable_transient_owners,proven,goals 1-8 implementation plus Goal 9 integrated audit,docs/magic-qualification-implementation.md
docs/magic-foundations-plan.md:446,Persistence and crash safety,Every charge-bearing owner round-trips.,1,src/arcane.rs; src/world/persistence.rs; src/net/protocol.rs; src/registry.rs,every_transfer_preserves_scalar_and_resonance; linked_material_water_ecology_commit_recovers_forward_atomically; hostile_authorities_cannot_forge_ids_balances_or_other_mod_workings; closed_world_audit_and_reopen_recover_undurable_transient_owners,proven,goals 1-8 implementation plus Goal 9 integrated audit,docs/magic-qualification-implementation.md
docs/magic-foundations-plan.md:447,Persistence and crash safety,Retrying one transaction id cannot duplicate its effect.,1,src/arcane.rs; src/world/persistence.rs; src/net/protocol.rs; src/registry.rs,every_transfer_preserves_scalar_and_resonance; linked_material_water_ecology_commit_recovers_forward_atomically; hostile_authorities_cannot_forge_ids_balances_or_other_mod_workings; closed_world_audit_and_reopen_recover_undurable_transient_owners,proven,goals 1-8 implementation plus Goal 9 integrated audit,docs/magic-qualification-implementation.md
docs/magic-foundations-plan.md:448,Persistence and crash safety,Simulated crashes at each multi-file commit boundary recover exactly once.,1,src/arcane.rs; src/world/persistence.rs; src/net/protocol.rs; src/registry.rs,every_transfer_preserves_scalar_and_resonance; linked_material_water_ecology_commit_recovers_forward_atomically; hostile_authorities_cannot_forge_ids_balances_or_other_mod_workings; closed_world_audit_and_reopen_recover_undurable_transient_owners,proven,goals 1-8 implementation plus Goal 9 integrated audit,docs/magic-qualification-implementation.md
docs/magic-foundations-plan.md:449,Persistence and crash safety,Unknown content preserves opaque charge.,1,src/arcane.rs; src/world/persistence.rs; src/net/protocol.rs; src/registry.rs,every_transfer_preserves_scalar_and_resonance; linked_material_water_ecology_commit_recovers_forward_atomically; hostile_authorities_cannot_forge_ids_balances_or_other_mod_workings; closed_world_audit_and_reopen_recover_undurable_transient_owners,proven,goals 1-8 implementation plus Goal 9 integrated audit,docs/magic-qualification-implementation.md
docs/magic-foundations-plan.md:450,Persistence and crash safety,Item despawn and entity dissolution transfer rather than delete.,1,src/arcane.rs; src/world/persistence.rs; src/net/protocol.rs; src/registry.rs,every_transfer_preserves_scalar_and_resonance; linked_material_water_ecology_commit_recovers_forward_atomically; hostile_authorities_cannot_forge_ids_balances_or_other_mod_workings; closed_world_audit_and_reopen_recover_undurable_transient_owners,proven,goals 1-8 implementation plus Goal 9 integrated audit,docs/magic-qualification-implementation.md
docs/magic-foundations-plan.md:451,Persistence and crash safety,Corruption reports a gap and refuses unsafe invention.,1,src/arcane.rs; src/world/persistence.rs; src/net/protocol.rs; src/registry.rs,every_transfer_preserves_scalar_and_resonance; linked_material_water_ecology_commit_recovers_forward_atomically; hostile_authorities_cannot_forge_ids_balances_or_other_mod_workings; closed_world_audit_and_reopen_recover_undurable_transient_owners,proven,goals 1-8 implementation plus Goal 9 integrated audit,docs/magic-qualification-implementation.md
docs/magic-foundations-plan.md:455,Authority and extension,"A hostile client cannot forge charge, ids, readings, or transactions.",1,src/arcane.rs; src/world/persistence.rs; src/net/protocol.rs; src/registry.rs,every_transfer_preserves_scalar_and_resonance; linked_material_water_ecology_commit_recovers_forward_atomically; hostile_authorities_cannot_forge_ids_balances_or_other_mod_workings; closed_world_audit_and_reopen_recover_undurable_transient_owners,proven,goals 1-8 implementation plus Goal 9 integrated audit,docs/magic-qualification-implementation.md
docs/magic-foundations-plan.md:456,Authority and extension,"Windowed solo, host, dedicated server, and loopback guest produce identical",1,src/arcane.rs; src/world/persistence.rs; src/net/protocol.rs; src/registry.rs,every_transfer_preserves_scalar_and_resonance; linked_material_water_ecology_commit_recovers_forward_atomically; hostile_authorities_cannot_forge_ids_balances_or_other_mod_workings; closed_world_audit_and_reopen_recover_undurable_transient_owners,proven,goals 1-8 implementation plus Goal 9 integrated audit,docs/magic-qualification-implementation.md
docs/magic-foundations-plan.md:458,Authority and extension,Fixture mods can declare valid charge behavior.,1,src/arcane.rs; src/world/persistence.rs; src/net/protocol.rs; src/registry.rs,every_transfer_preserves_scalar_and_resonance; linked_material_water_ecology_commit_recovers_forward_atomically; hostile_authorities_cannot_forge_ids_balances_or_other_mod_workings; closed_world_audit_and_reopen_recover_undurable_transient_owners,proven,goals 1-8 implementation plus Goal 9 integrated audit,docs/magic-qualification-implementation.md
docs/magic-foundations-plan.md:459,Authority and extension,"Unbalanced, unknown-resonance, raw-mutation, and overflow fixture mods fail",1,src/arcane.rs; src/world/persistence.rs; src/net/protocol.rs; src/registry.rs,every_transfer_preserves_scalar_and_resonance; linked_material_water_ecology_commit_recovers_forward_atomically; hostile_authorities_cannot_forge_ids_balances_or_other_mod_workings; closed_world_audit_and_reopen_recover_undurable_transient_owners,proven,goals 1-8 implementation plus Goal 9 integrated audit,docs/magic-qualification-implementation.md
docs/magic-foundations-plan.md:461,Authority and extension,Agent placeholders reveal no global state.,1,src/arcane.rs; src/world/persistence.rs; src/net/protocol.rs; src/registry.rs,every_transfer_preserves_scalar_and_resonance; linked_material_water_ecology_commit_recovers_forward_atomically; hostile_authorities_cannot_forge_ids_balances_or_other_mod_workings; closed_world_audit_and_reopen_recover_undurable_transient_owners,proven,goals 1-8 implementation plus Goal 9 integrated audit,docs/magic-qualification-implementation.md
docs/magic-foundations-plan.md:465,Separation,The four Ire/dross states are independently constructible and persisted.,1,src/arcane.rs; src/world/persistence.rs; src/net/protocol.rs; src/registry.rs,every_transfer_preserves_scalar_and_resonance; linked_material_water_ecology_commit_recovers_forward_atomically; hostile_authorities_cannot_forge_ids_balances_or_other_mod_workings; closed_world_audit_and_reopen_recover_undurable_transient_owners,proven,goals 1-8 implementation plus Goal 9 integrated audit,docs/magic-qualification-implementation.md
docs/magic-foundations-plan.md:466,Separation,Dross-changing transactions do not directly change Ire.,1,src/arcane.rs; src/world/persistence.rs; src/net/protocol.rs; src/registry.rs,every_transfer_preserves_scalar_and_resonance; linked_material_water_ecology_commit_recovers_forward_atomically; hostile_authorities_cannot_forge_ids_balances_or_other_mod_workings; closed_world_audit_and_reopen_recover_undurable_transient_owners,proven,goals 1-8 implementation plus Goal 9 integrated audit,docs/magic-qualification-implementation.md
docs/magic-foundations-plan.md:467,Separation,Ire changes do not alter the arcane total.,1,src/arcane.rs; src/world/persistence.rs; src/net/protocol.rs; src/registry.rs,every_transfer_preserves_scalar_and_resonance; linked_material_water_ecology_commit_recovers_forward_atomically; hostile_authorities_cannot_forge_ids_balances_or_other_mod_workings; closed_world_audit_and_reopen_recover_undurable_transient_owners,proven,goals 1-8 implementation plus Goal 9 integrated audit,docs/magic-qualification-implementation.md
docs/magic-foundations-plan.md:468,Separation,"Heart/warden spawn, dissolution, death, drop, and heart-death paths balance.",1,src/arcane.rs; src/world/persistence.rs; src/net/protocol.rs; src/registry.rs,every_transfer_preserves_scalar_and_resonance; linked_material_water_ecology_commit_recovers_forward_atomically; hostile_authorities_cannot_forge_ids_balances_or_other_mod_workings; closed_world_audit_and_reopen_recover_undurable_transient_owners,proven,goals 1-8 implementation plus Goal 9 integrated audit,docs/magic-qualification-implementation.md
docs/magic-foundations-plan.md:474,Completion criteria,"every unit of planetary Current has a typed reservoir and stable owner,",1,src/arcane.rs; src/world/persistence.rs; src/net/protocol.rs; src/registry.rs,every_transfer_preserves_scalar_and_resonance; linked_material_water_ecology_commit_recovers_forward_atomically; hostile_authorities_cannot_forge_ids_balances_or_other_mod_workings; closed_world_audit_and_reopen_recover_undurable_transient_owners,proven,goals 1-8 implementation plus Goal 9 integrated audit,docs/magic-qualification-implementation.md
docs/magic-foundations-plan.md:475,Completion criteria,"the fixed-point global ledger reconciles with zero unexplained delta,",1,src/arcane.rs; src/world/persistence.rs; src/net/protocol.rs; src/registry.rs,every_transfer_preserves_scalar_and_resonance; linked_material_water_ecology_commit_recovers_forward_atomically; hostile_authorities_cannot_forge_ids_balances_or_other_mod_workings; closed_world_audit_and_reopen_recover_undurable_transient_owners,proven,goals 1-8 implementation plus Goal 9 integrated audit,docs/magic-qualification-implementation.md
docs/magic-foundations-plan.md:476,Completion criteria,"all arcane mutation goes through an atomic authoritative transaction,",1,src/arcane.rs; src/world/persistence.rs; src/net/protocol.rs; src/registry.rs,every_transfer_preserves_scalar_and_resonance; linked_material_water_ecology_commit_recovers_forward_atomically; hostile_authorities_cannot_forge_ids_balances_or_other_mod_workings; closed_world_audit_and_reopen_recover_undurable_transient_owners,proven,goals 1-8 implementation plus Goal 9 integrated audit,docs/magic-qualification-implementation.md
docs/magic-foundations-plan.md:477,Completion criteria,"save, crash, loss, mod-removal, entity, and warden paths conserve Current,",1,src/arcane.rs; src/world/persistence.rs; src/net/protocol.rs; src/registry.rs,every_transfer_preserves_scalar_and_resonance; linked_material_water_ecology_commit_recovers_forward_atomically; hostile_authorities_cannot_forge_ids_balances_or_other_mod_workings; closed_world_audit_and_reopen_recover_undurable_transient_owners,proven,goals 1-8 implementation plus Goal 9 integrated audit,docs/magic-qualification-implementation.md
docs/magic-foundations-plan.md:478,Completion criteria,"Ire and dross are provably independent,",1,src/arcane.rs; src/world/persistence.rs; src/net/protocol.rs; src/registry.rs,every_transfer_preserves_scalar_and_resonance; linked_material_water_ecology_commit_recovers_forward_atomically; hostile_authorities_cannot_forge_ids_balances_or_other_mod_workings; closed_world_audit_and_reopen_recover_undurable_transient_owners,proven,goals 1-8 implementation plus Goal 9 integrated audit,docs/magic-qualification-implementation.md
docs/magic-foundations-plan.md:479,Completion criteria,"registry, script, multiplayer, agent, and operator foundations exist,",1,src/arcane.rs; src/world/persistence.rs; src/net/protocol.rs; src/registry.rs,every_transfer_preserves_scalar_and_resonance; linked_material_water_ecology_commit_recovers_forward_atomically; hostile_authorities_cannot_forge_ids_balances_or_other_mod_workings; closed_world_audit_and_reopen_recover_undurable_transient_owners,proven,goals 1-8 implementation plus Goal 9 integrated audit,docs/magic-qualification-implementation.md
docs/magic-foundations-plan.md:480,Completion criteria,"required tests and repository gates pass,",1,src/arcane.rs; src/world/persistence.rs; src/net/protocol.rs; src/registry.rs,every_transfer_preserves_scalar_and_resonance; linked_material_water_ecology_commit_recovers_forward_atomically; hostile_authorities_cannot_forge_ids_balances_or_other_mod_workings; closed_world_audit_and_reopen_recover_undurable_transient_owners,proven,goals 1-8 implementation plus Goal 9 integrated audit,docs/magic-qualification-implementation.md
docs/magic-foundations-plan.md:481,Completion criteria,the implementation record contains measured budgets and format versions.,1,src/arcane.rs; src/world/persistence.rs; src/net/protocol.rs; src/registry.rs,every_transfer_preserves_scalar_and_resonance; linked_material_water_ecology_commit_recovers_forward_atomically; hostile_authorities_cannot_forge_ids_balances_or_other_mod_workings; closed_world_audit_and_reopen_recover_undurable_transient_owners,proven,goals 1-8 implementation plus Goal 9 integrated audit,docs/magic-qualification-implementation.md
docs/magic-foundations-plan.md:catalog-1,named catalog,reservoir: Deep,1,src/arcane.rs; src/world/persistence.rs; src/net/protocol.rs; src/registry.rs,every_transfer_preserves_scalar_and_resonance; linked_material_water_ecology_commit_recovers_forward_atomically; hostile_authorities_cannot_forge_ids_balances_or_other_mod_workings; closed_world_audit_and_reopen_recover_undurable_transient_owners,proven,goals 1-8 implementation plus Goal 9 integrated audit,docs/magic-qualification-implementation.md
docs/magic-foundations-plan.md:catalog-2,named catalog,reservoir: Ambient,1,src/arcane.rs; src/world/persistence.rs; src/net/protocol.rs; src/registry.rs,every_transfer_preserves_scalar_and_resonance; linked_material_water_ecology_commit_recovers_forward_atomically; hostile_authorities_cannot_forge_ids_balances_or_other_mod_workings; closed_world_audit_and_reopen_recover_undurable_transient_owners,proven,goals 1-8 implementation plus Goal 9 integrated audit,docs/magic-qualification-implementation.md
docs/magic-foundations-plan.md:catalog-3,named catalog,reservoir: Bound,1,src/arcane.rs; src/world/persistence.rs; src/net/protocol.rs; src/registry.rs,every_transfer_preserves_scalar_and_resonance; linked_material_water_ecology_commit_recovers_forward_atomically; hostile_authorities_cannot_forge_ids_balances_or_other_mod_workings; closed_world_audit_and_reopen_recover_undurable_transient_owners,proven,goals 1-8 implementation plus Goal 9 integrated audit,docs/magic-qualification-implementation.md
docs/magic-foundations-plan.md:catalog-4,named catalog,reservoir: Active,1,src/arcane.rs; src/world/persistence.rs; src/net/protocol.rs; src/registry.rs,every_transfer_preserves_scalar_and_resonance; linked_material_water_ecology_commit_recovers_forward_atomically; hostile_authorities_cannot_forge_ids_balances_or_other_mod_workings; closed_world_audit_and_reopen_recover_undurable_transient_owners,proven,goals 1-8 implementation plus Goal 9 integrated audit,docs/magic-qualification-implementation.md
docs/magic-foundations-plan.md:catalog-5,named catalog,reservoir: Dross,1,src/arcane.rs; src/world/persistence.rs; src/net/protocol.rs; src/registry.rs,every_transfer_preserves_scalar_and_resonance; linked_material_water_ecology_commit_recovers_forward_atomically; hostile_authorities_cannot_forge_ids_balances_or_other_mod_workings; closed_world_audit_and_reopen_recover_undurable_transient_owners,proven,goals 1-8 implementation plus Goal 9 integrated audit,docs/magic-qualification-implementation.md
docs/magic-foundations-plan.md:catalog-6,named catalog,reservoir: Scar,1,src/arcane.rs; src/world/persistence.rs; src/net/protocol.rs; src/registry.rs,every_transfer_preserves_scalar_and_resonance; linked_material_water_ecology_commit_recovers_forward_atomically; hostile_authorities_cannot_forge_ids_balances_or_other_mod_workings; closed_world_audit_and_reopen_recover_undurable_transient_owners,proven,goals 1-8 implementation plus Goal 9 integrated audit,docs/magic-qualification-implementation.md
docs/magic-foundations-plan.md:catalog-7,named catalog,resonance: Root,1,src/arcane.rs; src/world/persistence.rs; src/net/protocol.rs; src/registry.rs,every_transfer_preserves_scalar_and_resonance; linked_material_water_ecology_commit_recovers_forward_atomically; hostile_authorities_cannot_forge_ids_balances_or_other_mod_workings; closed_world_audit_and_reopen_recover_undurable_transient_owners,proven,goals 1-8 implementation plus Goal 9 integrated audit,docs/magic-qualification-implementation.md
docs/magic-foundations-plan.md:catalog-8,named catalog,resonance: Tide,1,src/arcane.rs; src/world/persistence.rs; src/net/protocol.rs; src/registry.rs,every_transfer_preserves_scalar_and_resonance; linked_material_water_ecology_commit_recovers_forward_atomically; hostile_authorities_cannot_forge_ids_balances_or_other_mod_workings; closed_world_audit_and_reopen_recover_undurable_transient_owners,proven,goals 1-8 implementation plus Goal 9 integrated audit,docs/magic-qualification-implementation.md
docs/magic-foundations-plan.md:catalog-9,named catalog,resonance: Ember,1,src/arcane.rs; src/world/persistence.rs; src/net/protocol.rs; src/registry.rs,every_transfer_preserves_scalar_and_resonance; linked_material_water_ecology_commit_recovers_forward_atomically; hostile_authorities_cannot_forge_ids_balances_or_other_mod_workings; closed_world_audit_and_reopen_recover_undurable_transient_owners,proven,goals 1-8 implementation plus Goal 9 integrated audit,docs/magic-qualification-implementation.md
docs/magic-foundations-plan.md:catalog-10,named catalog,resonance: Stone,1,src/arcane.rs; src/world/persistence.rs; src/net/protocol.rs; src/registry.rs,every_transfer_preserves_scalar_and_resonance; linked_material_water_ecology_commit_recovers_forward_atomically; hostile_authorities_cannot_forge_ids_balances_or_other_mod_workings; closed_world_audit_and_reopen_recover_undurable_transient_owners,proven,goals 1-8 implementation plus Goal 9 integrated audit,docs/magic-qualification-implementation.md
docs/magic-foundations-plan.md:catalog-11,named catalog,resonance: Gale,1,src/arcane.rs; src/world/persistence.rs; src/net/protocol.rs; src/registry.rs,every_transfer_preserves_scalar_and_resonance; linked_material_water_ecology_commit_recovers_forward_atomically; hostile_authorities_cannot_forge_ids_balances_or_other_mod_workings; closed_world_audit_and_reopen_recover_undurable_transient_owners,proven,goals 1-8 implementation plus Goal 9 integrated audit,docs/magic-qualification-implementation.md
docs/magic-foundations-plan.md:catalog-12,named catalog,resonance: Echo,1,src/arcane.rs; src/world/persistence.rs; src/net/protocol.rs; src/registry.rs,every_transfer_preserves_scalar_and_resonance; linked_material_water_ecology_commit_recovers_forward_atomically; hostile_authorities_cannot_forge_ids_balances_or_other_mod_workings; closed_world_audit_and_reopen_recover_undurable_transient_owners,proven,goals 1-8 implementation plus Goal 9 integrated audit,docs/magic-qualification-implementation.md
docs/magic-foundations-plan.md:catalog-13,named catalog,command: --arcane-audit,1,src/arcane.rs; src/world/persistence.rs; src/net/protocol.rs; src/registry.rs,every_transfer_preserves_scalar_and_resonance; linked_material_water_ecology_commit_recovers_forward_atomically; hostile_authorities_cannot_forge_ids_balances_or_other_mod_workings; closed_world_audit_and_reopen_recover_undurable_transient_owners,proven,goals 1-8 implementation plus Goal 9 integrated audit,docs/magic-qualification-implementation.md
docs/magic-geography-plan.md:15,Implementation record — 2026-08-02,one compact control and dynamic record for every one of the qualified,2,src/arcane_geography.rs; src/planet_atlas.rs; src/planet.rs,genesis_is_byte_identical_and_causal; transport_is_exact_and_slicing_independent; every_directed_face_edge_is_reciprocal_and_uniform_fields_stay_idle; qualification_seed_suite_has_no_face_or_corner_privilege; exports_cover_every_operator_layer_and_reconcile,proven,goals 1-8 implementation plus Goal 9 integrated audit,docs/magic-qualification-implementation.md
docs/magic-geography-plan.md:21,Implementation record — 2026-08-02,"deterministic four-stage genesis after ordinary planetary qualification,",2,src/arcane_geography.rs; src/planet_atlas.rs; src/planet.rs,genesis_is_byte_identical_and_causal; transport_is_exact_and_slicing_independent; every_directed_face_edge_is_reciprocal_and_uniform_fields_stay_idle; qualification_seed_suite_has_no_face_or_corner_privilege; exports_cover_every_operator_layer_and_reconcile,proven,goals 1-8 implementation plus Goal 9 integrated audit,docs/magic-qualification-implementation.md
docs/magic-geography-plan.md:25,Implementation record — 2026-08-02,one-minute coarse planetary transport over the entire closed sphere. Every,2,src/arcane_geography.rs; src/planet_atlas.rs; src/planet.rs,genesis_is_byte_identical_and_causal; transport_is_exact_and_slicing_independent; every_directed_face_edge_is_reciprocal_and_uniform_fields_stay_idle; qualification_seed_suite_has_no_face_or_corner_privilege; exports_cover_every_operator_layer_and_reconcile,proven,goals 1-8 implementation plus Goal 9 integrated audit,docs/magic-qualification-implementation.md
docs/magic-geography-plan.md:29,Implementation record — 2026-08-02,"stable named Confluences, Wells, Stills, Echoes, Heartshadows, Wakes, and",2,src/arcane_geography.rs; src/planet_atlas.rs; src/planet.rs,genesis_is_byte_identical_and_causal; transport_is_exact_and_slicing_independent; every_directed_face_edge_is_reciprocal_and_uniform_fields_stay_idle; qualification_seed_suite_has_no_face_or_corner_privilege; exports_cover_every_operator_layer_and_reconcile,proven,goals 1-8 implementation plus Goal 9 integrated audit,docs/magic-qualification-implementation.md
docs/magic-geography-plan.md:34,Implementation record — 2026-08-02,player-safe qualitative surveys and sensory signs. Ordinary players and,2,src/arcane_geography.rs; src/planet_atlas.rs; src/planet.rs,genesis_is_byte_identical_and_causal; transport_is_exact_and_slicing_independent; every_directed_face_edge_is_reciprocal_and_uniform_fields_stay_idle; qualification_seed_suite_has_no_face_or_corner_privilege; exports_cover_every_operator_layer_and_reconcile,proven,goals 1-8 implementation plus Goal 9 integrated audit,docs/magic-qualification-implementation.md
docs/magic-geography-plan.md:38,Implementation record — 2026-08-02,declarative creation-time modifiers and explicit host-only retrogen.,2,src/arcane_geography.rs; src/planet_atlas.rs; src/planet.rs,genesis_is_byte_identical_and_causal; transport_is_exact_and_slicing_independent; every_directed_face_edge_is_reciprocal_and_uniform_fields_stay_idle; qualification_seed_suite_has_no_face_or_corner_privilege; exports_cover_every_operator_layer_and_reconcile,proven,goals 1-8 implementation plus Goal 9 integrated audit,docs/magic-qualification-implementation.md
docs/magic-geography-plan.md:42,Implementation record — 2026-08-02,"`--arcane-geography-audit`, `--arcane-geography-export`, and",2,src/arcane_geography.rs; src/planet_atlas.rs; src/planet.rs,genesis_is_byte_identical_and_causal; transport_is_exact_and_slicing_independent; every_directed_face_edge_is_reciprocal_and_uniform_fields_stay_idle; qualification_seed_suite_has_no_face_or_corner_privilege; exports_cover_every_operator_layer_and_reconcile,proven,goals 1-8 implementation plus Goal 9 integrated audit,docs/magic-qualification-implementation.md
docs/magic-geography-plan.md:120,Maps and operator evidence,"a 20,849-line physical-area census including its header;",2,src/arcane_geography.rs; src/planet_atlas.rs; src/planet.rs,genesis_is_byte_identical_and_causal; transport_is_exact_and_slicing_independent; every_directed_face_edge_is_reciprocal_and_uniform_fields_stay_idle; qualification_seed_suite_has_no_face_or_corner_privilege; exports_cover_every_operator_layer_and_reconcile,proven,goals 1-8 implementation plus Goal 9 integrated audit,docs/magic-qualification-implementation.md
docs/magic-geography-plan.md:121,Maps and operator evidence,"231 representative mountain, fault, river, coast, Well, Still, and",2,src/arcane_geography.rs; src/planet_atlas.rs; src/planet.rs,genesis_is_byte_identical_and_causal; transport_is_exact_and_slicing_independent; every_directed_face_edge_is_reciprocal_and_uniform_fields_stay_idle; qualification_seed_suite_has_no_face_or_corner_privilege; exports_cover_every_operator_layer_and_reconcile,proven,goals 1-8 implementation plus Goal 9 integrated audit,docs/magic-qualification-implementation.md
docs/magic-geography-plan.md:123,Maps and operator evidence,a 117-row Confluence connectivity graph plus header;,2,src/arcane_geography.rs; src/planet_atlas.rs; src/planet.rs,genesis_is_byte_identical_and_causal; transport_is_exact_and_slicing_independent; every_directed_face_edge_is_reciprocal_and_uniform_fields_stay_idle; qualification_seed_suite_has_no_face_or_corner_privilege; exports_cover_every_operator_layer_and_reconcile,proven,goals 1-8 implementation plus Goal 9 integrated audit,docs/magic-qualification-implementation.md
docs/magic-geography-plan.md:124,Maps and operator evidence,126 physical-area-weighted percentile rows plus header;,2,src/arcane_geography.rs; src/planet_atlas.rs; src/planet.rs,genesis_is_byte_identical_and_causal; transport_is_exact_and_slicing_independent; every_directed_face_edge_is_reciprocal_and_uniform_fields_stay_idle; qualification_seed_suite_has_no_face_or_corner_privilege; exports_cover_every_operator_layer_and_reconcile,proven,goals 1-8 implementation plus Goal 9 integrated audit,docs/magic-qualification-implementation.md
docs/magic-geography-plan.md:125,Maps and operator evidence,"a complete named site catalog, exact geography audit, and machine-readable",2,src/arcane_geography.rs; src/planet_atlas.rs; src/planet.rs,genesis_is_byte_identical_and_causal; transport_is_exact_and_slicing_independent; every_directed_face_edge_is_reciprocal_and_uniform_fields_stay_idle; qualification_seed_suite_has_no_face_or_corner_privilege; exports_cover_every_operator_layer_and_reconcile,proven,goals 1-8 implementation plus Goal 9 integrated audit,docs/magic-qualification-implementation.md
docs/magic-geography-plan.md:209,Geographic causality,"mineral family, crust type and age,",2,src/arcane_geography.rs; src/planet_atlas.rs; src/planet.rs,genesis_is_byte_identical_and_causal; transport_is_exact_and_slicing_independent; every_directed_face_edge_is_reciprocal_and_uniform_fields_stay_idle; qualification_seed_suite_has_no_face_or_corner_privilege; exports_cover_every_operator_layer_and_reconcile,proven,goals 1-8 implementation plus Goal 9 integrated audit,docs/magic-qualification-implementation.md
docs/magic-geography-plan.md:210,Geographic causality,"faults, plate boundaries, volcanic history, and pressure,",2,src/arcane_geography.rs; src/planet_atlas.rs; src/planet.rs,genesis_is_byte_identical_and_causal; transport_is_exact_and_slicing_independent; every_directed_face_edge_is_reciprocal_and_uniform_fields_stay_idle; qualification_seed_suite_has_no_face_or_corner_privilege; exports_cover_every_operator_layer_and_reconcile,proven,goals 1-8 implementation plus Goal 9 integrated audit,docs/magic-qualification-implementation.md
docs/magic-geography-plan.md:211,Geographic causality,"groundwater, surface water, salinity, and permeability,",2,src/arcane_geography.rs; src/planet_atlas.rs; src/planet.rs,genesis_is_byte_identical_and_causal; transport_is_exact_and_slicing_independent; every_directed_face_edge_is_reciprocal_and_uniform_fields_stay_idle; qualification_seed_suite_has_no_face_or_corner_privilege; exports_cover_every_operator_layer_and_reconcile,proven,goals 1-8 implementation plus Goal 9 integrated audit,docs/magic-qualification-implementation.md
docs/magic-geography-plan.md:212,Geographic causality,"soil and organic activity,",2,src/arcane_geography.rs; src/planet_atlas.rs; src/planet.rs,genesis_is_byte_identical_and_causal; transport_is_exact_and_slicing_independent; every_directed_face_edge_is_reciprocal_and_uniform_fields_stay_idle; qualification_seed_suite_has_no_face_or_corner_privilege; exports_cover_every_operator_layer_and_reconcile,proven,goals 1-8 implementation plus Goal 9 integrated audit,docs/magic-qualification-implementation.md
docs/magic-geography-plan.md:213,Geographic causality,"prevailing wind and storm climatology,",2,src/arcane_geography.rs; src/planet_atlas.rs; src/planet.rs,genesis_is_byte_identical_and_causal; transport_is_exact_and_slicing_independent; every_directed_face_edge_is_reciprocal_and_uniform_fields_stay_idle; qualification_seed_suite_has_no_face_or_corner_privilege; exports_cover_every_operator_layer_and_reconcile,proven,goals 1-8 implementation plus Goal 9 integrated audit,docs/magic-qualification-implementation.md
docs/magic-geography-plan.md:214,Geographic causality,"latitude and the planet's magnetic/auroral geometry,",2,src/arcane_geography.rs; src/planet_atlas.rs; src/planet.rs,genesis_is_byte_identical_and_causal; transport_is_exact_and_slicing_independent; every_directed_face_edge_is_reciprocal_and_uniform_fields_stay_idle; qualification_seed_suite_has_no_face_or_corner_privilege; exports_cover_every_operator_layer_and_reconcile,proven,goals 1-8 implementation plus Goal 9 integrated audit,docs/magic-qualification-implementation.md
docs/magic-geography-plan.md:215,Geographic causality,"hearts, ruins, and recorded historical disturbance.",2,src/arcane_geography.rs; src/planet_atlas.rs; src/planet.rs,genesis_is_byte_identical_and_causal; transport_is_exact_and_slicing_independent; every_directed_face_edge_is_reciprocal_and_uniform_fields_stay_idle; qualification_seed_suite_has_no_face_or_corner_privilege; exports_cover_every_operator_layer_and_reconcile,proven,goals 1-8 implementation plus Goal 9 integrated audit,docs/magic-qualification-implementation.md
docs/magic-geography-plan.md:281,Genesis allocation,"Derive capacity, conductivity, stability, and initial resonance from the",2,src/arcane_geography.rs; src/planet_atlas.rs; src/planet.rs,genesis_is_byte_identical_and_causal; transport_is_exact_and_slicing_independent; every_directed_face_edge_is_reciprocal_and_uniform_fields_stay_idle; qualification_seed_suite_has_no_face_or_corner_privilege; exports_cover_every_operator_layer_and_reconcile,proven,goals 1-8 implementation plus Goal 9 integrated audit,docs/magic-qualification-implementation.md
docs/magic-geography-plan.md:283,Genesis allocation,"Allocate a fixed genesis total between deep and ambient reservoirs,",2,src/arcane_geography.rs; src/planet_atlas.rs; src/planet.rs,genesis_is_byte_identical_and_causal; transport_is_exact_and_slicing_independent; every_directed_face_edge_is_reciprocal_and_uniform_fields_stay_idle; qualification_seed_suite_has_no_face_or_corner_privilege; exports_cover_every_operator_layer_and_reconcile,proven,goals 1-8 implementation plus Goal 9 integrated audit,docs/magic-qualification-implementation.md
docs/magic-geography-plan.md:285,Genesis allocation,Solve a deterministic bounded equilibrium over the closed sphere.,2,src/arcane_geography.rs; src/planet_atlas.rs; src/planet.rs,genesis_is_byte_identical_and_causal; transport_is_exact_and_slicing_independent; every_directed_face_edge_is_reciprocal_and_uniform_fields_stay_idle; qualification_seed_suite_has_no_face_or_corner_privilege; exports_cover_every_operator_layer_and_reconcile,proven,goals 1-8 implementation plus Goal 9 integrated audit,docs/magic-qualification-implementation.md
docs/magic-geography-plan.md:286,Genesis allocation,Identify stable place types from geographic controls and the equilibrium.,2,src/arcane_geography.rs; src/planet_atlas.rs; src/planet.rs,genesis_is_byte_identical_and_causal; transport_is_exact_and_slicing_independent; every_directed_face_edge_is_reciprocal_and_uniform_fields_stay_idle; qualification_seed_suite_has_no_face_or_corner_privilege; exports_cover_every_operator_layer_and_reconcile,proven,goals 1-8 implementation plus Goal 9 integrated audit,docs/magic-qualification-implementation.md
docs/magic-geography-plan.md:287,Genesis allocation,"Validate distribution, connectivity, progression redundancy, and seams.",2,src/arcane_geography.rs; src/planet_atlas.rs; src/planet.rs,genesis_is_byte_identical_and_causal; transport_is_exact_and_slicing_independent; every_directed_face_edge_is_reciprocal_and_uniform_fields_stay_idle; qualification_seed_suite_has_no_face_or_corner_privilege; exports_cover_every_operator_layer_and_reconcile,proven,goals 1-8 implementation plus Goal 9 integrated audit,docs/magic-qualification-implementation.md
docs/magic-geography-plan.md:288,Genesis allocation,Write immutable and dynamic layers atomically with checksums.,2,src/arcane_geography.rs; src/planet_atlas.rs; src/planet.rs,genesis_is_byte_identical_and_causal; transport_is_exact_and_slicing_independent; every_directed_face_edge_is_reciprocal_and_uniform_fields_stay_idle; qualification_seed_suite_has_no_face_or_corner_privilege; exports_cover_every_operator_layer_and_reconcile,proven,goals 1-8 implementation plus Goal 9 integrated audit,docs/magic-qualification-implementation.md
docs/magic-geography-plan.md:304,Conservative transport,"potential difference,",2,src/arcane_geography.rs; src/planet_atlas.rs; src/planet.rs,genesis_is_byte_identical_and_causal; transport_is_exact_and_slicing_independent; every_directed_face_edge_is_reciprocal_and_uniform_fields_stay_idle; qualification_seed_suite_has_no_face_or_corner_privilege; exports_cover_every_operator_layer_and_reconcile,proven,goals 1-8 implementation plus Goal 9 integrated audit,docs/magic-qualification-implementation.md
docs/magic-geography-plan.md:305,Conservative transport,"source balance,",2,src/arcane_geography.rs; src/planet_atlas.rs; src/planet.rs,genesis_is_byte_identical_and_causal; transport_is_exact_and_slicing_independent; every_directed_face_edge_is_reciprocal_and_uniform_fields_stay_idle; qualification_seed_suite_has_no_face_or_corner_privilege; exports_cover_every_operator_layer_and_reconcile,proven,goals 1-8 implementation plus Goal 9 integrated audit,docs/magic-qualification-implementation.md
docs/magic-geography-plan.md:306,Conservative transport,"shared physical edge length,",2,src/arcane_geography.rs; src/planet_atlas.rs; src/planet.rs,genesis_is_byte_identical_and_causal; transport_is_exact_and_slicing_independent; every_directed_face_edge_is_reciprocal_and_uniform_fields_stay_idle; qualification_seed_suite_has_no_face_or_corner_privilege; exports_cover_every_operator_layer_and_reconcile,proven,goals 1-8 implementation plus Goal 9 integrated audit,docs/magic-qualification-implementation.md
docs/magic-geography-plan.md:307,Conservative transport,"cell area,",2,src/arcane_geography.rs; src/planet_atlas.rs; src/planet.rs,genesis_is_byte_identical_and_causal; transport_is_exact_and_slicing_independent; every_directed_face_edge_is_reciprocal_and_uniform_fields_stay_idle; qualification_seed_suite_has_no_face_or_corner_privilege; exports_cover_every_operator_layer_and_reconcile,proven,goals 1-8 implementation plus Goal 9 integrated audit,docs/magic-qualification-implementation.md
docs/magic-geography-plan.md:308,Conservative transport,"conductivity in the crossing direction,",2,src/arcane_geography.rs; src/planet_atlas.rs; src/planet.rs,genesis_is_byte_identical_and_causal; transport_is_exact_and_slicing_independent; every_directed_face_edge_is_reciprocal_and_uniform_fields_stay_idle; qualification_seed_suite_has_no_face_or_corner_privilege; exports_cover_every_operator_layer_and_reconcile,proven,goals 1-8 implementation plus Goal 9 integrated audit,docs/magic-qualification-implementation.md
docs/magic-geography-plan.md:309,Conservative transport,a stable fixed simulation step.,2,src/arcane_geography.rs; src/planet_atlas.rs; src/planet.rs,genesis_is_byte_identical_and_causal; transport_is_exact_and_slicing_independent; every_directed_face_edge_is_reciprocal_and_uniform_fields_stay_idle; qualification_seed_suite_has_no_face_or_corner_privilege; exports_cover_every_operator_layer_and_reconcile,proven,goals 1-8 implementation plus Goal 9 integrated audit,docs/magic-qualification-implementation.md
docs/magic-geography-plan.md:325,Time and loading,Coarse transport advances for the entire planet on authoritative fixed,2,src/arcane_geography.rs; src/planet_atlas.rs; src/planet.rs,genesis_is_byte_identical_and_causal; transport_is_exact_and_slicing_independent; every_directed_face_edge_is_reciprocal_and_uniform_fields_stay_idle; qualification_seed_suite_has_no_face_or_corner_privilege; exports_cover_every_operator_layer_and_reconcile,proven,goals 1-8 implementation plus Goal 9 integrated audit,docs/magic-qualification-implementation.md
docs/magic-geography-plan.md:327,Time and loading,Catch-up is derived from persisted time and bounded into deterministic,2,src/arcane_geography.rs; src/planet_atlas.rs; src/planet.rs,genesis_is_byte_identical_and_causal; transport_is_exact_and_slicing_independent; every_directed_face_edge_is_reciprocal_and_uniform_fields_stay_idle; qualification_seed_suite_has_no_face_or_corner_privilege; exports_cover_every_operator_layer_and_reconcile,proven,goals 1-8 implementation plus Goal 9 integrated audit,docs/magic-qualification-implementation.md
docs/magic-geography-plan.md:329,Time and loading,Loaded chunks neither gain simulation priority nor become privileged sinks.,2,src/arcane_geography.rs; src/planet_atlas.rs; src/planet.rs,genesis_is_byte_identical_and_causal; transport_is_exact_and_slicing_independent; every_directed_face_edge_is_reciprocal_and_uniform_fields_stay_idle; qualification_seed_suite_has_no_face_or_corner_privilege; exports_cover_every_operator_layer_and_reconcile,proven,goals 1-8 implementation plus Goal 9 integrated audit,docs/magic-qualification-implementation.md
docs/magic-geography-plan.md:330,Time and loading,"Opening, closing, or visiting a region cannot change planetary results.",2,src/arcane_geography.rs; src/planet_atlas.rs; src/planet.rs,genesis_is_byte_identical_and_causal; transport_is_exact_and_slicing_independent; every_directed_face_edge_is_reciprocal_and_uniform_fields_stay_idle; qualification_seed_suite_has_no_face_or_corner_privilege; exports_cover_every_operator_layer_and_reconcile,proven,goals 1-8 implementation plus Goal 9 integrated audit,docs/magic-qualification-implementation.md
docs/magic-geography-plan.md:331,Time and loading,The idle equilibrium does not oscillate or leak units through rounding.,2,src/arcane_geography.rs; src/planet_atlas.rs; src/planet.rs,genesis_is_byte_identical_and_causal; transport_is_exact_and_slicing_independent; every_directed_face_edge_is_reciprocal_and_uniform_fields_stay_idle; qualification_seed_suite_has_no_face_or_corner_privilege; exports_cover_every_operator_layer_and_reconcile,proven,goals 1-8 implementation plus Goal 9 integrated audit,docs/magic-qualification-implementation.md
docs/magic-geography-plan.md:337,Resonance geography,Root strengthens through persistent living soils and productive habitat.,2,src/arcane_geography.rs; src/planet_atlas.rs; src/planet.rs,genesis_is_byte_identical_and_causal; transport_is_exact_and_slicing_independent; every_directed_face_edge_is_reciprocal_and_uniform_fields_stay_idle; qualification_seed_suite_has_no_face_or_corner_privilege; exports_cover_every_operator_layer_and_reconcile,proven,goals 1-8 implementation plus Goal 9 integrated audit,docs/magic-qualification-implementation.md
docs/magic-geography-plan.md:338,Resonance geography,"Tide strengthens through groundwater, wetlands, rivers, coasts, and ocean",2,src/arcane_geography.rs; src/planet_atlas.rs; src/planet.rs,genesis_is_byte_identical_and_causal; transport_is_exact_and_slicing_independent; every_directed_face_edge_is_reciprocal_and_uniform_fields_stay_idle; qualification_seed_suite_has_no_face_or_corner_privilege; exports_cover_every_operator_layer_and_reconcile,proven,goals 1-8 implementation plus Goal 9 integrated audit,docs/magic-qualification-implementation.md
docs/magic-geography-plan.md:340,Resonance geography,"Ember strengthens around volcanic provinces, fire history, and strong",2,src/arcane_geography.rs; src/planet_atlas.rs; src/planet.rs,genesis_is_byte_identical_and_causal; transport_is_exact_and_slicing_independent; every_directed_face_edge_is_reciprocal_and_uniform_fields_stay_idle; qualification_seed_suite_has_no_face_or_corner_privilege; exports_cover_every_operator_layer_and_reconcile,proven,goals 1-8 implementation plus Goal 9 integrated audit,docs/magic-qualification-implementation.md
docs/magic-geography-plan.md:342,Resonance geography,"Stone strengthens in old coherent crust, pressure zones, and massive rock.",2,src/arcane_geography.rs; src/planet_atlas.rs; src/planet.rs,genesis_is_byte_identical_and_causal; transport_is_exact_and_slicing_independent; every_directed_face_edge_is_reciprocal_and_uniform_fields_stay_idle; qualification_seed_suite_has_no_face_or_corner_privilege; exports_cover_every_operator_layer_and_reconcile,proven,goals 1-8 implementation plus Goal 9 integrated audit,docs/magic-qualification-implementation.md
docs/magic-geography-plan.md:343,Resonance geography,"Gale strengthens in storm tracks, exposed heights, and auroral belts.",2,src/arcane_geography.rs; src/planet_atlas.rs; src/planet.rs,genesis_is_byte_identical_and_causal; transport_is_exact_and_slicing_independent; every_directed_face_edge_is_reciprocal_and_uniform_fields_stay_idle; qualification_seed_suite_has_no_face_or_corner_privilege; exports_cover_every_operator_layer_and_reconcile,proven,goals 1-8 implementation plus Goal 9 integrated audit,docs/magic-qualification-implementation.md
docs/magic-geography-plan.md:344,Resonance geography,"Echo strengthens around long-lived hearts, stable caves, ruins, and places",2,src/arcane_geography.rs; src/planet_atlas.rs; src/planet.rs,genesis_is_byte_identical_and_causal; transport_is_exact_and_slicing_independent; every_directed_face_edge_is_reciprocal_and_uniform_fields_stay_idle; qualification_seed_suite_has_no_face_or_corner_privilege; exports_cover_every_operator_layer_and_reconcile,proven,goals 1-8 implementation plus Goal 9 integrated audit,docs/magic-qualification-implementation.md
docs/magic-geography-plan.md:410,Geographic naming and maps,"unusual quiet or harmonic ambient sound,",2,src/arcane_geography.rs; src/planet_atlas.rs; src/planet.rs,genesis_is_byte_identical_and_causal; transport_is_exact_and_slicing_independent; every_directed_face_edge_is_reciprocal_and_uniform_fields_stay_idle; qualification_seed_suite_has_no_face_or_corner_privilege; exports_cover_every_operator_layer_and_reconcile,proven,goals 1-8 implementation plus Goal 9 integrated audit,docs/magic-qualification-implementation.md
docs/magic-geography-plan.md:411,Geographic naming and maps,"recurrent lights or polarized shimmer,",2,src/arcane_geography.rs; src/planet_atlas.rs; src/planet.rs,genesis_is_byte_identical_and_causal; transport_is_exact_and_slicing_independent; every_directed_face_edge_is_reciprocal_and_uniform_fields_stay_idle; qualification_seed_suite_has_no_face_or_corner_privilege; exports_cover_every_operator_layer_and_reconcile,proven,goals 1-8 implementation plus Goal 9 integrated audit,docs/magic-qualification-implementation.md
docs/magic-geography-plan.md:412,Geographic naming and maps,"plant posture and animal behavior,",2,src/arcane_geography.rs; src/planet_atlas.rs; src/planet.rs,genesis_is_byte_identical_and_causal; transport_is_exact_and_slicing_independent; every_directed_face_edge_is_reciprocal_and_uniform_fields_stay_idle; qualification_seed_suite_has_no_face_or_corner_privilege; exports_cover_every_operator_layer_and_reconcile,proven,goals 1-8 implementation plus Goal 9 integrated audit,docs/magic-qualification-implementation.md
docs/magic-geography-plan.md:413,Geographic naming and maps,"mineral ringing, fog structure, or persistent static,",2,src/arcane_geography.rs; src/planet_atlas.rs; src/planet.rs,genesis_is_byte_identical_and_causal; transport_is_exact_and_slicing_independent; every_directed_face_edge_is_reciprocal_and_uniform_fields_stay_idle; qualification_seed_suite_has_no_face_or_corner_privilege; exports_cover_every_operator_layer_and_reconcile,proven,goals 1-8 implementation plus Goal 9 integrated audit,docs/magic-qualification-implementation.md
docs/magic-geography-plan.md:414,Geographic naming and maps,a heart's visible condition.,2,src/arcane_geography.rs; src/planet_atlas.rs; src/planet.rs,genesis_is_byte_identical_and_causal; transport_is_exact_and_slicing_independent; every_directed_face_edge_is_reciprocal_and_uniform_fields_stay_idle; qualification_seed_suite_has_no_face_or_corner_privilege; exports_cover_every_operator_layer_and_reconcile,proven,goals 1-8 implementation plus Goal 9 integrated audit,docs/magic-qualification-implementation.md
docs/magic-geography-plan.md:431,Progression and distribution guarantees,usable Current and at least one stable observation site on every viable,2,src/arcane_geography.rs; src/planet_atlas.rs; src/planet.rs,genesis_is_byte_identical_and_causal; transport_is_exact_and_slicing_independent; every_directed_face_edge_is_reciprocal_and_uniform_fields_stay_idle; qualification_seed_suite_has_no_face_or_corner_privilege; exports_cover_every_operator_layer_and_reconcile,proven,goals 1-8 implementation plus Goal 9 integrated audit,docs/magic-qualification-implementation.md
docs/magic-geography-plan.md:433,Progression and distribution guarantees,"at least three independent confluence networks globally,",2,src/arcane_geography.rs; src/planet_atlas.rs; src/planet.rs,genesis_is_byte_identical_and_causal; transport_is_exact_and_slicing_independent; every_directed_face_edge_is_reciprocal_and_uniform_fields_stay_idle; qualification_seed_suite_has_no_face_or_corner_privilege; exports_cover_every_operator_layer_and_reconcile,proven,goals 1-8 implementation plus Goal 9 integrated audit,docs/magic-qualification-implementation.md
docs/magic-geography-plan.md:434,Progression and distribution guarantees,"multiple wells and stills in different climates,",2,src/arcane_geography.rs; src/planet_atlas.rs; src/planet.rs,genesis_is_byte_identical_and_causal; transport_is_exact_and_slicing_independent; every_directed_face_edge_is_reciprocal_and_uniform_fields_stay_idle; qualification_seed_suite_has_no_face_or_corner_privilege; exports_cover_every_operator_layer_and_reconcile,proven,goals 1-8 implementation plus Goal 9 integrated audit,docs/magic-qualification-implementation.md
docs/magic-geography-plan.md:435,Progression and distribution guarantees,"all six resonances in more than one geographic region,",2,src/arcane_geography.rs; src/planet_atlas.rs; src/planet.rs,genesis_is_byte_identical_and_causal; transport_is_exact_and_slicing_independent; every_directed_face_edge_is_reciprocal_and_uniform_fields_stay_idle; qualification_seed_suite_has_no_face_or_corner_privilege; exports_cover_every_operator_layer_and_reconcile,proven,goals 1-8 implementation plus Goal 9 integrated audit,docs/magic-qualification-implementation.md
docs/magic-geography-plan.md:436,Progression and distribution guarantees,"no progression-critical resonance restricted to one island, one heart, one",2,src/arcane_geography.rs; src/planet_atlas.rs; src/planet.rs,genesis_is_byte_identical_and_causal; transport_is_exact_and_slicing_independent; every_directed_face_edge_is_reciprocal_and_uniform_fields_stay_idle; qualification_seed_suite_has_no_face_or_corner_privilege; exports_cover_every_operator_layer_and_reconcile,proven,goals 1-8 implementation plus Goal 9 integrated audit,docs/magic-qualification-implementation.md
docs/magic-geography-plan.md:438,Progression and distribution guarantees,a viable early discovery region reachable from every accepted spawn without,2,src/arcane_geography.rs; src/planet_atlas.rs; src/planet.rs,genesis_is_byte_identical_and_causal; transport_is_exact_and_slicing_independent; every_directed_face_edge_is_reciprocal_and_uniform_fields_stay_idle; qualification_seed_suite_has_no_face_or_corner_privilege; exports_cover_every_operator_layer_and_reconcile,proven,goals 1-8 implementation plus Goal 9 integrated audit,docs/magic-qualification-implementation.md
docs/magic-geography-plan.md:440,Progression and distribution guarantees,rare exceptionally rich places without making ordinary country magically,2,src/arcane_geography.rs; src/planet_atlas.rs; src/planet.rs,genesis_is_byte_identical_and_causal; transport_is_exact_and_slicing_independent; every_directed_face_edge_is_reciprocal_and_uniform_fields_stay_idle; qualification_seed_suite_has_no_face_or_corner_privilege; exports_cover_every_operator_layer_and_reconcile,proven,goals 1-8 implementation plus Goal 9 integrated audit,docs/magic-qualification-implementation.md
docs/magic-geography-plan.md:449,Persistence and versioning,"geography algorithm and layer versions,",2,src/arcane_geography.rs; src/planet_atlas.rs; src/planet.rs,genesis_is_byte_identical_and_causal; transport_is_exact_and_slicing_independent; every_directed_face_edge_is_reciprocal_and_uniform_fields_stay_idle; qualification_seed_suite_has_no_face_or_corner_privilege; exports_cover_every_operator_layer_and_reconcile,proven,goals 1-8 implementation plus Goal 9 integrated audit,docs/magic-qualification-implementation.md
docs/magic-geography-plan.md:450,Persistence and versioning,"genesis Current parameter,",2,src/arcane_geography.rs; src/planet_atlas.rs; src/planet.rs,genesis_is_byte_identical_and_causal; transport_is_exact_and_slicing_independent; every_directed_face_edge_is_reciprocal_and_uniform_fields_stay_idle; qualification_seed_suite_has_no_face_or_corner_privilege; exports_cover_every_operator_layer_and_reconcile,proven,goals 1-8 implementation plus Goal 9 integrated audit,docs/magic-qualification-implementation.md
docs/magic-geography-plan.md:451,Persistence and versioning,"layer checksums,",2,src/arcane_geography.rs; src/planet_atlas.rs; src/planet.rs,genesis_is_byte_identical_and_causal; transport_is_exact_and_slicing_independent; every_directed_face_edge_is_reciprocal_and_uniform_fields_stay_idle; qualification_seed_suite_has_no_face_or_corner_privilege; exports_cover_every_operator_layer_and_reconcile,proven,goals 1-8 implementation plus Goal 9 integrated audit,docs/magic-qualification-implementation.md
docs/magic-geography-plan.md:452,Persistence and versioning,"site catalog checksum,",2,src/arcane_geography.rs; src/planet_atlas.rs; src/planet.rs,genesis_is_byte_identical_and_causal; transport_is_exact_and_slicing_independent; every_directed_face_edge_is_reciprocal_and_uniform_fields_stay_idle; qualification_seed_suite_has_no_face_or_corner_privilege; exports_cover_every_operator_layer_and_reconcile,proven,goals 1-8 implementation plus Goal 9 integrated audit,docs/magic-qualification-implementation.md
docs/magic-geography-plan.md:453,Persistence and versioning,"last authoritative simulation time,",2,src/arcane_geography.rs; src/planet_atlas.rs; src/planet.rs,genesis_is_byte_identical_and_causal; transport_is_exact_and_slicing_independent; every_directed_face_edge_is_reciprocal_and_uniform_fields_stay_idle; qualification_seed_suite_has_no_face_or_corner_privilege; exports_cover_every_operator_layer_and_reconcile,proven,goals 1-8 implementation plus Goal 9 integrated audit,docs/magic-qualification-implementation.md
docs/magic-geography-plan.md:454,Persistence and versioning,dynamic journal/checkpoint version.,2,src/arcane_geography.rs; src/planet_atlas.rs; src/planet.rs,genesis_is_byte_identical_and_causal; transport_is_exact_and_slicing_independent; every_directed_face_edge_is_reciprocal_and_uniform_fields_stay_idle; qualification_seed_suite_has_no_face_or_corner_privilege; exports_cover_every_operator_layer_and_reconcile,proven,goals 1-8 implementation plus Goal 9 integrated audit,docs/magic-qualification-implementation.md
docs/magic-geography-plan.md:479,Mod integration,"modifiers combine through bounded documented operations,",2,src/arcane_geography.rs; src/planet_atlas.rs; src/planet.rs,genesis_is_byte_identical_and_causal; transport_is_exact_and_slicing_independent; every_directed_face_edge_is_reciprocal_and_uniform_fields_stay_idle; qualification_seed_suite_has_no_face_or_corner_privilege; exports_cover_every_operator_layer_and_reconcile,proven,goals 1-8 implementation plus Goal 9 integrated audit,docs/magic-qualification-implementation.md
docs/magic-geography-plan.md:480,Mod integration,"no mod obtains direct per-cell arbitrary mutation,",2,src/arcane_geography.rs; src/planet_atlas.rs; src/planet.rs,genesis_is_byte_identical_and_causal; transport_is_exact_and_slicing_independent; every_directed_face_edge_is_reciprocal_and_uniform_fields_stay_idle; qualification_seed_suite_has_no_face_or_corner_privilege; exports_cover_every_operator_layer_and_reconcile,proven,goals 1-8 implementation plus Goal 9 integrated audit,docs/magic-qualification-implementation.md
docs/magic-geography-plan.md:481,Mod integration,"creation-time content participates in the genesis hash,",2,src/arcane_geography.rs; src/planet_atlas.rs; src/planet.rs,genesis_is_byte_identical_and_causal; transport_is_exact_and_slicing_independent; every_directed_face_edge_is_reciprocal_and_uniform_fields_stay_idle; qualification_seed_suite_has_no_face_or_corner_privilege; exports_cover_every_operator_layer_and_reconcile,proven,goals 1-8 implementation plus Goal 9 integrated audit,docs/magic-qualification-implementation.md
docs/magic-geography-plan.md:482,Mod integration,"post-creation additions use an explicit finite-world retrogen policy,",2,src/arcane_geography.rs; src/planet_atlas.rs; src/planet.rs,genesis_is_byte_identical_and_causal; transport_is_exact_and_slicing_independent; every_directed_face_edge_is_reciprocal_and_uniform_fields_stay_idle; qualification_seed_suite_has_no_face_or_corner_privilege; exports_cover_every_operator_layer_and_reconcile,proven,goals 1-8 implementation plus Goal 9 integrated audit,docs/magic-qualification-implementation.md
docs/magic-geography-plan.md:483,Mod integration,"retrogen never overwrites construction or changes the genesis total,",2,src/arcane_geography.rs; src/planet_atlas.rs; src/planet.rs,genesis_is_byte_identical_and_causal; transport_is_exact_and_slicing_independent; every_directed_face_edge_is_reciprocal_and_uniform_fields_stay_idle; qualification_seed_suite_has_no_face_or_corner_privilege; exports_cover_every_operator_layer_and_reconcile,proven,goals 1-8 implementation plus Goal 9 integrated audit,docs/magic-qualification-implementation.md
docs/magic-geography-plan.md:484,Mod integration,new capacity/sites redistribute or reclassify existing Current rather than,2,src/arcane_geography.rs; src/planet_atlas.rs; src/planet.rs,genesis_is_byte_identical_and_causal; transport_is_exact_and_slicing_independent; every_directed_face_edge_is_reciprocal_and_uniform_fields_stay_idle; qualification_seed_suite_has_no_face_or_corner_privilege; exports_cover_every_operator_layer_and_reconcile,proven,goals 1-8 implementation plus Goal 9 integrated audit,docs/magic-qualification-implementation.md
docs/magic-geography-plan.md:486,Mod integration,removed mods preserve unknown site ids and dynamic balances safely.,2,src/arcane_geography.rs; src/planet_atlas.rs; src/planet.rs,genesis_is_byte_identical_and_causal; transport_is_exact_and_slicing_independent; every_directed_face_edge_is_reciprocal_and_uniform_fields_stay_idle; qualification_seed_suite_has_no_face_or_corner_privilege; exports_cover_every_operator_layer_and_reconcile,proven,goals 1-8 implementation plus Goal 9 integrated audit,docs/magic-qualification-implementation.md
docs/magic-geography-plan.md:508,Operator tools,"totals/census by continent, climate, biome, country, watershed, and site,",2,src/arcane_geography.rs; src/planet_atlas.rs; src/planet.rs,genesis_is_byte_identical_and_causal; transport_is_exact_and_slicing_independent; every_directed_face_edge_is_reciprocal_and_uniform_fields_stay_idle; qualification_seed_suite_has_no_face_or_corner_privilege; exports_cover_every_operator_layer_and_reconcile,proven,goals 1-8 implementation plus Goal 9 integrated audit,docs/magic-qualification-implementation.md
docs/magic-geography-plan.md:509,Operator tools,"cross-sections through representative mountains, faults, rivers, coasts,",2,src/arcane_geography.rs; src/planet_atlas.rs; src/planet.rs,genesis_is_byte_identical_and_causal; transport_is_exact_and_slicing_independent; every_directed_face_edge_is_reciprocal_and_uniform_fields_stay_idle; qualification_seed_suite_has_no_face_or_corner_privilege; exports_cover_every_operator_layer_and_reconcile,proven,goals 1-8 implementation plus Goal 9 integrated audit,docs/magic-qualification-implementation.md
docs/magic-geography-plan.md:511,Operator tools,"a connectivity graph of conductive regions,",2,src/arcane_geography.rs; src/planet_atlas.rs; src/planet.rs,genesis_is_byte_identical_and_causal; transport_is_exact_and_slicing_independent; every_directed_face_edge_is_reciprocal_and_uniform_fields_stay_idle; qualification_seed_suite_has_no_face_or_corner_privilege; exports_cover_every_operator_layer_and_reconcile,proven,goals 1-8 implementation plus Goal 9 integrated audit,docs/magic-qualification-implementation.md
docs/magic-geography-plan.md:512,Operator tools,min/max/percentile and physical-area-weighted histograms.,2,src/arcane_geography.rs; src/planet_atlas.rs; src/planet.rs,genesis_is_byte_identical_and_causal; transport_is_exact_and_slicing_independent; every_directed_face_edge_is_reciprocal_and_uniform_fields_stay_idle; qualification_seed_suite_has_no_face_or_corner_privilege; exports_cover_every_operator_layer_and_reconcile,proven,goals 1-8 implementation plus Goal 9 integrated audit,docs/magic-qualification-implementation.md
docs/magic-geography-plan.md:518,Genesis and causality,"Same seed, versions, and content produce byte-identical arcane genesis.",2,src/arcane_geography.rs; src/planet_atlas.rs; src/planet.rs,genesis_is_byte_identical_and_causal; transport_is_exact_and_slicing_independent; every_directed_face_edge_is_reciprocal_and_uniform_fields_stay_idle; qualification_seed_suite_has_no_face_or_corner_privilege; exports_cover_every_operator_layer_and_reconcile,proven,goals 1-8 implementation plus Goal 9 integrated audit,docs/magic-qualification-implementation.md
docs/magic-geography-plan.md:519,Genesis and causality,Chunk generation/load order has no effect.,2,src/arcane_geography.rs; src/planet_atlas.rs; src/planet.rs,genesis_is_byte_identical_and_causal; transport_is_exact_and_slicing_independent; every_directed_face_edge_is_reciprocal_and_uniform_fields_stay_idle; qualification_seed_suite_has_no_face_or_corner_privilege; exports_cover_every_operator_layer_and_reconcile,proven,goals 1-8 implementation plus Goal 9 integrated audit,docs/magic-qualification-implementation.md
docs/magic-geography-plan.md:520,Genesis and causality,Capacity and resonance relationships follow their declared geography in a,2,src/arcane_geography.rs; src/planet_atlas.rs; src/planet.rs,genesis_is_byte_identical_and_causal; transport_is_exact_and_slicing_independent; every_directed_face_edge_is_reciprocal_and_uniform_fields_stay_idle; qualification_seed_suite_has_no_face_or_corner_privilege; exports_cover_every_operator_layer_and_reconcile,proven,goals 1-8 implementation plus Goal 9 integrated audit,docs/magic-qualification-implementation.md
docs/magic-geography-plan.md:522,Genesis and causality,"No face center, edge, or corner has a statistical privilege after physical",2,src/arcane_geography.rs; src/planet_atlas.rs; src/planet.rs,genesis_is_byte_identical_and_causal; transport_is_exact_and_slicing_independent; every_directed_face_edge_is_reciprocal_and_uniform_fields_stay_idle; qualification_seed_suite_has_no_face_or_corner_privilege; exports_cover_every_operator_layer_and_reconcile,proven,goals 1-8 implementation plus Goal 9 integrated audit,docs/magic-qualification-implementation.md
docs/magic-geography-plan.md:524,Genesis and causality,Every distribution guarantee passes for the qualification seeds.,2,src/arcane_geography.rs; src/planet_atlas.rs; src/planet.rs,genesis_is_byte_identical_and_causal; transport_is_exact_and_slicing_independent; every_directed_face_edge_is_reciprocal_and_uniform_fields_stay_idle; qualification_seed_suite_has_no_face_or_corner_privilege; exports_cover_every_operator_layer_and_reconcile,proven,goals 1-8 implementation plus Goal 9 integrated audit,docs/magic-qualification-implementation.md
docs/magic-geography-plan.md:528,Topology and transport,Equal fields remain equal across every directed face edge and corner.,2,src/arcane_geography.rs; src/planet_atlas.rs; src/planet.rs,genesis_is_byte_identical_and_causal; transport_is_exact_and_slicing_independent; every_directed_face_edge_is_reciprocal_and_uniform_fields_stay_idle; qualification_seed_suite_has_no_face_or_corner_privilege; exports_cover_every_operator_layer_and_reconcile,proven,goals 1-8 implementation plus Goal 9 integrated audit,docs/magic-qualification-implementation.md
docs/magic-geography-plan.md:529,Topology and transport,"A pulse crosses seams without gain, loss, reflection, or rotation error.",2,src/arcane_geography.rs; src/planet_atlas.rs; src/planet.rs,genesis_is_byte_identical_and_causal; transport_is_exact_and_slicing_independent; every_directed_face_edge_is_reciprocal_and_uniform_fields_stay_idle; qualification_seed_suite_has_no_face_or_corner_privilege; exports_cover_every_operator_layer_and_reconcile,proven,goals 1-8 implementation plus Goal 9 integrated audit,docs/magic-qualification-implementation.md
docs/magic-geography-plan.md:530,Topology and transport,Each neighbor transfer debits and credits the exact same units.,2,src/arcane_geography.rs; src/planet_atlas.rs; src/planet.rs,genesis_is_byte_identical_and_causal; transport_is_exact_and_slicing_independent; every_directed_face_edge_is_reciprocal_and_uniform_fields_stay_idle; qualification_seed_suite_has_no_face_or_corner_privilege; exports_cover_every_operator_layer_and_reconcile,proven,goals 1-8 implementation plus Goal 9 integrated audit,docs/magic-qualification-implementation.md
docs/magic-geography-plan.md:531,Topology and transport,Global total remains exact across long randomized transport and deep,2,src/arcane_geography.rs; src/planet_atlas.rs; src/planet.rs,genesis_is_byte_identical_and_causal; transport_is_exact_and_slicing_independent; every_directed_face_edge_is_reciprocal_and_uniform_fields_stay_idle; qualification_seed_suite_has_no_face_or_corner_privilege; exports_cover_every_operator_layer_and_reconcile,proven,goals 1-8 implementation plus Goal 9 integrated audit,docs/magic-qualification-implementation.md
docs/magic-geography-plan.md:533,Topology and transport,Iteration order and worker count do not change the checkpoint hash.,2,src/arcane_geography.rs; src/planet_atlas.rs; src/planet.rs,genesis_is_byte_identical_and_causal; transport_is_exact_and_slicing_independent; every_directed_face_edge_is_reciprocal_and_uniform_fields_stay_idle; qualification_seed_suite_has_no_face_or_corner_privilege; exports_cover_every_operator_layer_and_reconcile,proven,goals 1-8 implementation plus Goal 9 integrated audit,docs/magic-qualification-implementation.md
docs/magic-geography-plan.md:534,Topology and transport,Catch-up and continuous stepping reach identical results.,2,src/arcane_geography.rs; src/planet_atlas.rs; src/planet.rs,genesis_is_byte_identical_and_causal; transport_is_exact_and_slicing_independent; every_directed_face_edge_is_reciprocal_and_uniform_fields_stay_idle; qualification_seed_suite_has_no_face_or_corner_privilege; exports_cover_every_operator_layer_and_reconcile,proven,goals 1-8 implementation plus Goal 9 integrated audit,docs/magic-qualification-implementation.md
docs/magic-geography-plan.md:538,Stability and performance,An undisturbed planet approaches and retains a bounded equilibrium.,2,src/arcane_geography.rs; src/planet_atlas.rs; src/planet.rs,genesis_is_byte_identical_and_causal; transport_is_exact_and_slicing_independent; every_directed_face_edge_is_reciprocal_and_uniform_fields_stay_idle; qualification_seed_suite_has_no_face_or_corner_privilege; exports_cover_every_operator_layer_and_reconcile,proven,goals 1-8 implementation plus Goal 9 integrated audit,docs/magic-qualification-implementation.md
docs/magic-geography-plan.md:539,Stability and performance,No cell oscillates because of fixed-point rounding.,2,src/arcane_geography.rs; src/planet_atlas.rs; src/planet.rs,genesis_is_byte_identical_and_causal; transport_is_exact_and_slicing_independent; every_directed_face_edge_is_reciprocal_and_uniform_fields_stay_idle; qualification_seed_suite_has_no_face_or_corner_privilege; exports_cover_every_operator_layer_and_reconcile,proven,goals 1-8 implementation plus Goal 9 integrated audit,docs/magic-qualification-implementation.md
docs/magic-geography-plan.md:540,Stability and performance,The full default planet advances within the measured server budget without,2,src/arcane_geography.rs; src/planet_atlas.rs; src/planet.rs,genesis_is_byte_identical_and_causal; transport_is_exact_and_slicing_independent; every_directed_face_edge_is_reciprocal_and_uniform_fields_stay_idle; qualification_seed_suite_has_no_face_or_corner_privilege; exports_cover_every_operator_layer_and_reconcile,proven,goals 1-8 implementation plus Goal 9 integrated audit,docs/magic-qualification-implementation.md
docs/magic-geography-plan.md:542,Stability and performance,Persistence remains bounded and atomic.,2,src/arcane_geography.rs; src/planet_atlas.rs; src/planet.rs,genesis_is_byte_identical_and_causal; transport_is_exact_and_slicing_independent; every_directed_face_edge_is_reciprocal_and_uniform_fields_stay_idle; qualification_seed_suite_has_no_face_or_corner_privilege; exports_cover_every_operator_layer_and_reconcile,proven,goals 1-8 implementation plus Goal 9 integrated audit,docs/magic-qualification-implementation.md
docs/magic-geography-plan.md:546,Places and information,Place ids/extents are stable across save/load.,2,src/arcane_geography.rs; src/planet_atlas.rs; src/planet.rs,genesis_is_byte_identical_and_causal; transport_is_exact_and_slicing_independent; every_directed_face_edge_is_reciprocal_and_uniform_fields_stay_idle; qualification_seed_suite_has_no_face_or_corner_privilege; exports_cover_every_operator_layer_and_reconcile,proven,goals 1-8 implementation plus Goal 9 integrated audit,docs/magic-qualification-implementation.md
docs/magic-geography-plan.md:547,Places and information,Wakes decay by accounted transfer.,2,src/arcane_geography.rs; src/planet_atlas.rs; src/planet.rs,genesis_is_byte_identical_and_causal; transport_is_exact_and_slicing_independent; every_directed_face_edge_is_reciprocal_and_uniform_fields_stay_idle; qualification_seed_suite_has_no_face_or_corner_privilege; exports_cover_every_operator_layer_and_reconcile,proven,goals 1-8 implementation plus Goal 9 integrated audit,docs/magic-qualification-implementation.md
docs/magic-geography-plan.md:548,Places and information,Wells debit deep reserves and stills retain dumped dross.,2,src/arcane_geography.rs; src/planet_atlas.rs; src/planet.rs,genesis_is_byte_identical_and_causal; transport_is_exact_and_slicing_independent; every_directed_face_edge_is_reciprocal_and_uniform_fields_stay_idle; qualification_seed_suite_has_no_face_or_corner_privilege; exports_cover_every_operator_layer_and_reconcile,proven,goals 1-8 implementation plus Goal 9 integrated audit,docs/magic-qualification-implementation.md
docs/magic-geography-plan.md:549,Places and information,Player surveys reveal only earned qualitative information.,2,src/arcane_geography.rs; src/planet_atlas.rs; src/planet.rs,genesis_is_byte_identical_and_causal; transport_is_exact_and_slicing_independent; every_directed_face_edge_is_reciprocal_and_uniform_fields_stay_idle; qualification_seed_suite_has_no_face_or_corner_privilege; exports_cover_every_operator_layer_and_reconcile,proven,goals 1-8 implementation plus Goal 9 integrated audit,docs/magic-qualification-implementation.md
docs/magic-geography-plan.md:550,Places and information,Operator exports reconcile with the arcane audit.,2,src/arcane_geography.rs; src/planet_atlas.rs; src/planet.rs,genesis_is_byte_identical_and_causal; transport_is_exact_and_slicing_independent; every_directed_face_edge_is_reciprocal_and_uniform_fields_stay_idle; qualification_seed_suite_has_no_face_or_corner_privilege; exports_cover_every_operator_layer_and_reconcile,proven,goals 1-8 implementation plus Goal 9 integrated audit,docs/magic-qualification-implementation.md
docs/magic-geography-plan.md:556,Completion criteria,"the qualified planet carries causal immutable and dynamic arcane layers,",2,src/arcane_geography.rs; src/planet_atlas.rs; src/planet.rs,genesis_is_byte_identical_and_causal; transport_is_exact_and_slicing_independent; every_directed_face_edge_is_reciprocal_and_uniform_fields_stay_idle; qualification_seed_suite_has_no_face_or_corner_privilege; exports_cover_every_operator_layer_and_reconcile,proven,goals 1-8 implementation plus Goal 9 integrated audit,docs/magic-qualification-implementation.md
docs/magic-geography-plan.md:557,Completion criteria,"all Current and dross transport is conservative, stable, seam-safe, and",2,src/arcane_geography.rs; src/planet_atlas.rs; src/planet.rs,genesis_is_byte_identical_and_causal; transport_is_exact_and_slicing_independent; every_directed_face_edge_is_reciprocal_and_uniform_fields_stay_idle; qualification_seed_suite_has_no_face_or_corner_privilege; exports_cover_every_operator_layer_and_reconcile,proven,goals 1-8 implementation plus Goal 9 integrated audit,docs/magic-qualification-implementation.md
docs/magic-geography-plan.md:559,Completion criteria,"place types exist as persistent geographic facts,",2,src/arcane_geography.rs; src/planet_atlas.rs; src/planet.rs,genesis_is_byte_identical_and_causal; transport_is_exact_and_slicing_independent; every_directed_face_edge_is_reciprocal_and_uniform_fields_stay_idle; qualification_seed_suite_has_no_face_or_corner_privilege; exports_cover_every_operator_layer_and_reconcile,proven,goals 1-8 implementation plus Goal 9 integrated audit,docs/magic-qualification-implementation.md
docs/magic-geography-plan.md:560,Completion criteria,"distribution and progression guarantees pass a planet seed suite,",2,src/arcane_geography.rs; src/planet_atlas.rs; src/planet.rs,genesis_is_byte_identical_and_causal; transport_is_exact_and_slicing_independent; every_directed_face_edge_is_reciprocal_and_uniform_fields_stay_idle; qualification_seed_suite_has_no_face_or_corner_privilege; exports_cover_every_operator_layer_and_reconcile,proven,goals 1-8 implementation plus Goal 9 integrated audit,docs/magic-qualification-implementation.md
docs/magic-geography-plan.md:561,Completion criteria,ordinary maps and operator exports expose the correct different levels of,2,src/arcane_geography.rs; src/planet_atlas.rs; src/planet.rs,genesis_is_byte_identical_and_causal; transport_is_exact_and_slicing_independent; every_directed_face_edge_is_reciprocal_and_uniform_fields_stay_idle; qualification_seed_suite_has_no_face_or_corner_privilege; exports_cover_every_operator_layer_and_reconcile,proven,goals 1-8 implementation plus Goal 9 integrated audit,docs/magic-qualification-implementation.md
docs/magic-geography-plan.md:563,Completion criteria,"mod genesis/retrogen behavior is finite and deterministic,",2,src/arcane_geography.rs; src/planet_atlas.rs; src/planet.rs,genesis_is_byte_identical_and_causal; transport_is_exact_and_slicing_independent; every_directed_face_edge_is_reciprocal_and_uniform_fields_stay_idle; qualification_seed_suite_has_no_face_or_corner_privilege; exports_cover_every_operator_layer_and_reconcile,proven,goals 1-8 implementation plus Goal 9 integrated audit,docs/magic-qualification-implementation.md
docs/magic-geography-plan.md:564,Completion criteria,"long-run, topology, persistence, performance, and repository gates pass,",2,src/arcane_geography.rs; src/planet_atlas.rs; src/planet.rs,genesis_is_byte_identical_and_causal; transport_is_exact_and_slicing_independent; every_directed_face_edge_is_reciprocal_and_uniform_fields_stay_idle; qualification_seed_suite_has_no_face_or_corner_privilege; exports_cover_every_operator_layer_and_reconcile,proven,goals 1-8 implementation plus Goal 9 integrated audit,docs/magic-qualification-implementation.md
docs/magic-geography-plan.md:565,Completion criteria,"the implementation record contains maps, censuses, budgets, and versions.",2,src/arcane_geography.rs; src/planet_atlas.rs; src/planet.rs,genesis_is_byte_identical_and_causal; transport_is_exact_and_slicing_independent; every_directed_face_edge_is_reciprocal_and_uniform_fields_stay_idle; qualification_seed_suite_has_no_face_or_corner_privilege; exports_cover_every_operator_layer_and_reconcile,proven,goals 1-8 implementation plus Goal 9 integrated audit,docs/magic-qualification-implementation.md
docs/magic-geography-plan.md:catalog-1,named catalog,place: confluence,2,src/arcane_geography.rs; src/planet_atlas.rs; src/planet.rs,genesis_is_byte_identical_and_causal; transport_is_exact_and_slicing_independent; every_directed_face_edge_is_reciprocal_and_uniform_fields_stay_idle; qualification_seed_suite_has_no_face_or_corner_privilege; exports_cover_every_operator_layer_and_reconcile,proven,goals 1-8 implementation plus Goal 9 integrated audit,docs/magic-qualification-implementation.md
docs/magic-geography-plan.md:catalog-2,named catalog,place: well,2,src/arcane_geography.rs; src/planet_atlas.rs; src/planet.rs,genesis_is_byte_identical_and_causal; transport_is_exact_and_slicing_independent; every_directed_face_edge_is_reciprocal_and_uniform_fields_stay_idle; qualification_seed_suite_has_no_face_or_corner_privilege; exports_cover_every_operator_layer_and_reconcile,proven,goals 1-8 implementation plus Goal 9 integrated audit,docs/magic-qualification-implementation.md
docs/magic-geography-plan.md:catalog-3,named catalog,place: still,2,src/arcane_geography.rs; src/planet_atlas.rs; src/planet.rs,genesis_is_byte_identical_and_causal; transport_is_exact_and_slicing_independent; every_directed_face_edge_is_reciprocal_and_uniform_fields_stay_idle; qualification_seed_suite_has_no_face_or_corner_privilege; exports_cover_every_operator_layer_and_reconcile,proven,goals 1-8 implementation plus Goal 9 integrated audit,docs/magic-qualification-implementation.md
docs/magic-geography-plan.md:catalog-4,named catalog,place: echo,2,src/arcane_geography.rs; src/planet_atlas.rs; src/planet.rs,genesis_is_byte_identical_and_causal; transport_is_exact_and_slicing_independent; every_directed_face_edge_is_reciprocal_and_uniform_fields_stay_idle; qualification_seed_suite_has_no_face_or_corner_privilege; exports_cover_every_operator_layer_and_reconcile,proven,goals 1-8 implementation plus Goal 9 integrated audit,docs/magic-qualification-implementation.md
docs/magic-geography-plan.md:catalog-5,named catalog,place: heartshadow,2,src/arcane_geography.rs; src/planet_atlas.rs; src/planet.rs,genesis_is_byte_identical_and_causal; transport_is_exact_and_slicing_independent; every_directed_face_edge_is_reciprocal_and_uniform_fields_stay_idle; qualification_seed_suite_has_no_face_or_corner_privilege; exports_cover_every_operator_layer_and_reconcile,proven,goals 1-8 implementation plus Goal 9 integrated audit,docs/magic-qualification-implementation.md
docs/magic-geography-plan.md:catalog-6,named catalog,place: wake,2,src/arcane_geography.rs; src/planet_atlas.rs; src/planet.rs,genesis_is_byte_identical_and_causal; transport_is_exact_and_slicing_independent; every_directed_face_edge_is_reciprocal_and_uniform_fields_stay_idle; qualification_seed_suite_has_no_face_or_corner_privilege; exports_cover_every_operator_layer_and_reconcile,proven,goals 1-8 implementation plus Goal 9 integrated audit,docs/magic-qualification-implementation.md
docs/magic-geography-plan.md:catalog-7,named catalog,place: scar,2,src/arcane_geography.rs; src/planet_atlas.rs; src/planet.rs,genesis_is_byte_identical_and_causal; transport_is_exact_and_slicing_independent; every_directed_face_edge_is_reciprocal_and_uniform_fields_stay_idle; qualification_seed_suite_has_no_face_or_corner_privilege; exports_cover_every_operator_layer_and_reconcile,proven,goals 1-8 implementation plus Goal 9 integrated audit,docs/magic-qualification-implementation.md
docs/magic-geography-plan.md:catalog-8,named catalog,command: --arcane-geography-audit,2,src/arcane_geography.rs; src/planet_atlas.rs; src/planet.rs,genesis_is_byte_identical_and_causal; transport_is_exact_and_slicing_independent; every_directed_face_edge_is_reciprocal_and_uniform_fields_stay_idle; qualification_seed_suite_has_no_face_or_corner_privilege; exports_cover_every_operator_layer_and_reconcile,proven,goals 1-8 implementation plus Goal 9 integrated audit,docs/magic-qualification-implementation.md
docs/magic-geography-plan.md:catalog-9,named catalog,command: --arcane-geography-export,2,src/arcane_geography.rs; src/planet_atlas.rs; src/planet.rs,genesis_is_byte_identical_and_causal; transport_is_exact_and_slicing_independent; every_directed_face_edge_is_reciprocal_and_uniform_fields_stay_idle; qualification_seed_suite_has_no_face_or_corner_privilege; exports_cover_every_operator_layer_and_reconcile,proven,goals 1-8 implementation plus Goal 9 integrated audit,docs/magic-qualification-implementation.md
docs/magic-geography-plan.md:catalog-10,named catalog,command: --arcane-geography-retrogen,2,src/arcane_geography.rs; src/planet_atlas.rs; src/planet.rs,genesis_is_byte_identical_and_causal; transport_is_exact_and_slicing_independent; every_directed_face_edge_is_reciprocal_and_uniform_fields_stay_idle; qualification_seed_suite_has_no_face_or_corner_privilege; exports_cover_every_operator_layer_and_reconcile,proven,goals 1-8 implementation plus Goal 9 integrated audit,docs/magic-qualification-implementation.md
docs/magic-ecology-plan.md:16,Implementation record — 2026-08-02,"a versioned declarative ecology schema covering roles, ordinary habitat,",3,src/arcane_ecology.rs; src/world/ecology.rs; src/world/fire.rs; src/materials.rs,every_natural_site_obeys_ordinary_and_magical_habitat; base_species_and_core_roles_have_redundant_seed_sites; crystal_harvest_is_exact_seed_preserving_and_single_shot; transformer_uptake_water_and_nutrients_are_conserved; content_retrogen_preserves_saved_sites_and_adds_empty_untouched_candidates,proven,goals 1-8 implementation plus Goal 9 integrated audit,docs/magic-qualification-implementation.md
docs/magic-ecology-plan.md:23,Implementation record — 2026-08-02,"all twelve base plants, regenerative Wellglass, and four geologically finite",3,src/arcane_ecology.rs; src/world/ecology.rs; src/world/fire.rs; src/materials.rs,every_natural_site_obeys_ordinary_and_magical_habitat; base_species_and_core_roles_have_redundant_seed_sites; crystal_harvest_is_exact_seed_preserving_and_single_shot; transformer_uptake_water_and_nutrients_are_conserved; content_retrogen_preserves_saved_sites_and_adds_empty_untouched_candidates,proven,goals 1-8 implementation plus Goal 9 integrated audit,docs/magic-qualification-implementation.md
docs/magic-ecology-plan.md:27,Implementation record — 2026-08-02,"deterministic stable site ids and exact persistent state for population,",3,src/arcane_ecology.rs; src/world/ecology.rs; src/world/fire.rs; src/materials.rs,every_natural_site_obeys_ordinary_and_magical_habitat; base_species_and_core_roles_have_redundant_seed_sites; crystal_harvest_is_exact_seed_preserving_and_single_shot; transformer_uptake_water_and_nutrients_are_conserved; content_retrogen_preserves_saved_sites_and_adds_empty_untouched_candidates,proven,goals 1-8 implementation plus Goal 9 integrated audit,docs/magic-qualification-implementation.md
docs/magic-ecology-plan.md:33,Implementation record — 2026-08-02,"tropical mangrove, temperate old-growth, glass-heath, volcanic ember-garden,",3,src/arcane_ecology.rs; src/world/ecology.rs; src/world/fire.rs; src/materials.rs,every_natural_site_obeys_ordinary_and_magical_habitat; base_species_and_core_roles_have_redundant_seed_sites; crystal_harvest_is_exact_seed_preserving_and_single_shot; transformer_uptake_water_and_nutrients_are_conserved; content_retrogen_preserves_saved_sites_and_adds_empty_untouched_candidates,proven,goals 1-8 implementation plus Goal 9 integrated audit,docs/magic-qualification-implementation.md
docs/magic-ecology-plan.md:38,Implementation record — 2026-08-02,one sliced whole-planet lifecycle shared by loaded and unloaded sites.,3,src/arcane_ecology.rs; src/world/ecology.rs; src/world/fire.rs; src/materials.rs,every_natural_site_obeys_ordinary_and_magical_habitat; base_species_and_core_roles_have_redundant_seed_sites; crystal_harvest_is_exact_seed_preserving_and_single_shot; transformer_uptake_water_and_nutrients_are_conserved; content_retrogen_preserves_saved_sites_and_adds_empty_untouched_candidates,proven,goals 1-8 implementation plus Goal 9 integrated audit,docs/magic-qualification-implementation.md
docs/magic-ecology-plan.md:43,Implementation record — 2026-08-02,"exact linked harvest custody across geography, the arcane ledger, items,",3,src/arcane_ecology.rs; src/world/ecology.rs; src/world/fire.rs; src/materials.rs,every_natural_site_obeys_ordinary_and_magical_habitat; base_species_and_core_roles_have_redundant_seed_sites; crystal_harvest_is_exact_seed_preserving_and_single_shot; transformer_uptake_water_and_nutrients_are_conserved; content_retrogen_preserves_saved_sites_and_adds_empty_untouched_candidates,proven,goals 1-8 implementation plus Goal 9 integrated audit,docs/magic-qualification-implementation.md
docs/magic-ecology-plan.md:49,Implementation record — 2026-08-02,"cultivation, overharvest, collapse, matching common-seed restoration,",3,src/arcane_ecology.rs; src/world/ecology.rs; src/world/fire.rs; src/materials.rs,every_natural_site_obeys_ordinary_and_magical_habitat; base_species_and_core_roles_have_redundant_seed_sites; crystal_harvest_is_exact_seed_preserving_and_single_shot; transformer_uptake_water_and_nutrients_are_conserved; content_retrogen_preserves_saved_sites_and_adds_empty_untouched_candidates,proven,goals 1-8 implementation plus Goal 9 integrated audit,docs/magic-qualification-implementation.md
docs/magic-ecology-plan.md:53,Implementation record — 2026-08-02,"qualitative number-free observations, item tooltips, bounded and",3,src/arcane_ecology.rs; src/world/ecology.rs; src/world/fire.rs; src/materials.rs,every_natural_site_obeys_ordinary_and_magical_habitat; base_species_and_core_roles_have_redundant_seed_sites; crystal_harvest_is_exact_seed_preserving_and_single_shot; transformer_uptake_water_and_nutrients_are_conserved; content_retrogen_preserves_saved_sites_and_adds_empty_untouched_candidates,proven,goals 1-8 implementation plus Goal 9 integrated audit,docs/magic-qualification-implementation.md
docs/magic-ecology-plan.md:58,Implementation record — 2026-08-02,"fixture mods that run organisms, crystals, and finite minerals through the",3,src/arcane_ecology.rs; src/world/ecology.rs; src/world/fire.rs; src/materials.rs,every_natural_site_obeys_ordinary_and_magical_habitat; base_species_and_core_roles_have_redundant_seed_sites; crystal_harvest_is_exact_seed_preserving_and_single_shot; transformer_uptake_water_and_nutrients_are_conserved; content_retrogen_preserves_saved_sites_and_adds_empty_untouched_candidates,proven,goals 1-8 implementation plus Goal 9 integrated audit,docs/magic-qualification-implementation.md
docs/magic-ecology-plan.md:143,Magical richness is an overlay,"tropical mangrove confluence,",3,src/arcane_ecology.rs; src/world/ecology.rs; src/world/fire.rs; src/materials.rs,every_natural_site_obeys_ordinary_and_magical_habitat; base_species_and_core_roles_have_redundant_seed_sites; crystal_harvest_is_exact_seed_preserving_and_single_shot; transformer_uptake_water_and_nutrients_are_conserved; content_retrogen_preserves_saved_sites_and_adds_empty_untouched_candidates,proven,goals 1-8 implementation plus Goal 9 integrated audit,docs/magic-qualification-implementation.md
docs/magic-ecology-plan.md:144,Magical richness is an overlay,"temperate old-growth confluence,",3,src/arcane_ecology.rs; src/world/ecology.rs; src/world/fire.rs; src/materials.rs,every_natural_site_obeys_ordinary_and_magical_habitat; base_species_and_core_roles_have_redundant_seed_sites; crystal_harvest_is_exact_seed_preserving_and_single_shot; transformer_uptake_water_and_nutrients_are_conserved; content_retrogen_preserves_saved_sites_and_adds_empty_untouched_candidates,proven,goals 1-8 implementation plus Goal 9 integrated audit,docs/magic-qualification-implementation.md
docs/magic-ecology-plan.md:145,Magical richness is an overlay,"boreal or alpine glass heath,",3,src/arcane_ecology.rs; src/world/ecology.rs; src/world/fire.rs; src/materials.rs,every_natural_site_obeys_ordinary_and_magical_habitat; base_species_and_core_roles_have_redundant_seed_sites; crystal_harvest_is_exact_seed_preserving_and_single_shot; transformer_uptake_water_and_nutrients_are_conserved; content_retrogen_preserves_saved_sites_and_adds_empty_untouched_candidates,proven,goals 1-8 implementation plus Goal 9 integrated audit,docs/magic-qualification-implementation.md
docs/magic-ecology-plan.md:146,Magical richness is an overlay,"volcanic ember garden,",3,src/arcane_ecology.rs; src/world/ecology.rs; src/world/fire.rs; src/materials.rs,every_natural_site_obeys_ordinary_and_magical_habitat; base_species_and_core_roles_have_redundant_seed_sites; crystal_harvest_is_exact_seed_preserving_and_single_shot; transformer_uptake_water_and_nutrients_are_conserved; content_retrogen_preserves_saved_sites_and_adds_empty_untouched_candidates,proven,goals 1-8 implementation plus Goal 9 integrated audit,docs/magic-qualification-implementation.md
docs/magic-ecology-plan.md:147,Magical richness is an overlay,"desert night oasis,",3,src/arcane_ecology.rs; src/world/ecology.rs; src/world/fire.rs; src/materials.rs,every_natural_site_obeys_ordinary_and_magical_habitat; base_species_and_core_roles_have_redundant_seed_sites; crystal_harvest_is_exact_seed_preserving_and_single_shot; transformer_uptake_water_and_nutrients_are_conserved; content_retrogen_preserves_saved_sites_and_adds_empty_untouched_candidates,proven,goals 1-8 implementation plus Goal 9 integrated audit,docs/magic-qualification-implementation.md
docs/magic-ecology-plan.md:148,Magical richness is an overlay,"polar auroral lichen field,",3,src/arcane_ecology.rs; src/world/ecology.rs; src/world/fire.rs; src/materials.rs,every_natural_site_obeys_ordinary_and_magical_habitat; base_species_and_core_roles_have_redundant_seed_sites; crystal_harvest_is_exact_seed_preserving_and_single_shot; transformer_uptake_water_and_nutrients_are_conserved; content_retrogen_preserves_saved_sites_and_adds_empty_untouched_candidates,proven,goals 1-8 implementation plus Goal 9 integrated audit,docs/magic-qualification-implementation.md
docs/magic-ecology-plan.md:149,Magical richness is an overlay,"freshwater spring marsh,",3,src/arcane_ecology.rs; src/world/ecology.rs; src/world/fire.rs; src/materials.rs,every_natural_site_obeys_ordinary_and_magical_habitat; base_species_and_core_roles_have_redundant_seed_sites; crystal_harvest_is_exact_seed_preserving_and_single_shot; transformer_uptake_water_and_nutrients_are_conserved; content_retrogen_preserves_saved_sites_and_adds_empty_untouched_candidates,proven,goals 1-8 implementation plus Goal 9 integrated audit,docs/magic-qualification-implementation.md
docs/magic-ecology-plan.md:150,Magical richness is an overlay,"marine current reef,",3,src/arcane_ecology.rs; src/world/ecology.rs; src/world/fire.rs; src/materials.rs,every_natural_site_obeys_ordinary_and_magical_habitat; base_species_and_core_roles_have_redundant_seed_sites; crystal_harvest_is_exact_seed_preserving_and_single_shot; transformer_uptake_water_and_nutrients_are_conserved; content_retrogen_preserves_saved_sites_and_adds_empty_untouched_candidates,proven,goals 1-8 implementation plus Goal 9 integrated audit,docs/magic-qualification-implementation.md
docs/magic-ecology-plan.md:151,Magical richness is an overlay,deep cave echo garden.,3,src/arcane_ecology.rs; src/world/ecology.rs; src/world/fire.rs; src/materials.rs,every_natural_site_obeys_ordinary_and_magical_habitat; base_species_and_core_roles_have_redundant_seed_sites; crystal_harvest_is_exact_seed_preserving_and_single_shot; transformer_uptake_water_and_nutrients_are_conserved; content_retrogen_preserves_saved_sites_and_adds_empty_untouched_candidates,proven,goals 1-8 implementation plus Goal 9 integrated audit,docs/magic-qualification-implementation.md
docs/magic-ecology-plan.md:189,Growth accounting,"biomass growth consumes water, soil nutrients, light/season, and time,",3,src/arcane_ecology.rs; src/world/ecology.rs; src/world/fire.rs; src/materials.rs,every_natural_site_obeys_ordinary_and_magical_habitat; base_species_and_core_roles_have_redundant_seed_sites; crystal_harvest_is_exact_seed_preserving_and_single_shot; transformer_uptake_water_and_nutrients_are_conserved; content_retrogen_preserves_saved_sites_and_adds_empty_untouched_candidates,proven,goals 1-8 implementation plus Goal 9 integrated audit,docs/magic-qualification-implementation.md
docs/magic-ecology-plan.md:190,Growth accounting,"reproduction uses species-specific seed/spore/runner rules,",3,src/arcane_ecology.rs; src/world/ecology.rs; src/world/fire.rs; src/materials.rs,every_natural_site_obeys_ordinary_and_magical_habitat; base_species_and_core_roles_have_redundant_seed_sites; crystal_harvest_is_exact_seed_preserving_and_single_shot; transformer_uptake_water_and_nutrients_are_conserved; content_retrogen_preserves_saved_sites_and_adds_empty_untouched_candidates,proven,goals 1-8 implementation plus Goal 9 integrated audit,docs/magic-qualification-implementation.md
docs/magic-ecology-plan.md:191,Growth accounting,"charge uptake debits Ambient Current,",3,src/arcane_ecology.rs; src/world/ecology.rs; src/world/fire.rs; src/materials.rs,every_natural_site_obeys_ordinary_and_magical_habitat; base_species_and_core_roles_have_redundant_seed_sites; crystal_harvest_is_exact_seed_preserving_and_single_shot; transformer_uptake_water_and_nutrients_are_conserved; content_retrogen_preserves_saved_sites_and_adds_empty_untouched_candidates,proven,goals 1-8 implementation plus Goal 9 integrated audit,docs/magic-qualification-implementation.md
docs/magic-ecology-plan.md:192,Growth accounting,"passive discharge, decay, composting, fire, eating, and brewing credit",3,src/arcane_ecology.rs; src/world/ecology.rs; src/world/fire.rs; src/materials.rs,every_natural_site_obeys_ordinary_and_magical_habitat; base_species_and_core_roles_have_redundant_seed_sites; crystal_harvest_is_exact_seed_preserving_and_single_shot; transformer_uptake_water_and_nutrients_are_conserved; content_retrogen_preserves_saved_sites_and_adds_empty_untouched_candidates,proven,goals 1-8 implementation plus Goal 9 integrated audit,docs/magic-qualification-implementation.md
docs/magic-ecology-plan.md:194,Growth accounting,"dross stored in tissue remains dross after harvest,",3,src/arcane_ecology.rs; src/world/ecology.rs; src/world/fire.rs; src/materials.rs,every_natural_site_obeys_ordinary_and_magical_habitat; base_species_and_core_roles_have_redundant_seed_sites; crystal_harvest_is_exact_seed_preserving_and_single_shot; transformer_uptake_water_and_nutrients_are_conserved; content_retrogen_preserves_saved_sites_and_adds_empty_untouched_candidates,proven,goals 1-8 implementation plus Goal 9 integrated audit,docs/magic-qualification-implementation.md
docs/magic-ecology-plan.md:195,Growth accounting,a dead heart may remove supernatural recovery bonuses but cannot delete,3,src/arcane_ecology.rs; src/world/ecology.rs; src/world/fire.rs; src/materials.rs,every_natural_site_obeys_ordinary_and_magical_habitat; base_species_and_core_roles_have_redundant_seed_sites; crystal_harvest_is_exact_seed_preserving_and_single_shot; transformer_uptake_water_and_nutrients_are_conserved; content_retrogen_preserves_saved_sites_and_adds_empty_untouched_candidates,proven,goals 1-8 implementation plus Goal 9 integrated audit,docs/magic-qualification-implementation.md
docs/magic-ecology-plan.md:197,Growth accounting,irrigation moves real water and can salinize poorly drained soil.,3,src/arcane_ecology.rs; src/world/ecology.rs; src/world/fire.rs; src/materials.rs,every_natural_site_obeys_ordinary_and_magical_habitat; base_species_and_core_roles_have_redundant_seed_sites; crystal_harvest_is_exact_seed_preserving_and_single_shot; transformer_uptake_water_and_nutrients_are_conserved; content_retrogen_preserves_saved_sites_and_adds_empty_untouched_candidates,proven,goals 1-8 implementation plus Goal 9 integrated audit,docs/magic-qualification-implementation.md
docs/magic-ecology-plan.md:210,Finite resonant geology,**Choirstone:** a conductive metamorphic mineral used for channels and,3,src/arcane_ecology.rs; src/world/ecology.rs; src/world/fire.rs; src/materials.rs,every_natural_site_obeys_ordinary_and_magical_habitat; base_species_and_core_roles_have_redundant_seed_sites; crystal_harvest_is_exact_seed_preserving_and_single_shot; transformer_uptake_water_and_nutrients_are_conserved; content_retrogen_preserves_saved_sites_and_adds_empty_untouched_candidates,proven,goals 1-8 implementation plus Goal 9 integrated audit,docs/magic-qualification-implementation.md
docs/magic-ecology-plan.md:212,Finite resonant geology,**Still salt:** an evaporite that absorbs and immobilizes Current/dross;,3,src/arcane_ecology.rs; src/world/ecology.rs; src/world/fire.rs; src/materials.rs,every_natural_site_obeys_ordinary_and_magical_habitat; base_species_and_core_roles_have_redundant_seed_sites; crystal_harvest_is_exact_seed_preserving_and_single_shot; transformer_uptake_water_and_nutrients_are_conserved; content_retrogen_preserves_saved_sites_and_adds_empty_untouched_candidates,proven,goals 1-8 implementation plus Goal 9 integrated audit,docs/magic-qualification-implementation.md
docs/magic-ecology-plan.md:214,Finite resonant geology,**Wake iron:** an uncommon iron-bearing phase that releases charge quickly,3,src/arcane_ecology.rs; src/world/ecology.rs; src/world/fire.rs; src/materials.rs,every_natural_site_obeys_ordinary_and_magical_habitat; base_species_and_core_roles_have_redundant_seed_sites; crystal_harvest_is_exact_seed_preserving_and_single_shot; transformer_uptake_water_and_nutrients_are_conserved; content_retrogen_preserves_saved_sites_and_adds_empty_untouched_candidates,proven,goals 1-8 implementation plus Goal 9 integrated audit,docs/magic-qualification-implementation.md
docs/magic-ecology-plan.md:216,Finite resonant geology,**Echo slate:** records coarse resonance changes and is used in observation,3,src/arcane_ecology.rs; src/world/ecology.rs; src/world/fire.rs; src/materials.rs,every_natural_site_obeys_ordinary_and_magical_habitat; base_species_and_core_roles_have_redundant_seed_sites; crystal_harvest_is_exact_seed_preserving_and_single_shot; transformer_uptake_water_and_nutrients_are_conserved; content_retrogen_preserves_saved_sites_and_adds_empty_untouched_candidates,proven,goals 1-8 implementation plus Goal 9 integrated audit,docs/magic-qualification-implementation.md
docs/magic-ecology-plan.md:231,Regenerative exceptional crystals,"a persistent seed/bud,",3,src/arcane_ecology.rs; src/world/ecology.rs; src/world/fire.rs; src/materials.rs,every_natural_site_obeys_ordinary_and_magical_habitat; base_species_and_core_roles_have_redundant_seed_sites; crystal_harvest_is_exact_seed_preserving_and_single_shot; transformer_uptake_water_and_nutrients_are_conserved; content_retrogen_preserves_saved_sites_and_adds_empty_untouched_candidates,proven,goals 1-8 implementation plus Goal 9 integrated audit,docs/magic-qualification-implementation.md
docs/magic-ecology-plan.md:232,Regenerative exceptional crystals,"compatible host rock or mineral solution,",3,src/arcane_ecology.rs; src/world/ecology.rs; src/world/fire.rs; src/materials.rs,every_natural_site_obeys_ordinary_and_magical_habitat; base_species_and_core_roles_have_redundant_seed_sites; crystal_harvest_is_exact_seed_preserving_and_single_shot; transformer_uptake_water_and_nutrients_are_conserved; content_retrogen_preserves_saved_sites_and_adds_empty_untouched_candidates,proven,goals 1-8 implementation plus Goal 9 integrated audit,docs/magic-qualification-implementation.md
docs/magic-ecology-plan.md:233,Regenerative exceptional crystals,"minimum Ambient Current and suitable resonance,",3,src/arcane_ecology.rs; src/world/ecology.rs; src/world/fire.rs; src/materials.rs,every_natural_site_obeys_ordinary_and_magical_habitat; base_species_and_core_roles_have_redundant_seed_sites; crystal_harvest_is_exact_seed_preserving_and_single_shot; transformer_uptake_water_and_nutrients_are_conserved; content_retrogen_preserves_saved_sites_and_adds_empty_untouched_candidates,proven,goals 1-8 implementation plus Goal 9 integrated audit,docs/magic-qualification-implementation.md
docs/magic-ecology-plan.md:234,Regenerative exceptional crystals,"local stability within a species band,",3,src/arcane_ecology.rs; src/world/ecology.rs; src/world/fire.rs; src/materials.rs,every_natural_site_obeys_ordinary_and_magical_habitat; base_species_and_core_roles_have_redundant_seed_sites; crystal_harvest_is_exact_seed_preserving_and_single_shot; transformer_uptake_water_and_nutrients_are_conserved; content_retrogen_preserves_saved_sites_and_adds_empty_untouched_candidates,proven,goals 1-8 implementation plus Goal 9 integrated audit,docs/magic-qualification-implementation.md
docs/magic-ecology-plan.md:235,Regenerative exceptional crystals,"free attachment space,",3,src/arcane_ecology.rs; src/world/ecology.rs; src/world/fire.rs; src/materials.rs,every_natural_site_obeys_ordinary_and_magical_habitat; base_species_and_core_roles_have_redundant_seed_sites; crystal_harvest_is_exact_seed_preserving_and_single_shot; transformer_uptake_water_and_nutrients_are_conserved; content_retrogen_preserves_saved_sites_and_adds_empty_untouched_candidates,proven,goals 1-8 implementation plus Goal 9 integrated audit,docs/magic-qualification-implementation.md
docs/magic-ecology-plan.md:236,Regenerative exceptional crystals,a growth interval.,3,src/arcane_ecology.rs; src/world/ecology.rs; src/world/fire.rs; src/materials.rs,every_natural_site_obeys_ordinary_and_magical_habitat; base_species_and_core_roles_have_redundant_seed_sites; crystal_harvest_is_exact_seed_preserving_and_single_shot; transformer_uptake_water_and_nutrients_are_conserved; content_retrogen_preserves_saved_sites_and_adds_empty_untouched_candidates,proven,goals 1-8 implementation plus Goal 9 integrated audit,docs/magic-qualification-implementation.md
docs/magic-ecology-plan.md:244,Regenerative exceptional crystals,"transfers declared shards and their exact charge,",3,src/arcane_ecology.rs; src/world/ecology.rs; src/world/fire.rs; src/materials.rs,every_natural_site_obeys_ordinary_and_magical_habitat; base_species_and_core_roles_have_redundant_seed_sites; crystal_harvest_is_exact_seed_preserving_and_single_shot; transformer_uptake_water_and_nutrients_are_conserved; content_retrogen_preserves_saved_sites_and_adds_empty_untouched_candidates,proven,goals 1-8 implementation plus Goal 9 integrated audit,docs/magic-qualification-implementation.md
docs/magic-ecology-plan.md:245,Regenerative exceptional crystals,"leaves a seed when harvested with the correct tool,",3,src/arcane_ecology.rs; src/world/ecology.rs; src/world/fire.rs; src/materials.rs,every_natural_site_obeys_ordinary_and_magical_habitat; base_species_and_core_roles_have_redundant_seed_sites; crystal_harvest_is_exact_seed_preserving_and_single_shot; transformer_uptake_water_and_nutrients_are_conserved; content_retrogen_preserves_saved_sites_and_adds_empty_untouched_candidates,proven,goals 1-8 implementation plus Goal 9 integrated audit,docs/magic-qualification-implementation.md
docs/magic-ecology-plan.md:246,Regenerative exceptional crystals,"destroys or damages the seed under careless extraction,",3,src/arcane_ecology.rs; src/world/ecology.rs; src/world/fire.rs; src/materials.rs,every_natural_site_obeys_ordinary_and_magical_habitat; base_species_and_core_roles_have_redundant_seed_sites; crystal_harvest_is_exact_seed_preserving_and_single_shot; transformer_uptake_water_and_nutrients_are_conserved; content_retrogen_preserves_saved_sites_and_adds_empty_untouched_candidates,proven,goals 1-8 implementation plus Goal 9 integrated audit,docs/magic-qualification-implementation.md
docs/magic-ecology-plan.md:247,Regenerative exceptional crystals,"may release dross if overcharged or unstable,",3,src/arcane_ecology.rs; src/world/ecology.rs; src/world/fire.rs; src/materials.rs,every_natural_site_obeys_ordinary_and_magical_habitat; base_species_and_core_roles_have_redundant_seed_sites; crystal_harvest_is_exact_seed_preserving_and_single_shot; transformer_uptake_water_and_nutrients_are_conserved; content_retrogen_preserves_saved_sites_and_adds_empty_untouched_candidates,proven,goals 1-8 implementation plus Goal 9 integrated audit,docs/magic-qualification-implementation.md
docs/magic-ecology-plan.md:248,Regenerative exceptional crystals,never produces both intact block charge and item charge.,3,src/arcane_ecology.rs; src/world/ecology.rs; src/world/fire.rs; src/materials.rs,every_natural_site_obeys_ordinary_and_magical_habitat; base_species_and_core_roles_have_redundant_seed_sites; crystal_harvest_is_exact_seed_preserving_and_single_shot; transformer_uptake_water_and_nutrients_are_conserved; content_retrogen_preserves_saved_sites_and_adds_empty_untouched_candidates,proven,goals 1-8 implementation plus Goal 9 integrated audit,docs/magic-qualification-implementation.md
docs/magic-ecology-plan.md:259,Unloaded ecology and deterministic sites,"genesis reserves candidate sites and carrying capacity,",3,src/arcane_ecology.rs; src/world/ecology.rs; src/world/fire.rs; src/materials.rs,every_natural_site_obeys_ordinary_and_magical_habitat; base_species_and_core_roles_have_redundant_seed_sites; crystal_harvest_is_exact_seed_preserving_and_single_shot; transformer_uptake_water_and_nutrients_are_conserved; content_retrogen_preserves_saved_sites_and_adds_empty_untouched_candidates,proven,goals 1-8 implementation plus Goal 9 integrated audit,docs/magic-qualification-implementation.md
docs/magic-ecology-plan.md:260,Unloaded ecology and deterministic sites,"materialization creates the exact current state once,",3,src/arcane_ecology.rs; src/world/ecology.rs; src/world/fire.rs; src/materials.rs,every_natural_site_obeys_ordinary_and_magical_habitat; base_species_and_core_roles_have_redundant_seed_sites; crystal_harvest_is_exact_seed_preserving_and_single_shot; transformer_uptake_water_and_nutrients_are_conserved; content_retrogen_preserves_saved_sites_and_adds_empty_untouched_candidates,proven,goals 1-8 implementation plus Goal 9 integrated audit,docs/magic-qualification-implementation.md
docs/magic-ecology-plan.md:261,Unloaded ecology and deterministic sites,"harvesting records site state/tombstone and charge transfer,",3,src/arcane_ecology.rs; src/world/ecology.rs; src/world/fire.rs; src/materials.rs,every_natural_site_obeys_ordinary_and_magical_habitat; base_species_and_core_roles_have_redundant_seed_sites; crystal_harvest_is_exact_seed_preserving_and_single_shot; transformer_uptake_water_and_nutrients_are_conserved; content_retrogen_preserves_saved_sites_and_adds_empty_untouched_candidates,proven,goals 1-8 implementation plus Goal 9 integrated audit,docs/magic-qualification-implementation.md
docs/magic-ecology-plan.md:262,Unloaded ecology and deterministic sites,"unloaded succession advances coarse population/charge state,",3,src/arcane_ecology.rs; src/world/ecology.rs; src/world/fire.rs; src/materials.rs,every_natural_site_obeys_ordinary_and_magical_habitat; base_species_and_core_roles_have_redundant_seed_sites; crystal_harvest_is_exact_seed_preserving_and_single_shot; transformer_uptake_water_and_nutrients_are_conserved; content_retrogen_preserves_saved_sites_and_adds_empty_untouched_candidates,proven,goals 1-8 implementation plus Goal 9 integrated audit,docs/magic-qualification-implementation.md
docs/magic-ecology-plan.md:263,Unloaded ecology and deterministic sites,"rematerialization reconciles the site rather than rerolling it,",3,src/arcane_ecology.rs; src/world/ecology.rs; src/world/fire.rs; src/materials.rs,every_natural_site_obeys_ordinary_and_magical_habitat; base_species_and_core_roles_have_redundant_seed_sites; crystal_harvest_is_exact_seed_preserving_and_single_shot; transformer_uptake_water_and_nutrients_are_conserved; content_retrogen_preserves_saved_sites_and_adds_empty_untouched_candidates,proven,goals 1-8 implementation plus Goal 9 integrated audit,docs/magic-qualification-implementation.md
docs/magic-ecology-plan.md:264,Unloaded ecology and deterministic sites,player-placed cultivation has distinct ownership/state and never gets,3,src/arcane_ecology.rs; src/world/ecology.rs; src/world/fire.rs; src/materials.rs,every_natural_site_obeys_ordinary_and_magical_habitat; base_species_and_core_roles_have_redundant_seed_sites; crystal_harvest_is_exact_seed_preserving_and_single_shot; transformer_uptake_water_and_nutrients_are_conserved; content_retrogen_preserves_saved_sites_and_adds_empty_untouched_candidates,proven,goals 1-8 implementation plus Goal 9 integrated audit,docs/magic-qualification-implementation.md
docs/magic-ecology-plan.md:288,"Harvest, cultivation, collapse, and restoration","remove seed sources,",3,src/arcane_ecology.rs; src/world/ecology.rs; src/world/fire.rs; src/materials.rs,every_natural_site_obeys_ordinary_and_magical_habitat; base_species_and_core_roles_have_redundant_seed_sites; crystal_harvest_is_exact_seed_preserving_and_single_shot; transformer_uptake_water_and_nutrients_are_conserved; content_retrogen_preserves_saved_sites_and_adds_empty_untouched_candidates,proven,goals 1-8 implementation plus Goal 9 integrated audit,docs/magic-qualification-implementation.md
docs/magic-ecology-plan.md:289,"Harvest, cultivation, collapse, and restoration","lower local charge storage,",3,src/arcane_ecology.rs; src/world/ecology.rs; src/world/fire.rs; src/materials.rs,every_natural_site_obeys_ordinary_and_magical_habitat; base_species_and_core_roles_have_redundant_seed_sites; crystal_harvest_is_exact_seed_preserving_and_single_shot; transformer_uptake_water_and_nutrients_are_conserved; content_retrogen_preserves_saved_sites_and_adds_empty_untouched_candidates,proven,goals 1-8 implementation plus Goal 9 integrated audit,docs/magic-qualification-implementation.md
docs/magic-ecology-plan.md:290,"Harvest, cultivation, collapse, and restoration","expose soil or alter water,",3,src/arcane_ecology.rs; src/world/ecology.rs; src/world/fire.rs; src/materials.rs,every_natural_site_obeys_ordinary_and_magical_habitat; base_species_and_core_roles_have_redundant_seed_sites; crystal_harvest_is_exact_seed_preserving_and_single_shot; transformer_uptake_water_and_nutrients_are_conserved; content_retrogen_preserves_saved_sites_and_adds_empty_untouched_candidates,proven,goals 1-8 implementation plus Goal 9 integrated audit,docs/magic-qualification-implementation.md
docs/magic-ecology-plan.md:291,"Harvest, cultivation, collapse, and restoration","reduce natural dross recovery,",3,src/arcane_ecology.rs; src/world/ecology.rs; src/world/fire.rs; src/materials.rs,every_natural_site_obeys_ordinary_and_magical_habitat; base_species_and_core_roles_have_redundant_seed_sites; crystal_harvest_is_exact_seed_preserving_and_single_shot; transformer_uptake_water_and_nutrients_are_conserved; content_retrogen_preserves_saved_sites_and_adds_empty_untouched_candidates,proven,goals 1-8 implementation plus Goal 9 integrated audit,docs/magic-qualification-implementation.md
docs/magic-ecology-plan.md:292,"Harvest, cultivation, collapse, and restoration",collapse a specialized confluence community into its ordinary base habitat.,3,src/arcane_ecology.rs; src/world/ecology.rs; src/world/fire.rs; src/materials.rs,every_natural_site_obeys_ordinary_and_magical_habitat; base_species_and_core_roles_have_redundant_seed_sites; crystal_harvest_is_exact_seed_preserving_and_single_shot; transformer_uptake_water_and_nutrients_are_conserved; content_retrogen_preserves_saved_sites_and_adds_empty_untouched_candidates,proven,goals 1-8 implementation plus Goal 9 integrated audit,docs/magic-qualification-implementation.md
docs/magic-ecology-plan.md:308,Hearts,Healthy hearts bias local resonance and improve dross-reordering ecology.,3,src/arcane_ecology.rs; src/world/ecology.rs; src/world/fire.rs; src/materials.rs,every_natural_site_obeys_ordinary_and_magical_habitat; base_species_and_core_roles_have_redundant_seed_sites; crystal_harvest_is_exact_seed_preserving_and_single_shot; transformer_uptake_water_and_nutrients_are_conserved; content_retrogen_preserves_saved_sites_and_adds_empty_untouched_candidates,proven,goals 1-8 implementation plus Goal 9 integrated audit,docs/magic-qualification-implementation.md
docs/magic-ecology-plan.md:309,Hearts,They may support exceptional growth by transferring charge from their,3,src/arcane_ecology.rs; src/world/ecology.rs; src/world/fire.rs; src/materials.rs,every_natural_site_obeys_ordinary_and_magical_habitat; base_species_and_core_roles_have_redundant_seed_sites; crystal_harvest_is_exact_seed_preserving_and_single_shot; transformer_uptake_water_and_nutrients_are_conserved; content_retrogen_preserves_saved_sites_and_adds_empty_untouched_candidates,proven,goals 1-8 implementation plus Goal 9 integrated audit,docs/magic-qualification-implementation.md
docs/magic-ecology-plan.md:311,Hearts,A dead heart stops those gifts but does not change geology or erase,3,src/arcane_ecology.rs; src/world/ecology.rs; src/world/fire.rs; src/materials.rs,every_natural_site_obeys_ordinary_and_magical_habitat; base_species_and_core_roles_have_redundant_seed_sites; crystal_harvest_is_exact_seed_preserving_and_single_shot; transformer_uptake_water_and_nutrients_are_conserved; content_retrogen_preserves_saved_sites_and_adds_empty_untouched_candidates,proven,goals 1-8 implementation plus Goal 9 integrated audit,docs/magic-qualification-implementation.md
docs/magic-ecology-plan.md:313,Hearts,Grafted hearts can shift compatible magical species slowly within physical,3,src/arcane_ecology.rs; src/world/ecology.rs; src/world/fire.rs; src/materials.rs,every_natural_site_obeys_ordinary_and_magical_habitat; base_species_and_core_roles_have_redundant_seed_sites; crystal_harvest_is_exact_seed_preserving_and_single_shot; transformer_uptake_water_and_nutrients_are_conserved; content_retrogen_preserves_saved_sites_and_adds_empty_untouched_candidates,proven,goals 1-8 implementation plus Goal 9 integrated audit,docs/magic-qualification-implementation.md
docs/magic-ecology-plan.md:318,Wardens,Manifestation charge and charged drops follow goal 1.,3,src/arcane_ecology.rs; src/world/ecology.rs; src/world/fire.rs; src/materials.rs,every_natural_site_obeys_ordinary_and_magical_habitat; base_species_and_core_roles_have_redundant_seed_sites; crystal_harvest_is_exact_seed_preserving_and_single_shot; transformer_uptake_water_and_nutrients_are_conserved; content_retrogen_preserves_saved_sites_and_adds_empty_untouched_candidates,proven,goals 1-8 implementation plus Goal 9 integrated audit,docs/magic-qualification-implementation.md
docs/magic-ecology-plan.md:319,Wardens,Warden passage may leave temporary wakes that indicator species read.,3,src/arcane_ecology.rs; src/world/ecology.rs; src/world/fire.rs; src/materials.rs,every_natural_site_obeys_ordinary_and_magical_habitat; base_species_and_core_roles_have_redundant_seed_sites; crystal_harvest_is_exact_seed_preserving_and_single_shot; transformer_uptake_water_and_nutrients_are_conserved; content_retrogen_preserves_saved_sites_and_adds_empty_untouched_candidates,proven,goals 1-8 implementation plus Goal 9 integrated audit,docs/magic-qualification-implementation.md
docs/magic-ecology-plan.md:320,Wardens,Warden materials become ingredients later without being the sole route into,3,src/arcane_ecology.rs; src/world/ecology.rs; src/world/fire.rs; src/materials.rs,every_natural_site_obeys_ordinary_and_magical_habitat; base_species_and_core_roles_have_redundant_seed_sites; crystal_harvest_is_exact_seed_preserving_and_single_shot; transformer_uptake_water_and_nutrients_are_conserved; content_retrogen_preserves_saved_sites_and_adds_empty_untouched_candidates,proven,goals 1-8 implementation plus Goal 9 integrated audit,docs/magic-qualification-implementation.md
docs/magic-ecology-plan.md:322,Wardens,Magical plants are not wardens and do not automatically become hostile at,3,src/arcane_ecology.rs; src/world/ecology.rs; src/world/fire.rs; src/materials.rs,every_natural_site_obeys_ordinary_and_magical_habitat; base_species_and_core_roles_have_redundant_seed_sites; crystal_harvest_is_exact_seed_preserving_and_single_shot; transformer_uptake_water_and_nutrients_are_conserved; content_retrogen_preserves_saved_sites_and_adds_empty_untouched_candidates,proven,goals 1-8 implementation plus Goal 9 integrated audit,docs/magic-qualification-implementation.md
docs/magic-ecology-plan.md:333,Fire,Ember poppy and fire-following species respond to real fire history.,3,src/arcane_ecology.rs; src/world/ecology.rs; src/world/fire.rs; src/materials.rs,every_natural_site_obeys_ordinary_and_magical_habitat; base_species_and_core_roles_have_redundant_seed_sites; crystal_harvest_is_exact_seed_preserving_and_single_shot; transformer_uptake_water_and_nutrients_are_conserved; content_retrogen_preserves_saved_sites_and_adds_empty_untouched_candidates,proven,goals 1-8 implementation plus Goal 9 integrated audit,docs/magic-qualification-implementation.md
docs/magic-ecology-plan.md:334,Fire,Burning charged biomass transfers charge and dross explicitly.,3,src/arcane_ecology.rs; src/world/ecology.rs; src/world/fire.rs; src/materials.rs,every_natural_site_obeys_ordinary_and_magical_habitat; base_species_and_core_roles_have_redundant_seed_sites; crystal_harvest_is_exact_seed_preserving_and_single_shot; transformer_uptake_water_and_nutrients_are_conserved; content_retrogen_preserves_saved_sites_and_adds_empty_untouched_candidates,proven,goals 1-8 implementation plus Goal 9 integrated audit,docs/magic-qualification-implementation.md
docs/magic-ecology-plan.md:335,Fire,"Natural, husbandry, and arson provenance remains intact.",3,src/arcane_ecology.rs; src/world/ecology.rs; src/world/fire.rs; src/materials.rs,every_natural_site_obeys_ordinary_and_magical_habitat; base_species_and_core_roles_have_redundant_seed_sites; crystal_harvest_is_exact_seed_preserving_and_single_shot; transformer_uptake_water_and_nutrients_are_conserved; content_retrogen_preserves_saved_sites_and_adds_empty_untouched_candidates,proven,goals 1-8 implementation plus Goal 9 integrated audit,docs/magic-qualification-implementation.md
docs/magic-ecology-plan.md:336,Fire,Magical fire does not gain permission to rewrite player blocks beyond the,3,src/arcane_ecology.rs; src/world/ecology.rs; src/world/fire.rs; src/materials.rs,every_natural_site_obeys_ordinary_and_magical_habitat; base_species_and_core_roles_have_redundant_seed_sites; crystal_harvest_is_exact_seed_preserving_and_single_shot; transformer_uptake_water_and_nutrients_are_conserved; content_retrogen_preserves_saved_sites_and_adds_empty_untouched_candidates,proven,goals 1-8 implementation plus Goal 9 integrated audit,docs/magic-qualification-implementation.md
docs/magic-ecology-plan.md:341,Water,"Rainbell, Tidekelp, springs, and aquatic richness read actual water state.",3,src/arcane_ecology.rs; src/world/ecology.rs; src/world/fire.rs; src/materials.rs,every_natural_site_obeys_ordinary_and_magical_habitat; base_species_and_core_roles_have_redundant_seed_sites; crystal_harvest_is_exact_seed_preserving_and_single_shot; transformer_uptake_water_and_nutrients_are_conserved; content_retrogen_preserves_saved_sites_and_adds_empty_untouched_candidates,proven,goals 1-8 implementation plus Goal 9 integrated audit,docs/magic-qualification-implementation.md
docs/magic-ecology-plan.md:342,Water,"Charge or dross dissolved/suspended in water is metadata/reservoir state,",3,src/arcane_ecology.rs; src/world/ecology.rs; src/world/fire.rs; src/materials.rs,every_natural_site_obeys_ordinary_and_magical_habitat; base_species_and_core_roles_have_redundant_seed_sites; crystal_harvest_is_exact_seed_preserving_and_single_shot; transformer_uptake_water_and_nutrients_are_conserved; content_retrogen_preserves_saved_sites_and_adds_empty_untouched_candidates,proven,goals 1-8 implementation plus Goal 9 integrated audit,docs/magic-qualification-implementation.md
docs/magic-ecology-plan.md:344,Water,Harvesting luminous dew debits both the plant/Current and the actual liquid,3,src/arcane_ecology.rs; src/world/ecology.rs; src/world/fire.rs; src/materials.rs,every_natural_site_obeys_ordinary_and_magical_habitat; base_species_and_core_roles_have_redundant_seed_sites; crystal_harvest_is_exact_seed_preserving_and_single_shot; transformer_uptake_water_and_nutrients_are_conserved; content_retrogen_preserves_saved_sites_and_adds_empty_untouched_candidates,proven,goals 1-8 implementation plus Goal 9 integrated audit,docs/magic-qualification-implementation.md
docs/magic-ecology-plan.md:346,Water,Magical ecology cannot create an oasis without groundwater or surface,3,src/arcane_ecology.rs; src/world/ecology.rs; src/world/fire.rs; src/materials.rs,every_natural_site_obeys_ordinary_and_magical_habitat; base_species_and_core_roles_have_redundant_seed_sites; crystal_harvest_is_exact_seed_preserving_and_single_shot; transformer_uptake_water_and_nutrients_are_conserved; content_retrogen_preserves_saved_sites_and_adds_empty_untouched_candidates,proven,goals 1-8 implementation plus Goal 9 integrated audit,docs/magic-qualification-implementation.md
docs/magic-ecology-plan.md:353,Visual and audio direction,"polarized or oil-film color at grazing angles,",3,src/arcane_ecology.rs; src/world/ecology.rs; src/world/fire.rs; src/materials.rs,every_natural_site_obeys_ordinary_and_magical_habitat; base_species_and_core_roles_have_redundant_seed_sites; crystal_harvest_is_exact_seed_preserving_and_single_shot; transformer_uptake_water_and_nutrients_are_conserved; content_retrogen_preserves_saved_sites_and_adds_empty_untouched_candidates,proven,goals 1-8 implementation plus Goal 9 integrated audit,docs/magic-qualification-implementation.md
docs/magic-ecology-plan.md:354,Visual and audio direction,"rhythmic posture, alignment, rings, and branching,",3,src/arcane_ecology.rs; src/world/ecology.rs; src/world/fire.rs; src/materials.rs,every_natural_site_obeys_ordinary_and_magical_habitat; base_species_and_core_roles_have_redundant_seed_sites; crystal_harvest_is_exact_seed_preserving_and_single_shot; transformer_uptake_water_and_nutrients_are_conserved; content_retrogen_preserves_saved_sites_and_adds_empty_untouched_candidates,proven,goals 1-8 implementation plus Goal 9 integrated audit,docs/magic-qualification-implementation.md
docs/magic-ecology-plan.md:355,Visual and audio direction,"restrained internal light where charge is actually being spent,",3,src/arcane_ecology.rs; src/world/ecology.rs; src/world/fire.rs; src/materials.rs,every_natural_site_obeys_ordinary_and_magical_habitat; base_species_and_core_roles_have_redundant_seed_sites; crystal_harvest_is_exact_seed_preserving_and_single_shot; transformer_uptake_water_and_nutrients_are_conserved; content_retrogen_preserves_saved_sites_and_adds_empty_untouched_candidates,proven,goals 1-8 implementation plus Goal 9 integrated audit,docs/magic-qualification-implementation.md
docs/magic-ecology-plan.md:356,Visual and audio direction,"harmonic, damped, or phase-shifting ambient sound,",3,src/arcane_ecology.rs; src/world/ecology.rs; src/world/fire.rs; src/materials.rs,every_natural_site_obeys_ordinary_and_magical_habitat; base_species_and_core_roles_have_redundant_seed_sites; crystal_harvest_is_exact_seed_preserving_and_single_shot; transformer_uptake_water_and_nutrients_are_conserved; content_retrogen_preserves_saved_sites_and_adds_empty_untouched_candidates,proven,goals 1-8 implementation plus Goal 9 integrated audit,docs/magic-qualification-implementation.md
docs/magic-ecology-plan.md:357,Visual and audio direction,"particles tied to transfer events rather than constant glitter,",3,src/arcane_ecology.rs; src/world/ecology.rs; src/world/fire.rs; src/materials.rs,every_natural_site_obeys_ordinary_and_magical_habitat; base_species_and_core_roles_have_redundant_seed_sites; crystal_harvest_is_exact_seed_preserving_and_single_shot; transformer_uptake_water_and_nutrients_are_conserved; content_retrogen_preserves_saved_sites_and_adds_empty_untouched_candidates,proven,goals 1-8 implementation plus Goal 9 integrated audit,docs/magic-qualification-implementation.md
docs/magic-ecology-plan.md:358,Visual and audio direction,climate-specific materials and silhouettes.,3,src/arcane_ecology.rs; src/world/ecology.rs; src/world/fire.rs; src/materials.rs,every_natural_site_obeys_ordinary_and_magical_habitat; base_species_and_core_roles_have_redundant_seed_sites; crystal_harvest_is_exact_seed_preserving_and_single_shot; transformer_uptake_water_and_nutrients_are_conserved; content_retrogen_preserves_saved_sites_and_adds_empty_untouched_candidates,proven,goals 1-8 implementation plus Goal 9 integrated audit,docs/magic-qualification-implementation.md
docs/magic-ecology-plan.md:383,Content and mod schemas,"every uptake has a source and every destruction/decay path a disposition,",3,src/arcane_ecology.rs; src/world/ecology.rs; src/world/fire.rs; src/materials.rs,every_natural_site_obeys_ordinary_and_magical_habitat; base_species_and_core_roles_have_redundant_seed_sites; crystal_harvest_is_exact_seed_preserving_and_single_shot; transformer_uptake_water_and_nutrients_are_conserved; content_retrogen_preserves_saved_sites_and_adds_empty_untouched_candidates,proven,goals 1-8 implementation plus Goal 9 integrated audit,docs/magic-qualification-implementation.md
docs/magic-ecology-plan.md:384,Content and mod schemas,"magical habitat composes with ordinary tags,",3,src/arcane_ecology.rs; src/world/ecology.rs; src/world/fire.rs; src/materials.rs,every_natural_site_obeys_ordinary_and_magical_habitat; base_species_and_core_roles_have_redundant_seed_sites; crystal_harvest_is_exact_seed_preserving_and_single_shot; transformer_uptake_water_and_nutrients_are_conserved; content_retrogen_preserves_saved_sites_and_adds_empty_untouched_candidates,proven,goals 1-8 implementation plus Goal 9 integrated audit,docs/magic-qualification-implementation.md
docs/magic-ecology-plan.md:385,Content and mod schemas,"finite minerals declare material identities/deposit rules,",3,src/arcane_ecology.rs; src/world/ecology.rs; src/world/fire.rs; src/materials.rs,every_natural_site_obeys_ordinary_and_magical_habitat; base_species_and_core_roles_have_redundant_seed_sites; crystal_harvest_is_exact_seed_preserving_and_single_shot; transformer_uptake_water_and_nutrients_are_conserved; content_retrogen_preserves_saved_sites_and_adds_empty_untouched_candidates,proven,goals 1-8 implementation plus Goal 9 integrated audit,docs/magic-qualification-implementation.md
docs/magic-ecology-plan.md:386,Content and mod schemas,"regenerative crystals declare seed and exact charge stages,",3,src/arcane_ecology.rs; src/world/ecology.rs; src/world/fire.rs; src/materials.rs,every_natural_site_obeys_ordinary_and_magical_habitat; base_species_and_core_roles_have_redundant_seed_sites; crystal_harvest_is_exact_seed_preserving_and_single_shot; transformer_uptake_water_and_nutrients_are_conserved; content_retrogen_preserves_saved_sites_and_adds_empty_untouched_candidates,proven,goals 1-8 implementation plus Goal 9 integrated audit,docs/magic-qualification-implementation.md
docs/magic-ecology-plan.md:387,Content and mod schemas,"scripts may react to events but cannot award growth or harvest directly,",3,src/arcane_ecology.rs; src/world/ecology.rs; src/world/fire.rs; src/materials.rs,every_natural_site_obeys_ordinary_and_magical_habitat; base_species_and_core_roles_have_redundant_seed_sites; crystal_harvest_is_exact_seed_preserving_and_single_shot; transformer_uptake_water_and_nutrients_are_conserved; content_retrogen_preserves_saved_sites_and_adds_empty_untouched_candidates,proven,goals 1-8 implementation plus Goal 9 integrated audit,docs/magic-qualification-implementation.md
docs/magic-ecology-plan.md:388,Content and mod schemas,content validation detects unreachable base progression and unbalanced,3,src/arcane_ecology.rs; src/world/ecology.rs; src/world/fire.rs; src/materials.rs,every_natural_site_obeys_ordinary_and_magical_habitat; base_species_and_core_roles_have_redundant_seed_sites; crystal_harvest_is_exact_seed_preserving_and_single_shot; transformer_uptake_water_and_nutrients_are_conserved; content_retrogen_preserves_saved_sites_and_adds_empty_untouched_candidates,proven,goals 1-8 implementation plus Goal 9 integrated audit,docs/magic-qualification-implementation.md
docs/magic-ecology-plan.md:400,Player information,Rainbells close as a marsh is depleted.,3,src/arcane_ecology.rs; src/world/ecology.rs; src/world/fire.rs; src/materials.rs,every_natural_site_obeys_ordinary_and_magical_habitat; base_species_and_core_roles_have_redundant_seed_sites; crystal_harvest_is_exact_seed_preserving_and_single_shot; transformer_uptake_water_and_nutrients_are_conserved; content_retrogen_preserves_saved_sites_and_adds_empty_untouched_candidates,proven,goals 1-8 implementation plus Goal 9 integrated audit,docs/magic-qualification-implementation.md
docs/magic-ecology-plan.md:401,Player information,Cairnblooms lean with drift.,3,src/arcane_ecology.rs; src/world/ecology.rs; src/world/fire.rs; src/materials.rs,every_natural_site_obeys_ordinary_and_magical_habitat; base_species_and_core_roles_have_redundant_seed_sites; crystal_harvest_is_exact_seed_preserving_and_single_shot; transformer_uptake_water_and_nutrients_are_conserved; content_retrogen_preserves_saved_sites_and_adds_empty_untouched_candidates,proven,goals 1-8 implementation plus Goal 9 integrated audit,docs/magic-qualification-implementation.md
docs/magic-ecology-plan.md:402,Player information,Lantern reeds dim as stored charge falls.,3,src/arcane_ecology.rs; src/world/ecology.rs; src/world/fire.rs; src/materials.rs,every_natural_site_obeys_ordinary_and_magical_habitat; base_species_and_core_roles_have_redundant_seed_sites; crystal_harvest_is_exact_seed_preserving_and_single_shot; transformer_uptake_water_and_nutrients_are_conserved; content_retrogen_preserves_saved_sites_and_adds_empty_untouched_candidates,proven,goals 1-8 implementation plus Goal 9 integrated audit,docs/magic-qualification-implementation.md
docs/magic-ecology-plan.md:403,Player information,Ashlace pales or darkens with dross burden.,3,src/arcane_ecology.rs; src/world/ecology.rs; src/world/fire.rs; src/materials.rs,every_natural_site_obeys_ordinary_and_magical_habitat; base_species_and_core_roles_have_redundant_seed_sites; crystal_harvest_is_exact_seed_preserving_and_single_shot; transformer_uptake_water_and_nutrients_are_conserved; content_retrogen_preserves_saved_sites_and_adds_empty_untouched_candidates,proven,goals 1-8 implementation plus Goal 9 integrated audit,docs/magic-qualification-implementation.md
docs/magic-ecology-plan.md:404,Player information,Wellglass growth halts before a region becomes dangerously overdrawn.,3,src/arcane_ecology.rs; src/world/ecology.rs; src/world/fire.rs; src/materials.rs,every_natural_site_obeys_ordinary_and_magical_habitat; base_species_and_core_roles_have_redundant_seed_sites; crystal_harvest_is_exact_seed_preserving_and_single_shot; transformer_uptake_water_and_nutrients_are_conserved; content_retrogen_preserves_saved_sites_and_adds_empty_untouched_candidates,proven,goals 1-8 implementation plus Goal 9 integrated audit,docs/magic-qualification-implementation.md
docs/magic-ecology-plan.md:413,Habitat and worldgen,"Every species satisfies climate, water, soil, geology, and Current",3,src/arcane_ecology.rs; src/world/ecology.rs; src/world/fire.rs; src/materials.rs,every_natural_site_obeys_ordinary_and_magical_habitat; base_species_and_core_roles_have_redundant_seed_sites; crystal_harvest_is_exact_seed_preserving_and_single_shot; transformer_uptake_water_and_nutrients_are_conserved; content_retrogen_preserves_saved_sites_and_adds_empty_untouched_candidates,proven,goals 1-8 implementation plus Goal 9 integrated audit,docs/magic-qualification-implementation.md
docs/magic-ecology-plan.md:415,Habitat and worldgen,Cross-climate confluence variants preserve their base biome causality.,3,src/arcane_ecology.rs; src/world/ecology.rs; src/world/fire.rs; src/materials.rs,every_natural_site_obeys_ordinary_and_magical_habitat; base_species_and_core_roles_have_redundant_seed_sites; crystal_harvest_is_exact_seed_preserving_and_single_shot; transformer_uptake_water_and_nutrients_are_conserved; content_retrogen_preserves_saved_sites_and_adds_empty_untouched_candidates,proven,goals 1-8 implementation plus Goal 9 integrated audit,docs/magic-qualification-implementation.md
docs/magic-ecology-plan.md:416,Habitat and worldgen,No cube seam changes density or species selection.,3,src/arcane_ecology.rs; src/world/ecology.rs; src/world/fire.rs; src/materials.rs,every_natural_site_obeys_ordinary_and_magical_habitat; base_species_and_core_roles_have_redundant_seed_sites; crystal_harvest_is_exact_seed_preserving_and_single_shot; transformer_uptake_water_and_nutrients_are_conserved; content_retrogen_preserves_saved_sites_and_adds_empty_untouched_candidates,proven,goals 1-8 implementation plus Goal 9 integrated audit,docs/magic-qualification-implementation.md
docs/magic-ecology-plan.md:417,Habitat and worldgen,Same seed/load order produces identical site ids and initial states.,3,src/arcane_ecology.rs; src/world/ecology.rs; src/world/fire.rs; src/materials.rs,every_natural_site_obeys_ordinary_and_magical_habitat; base_species_and_core_roles_have_redundant_seed_sites; crystal_harvest_is_exact_seed_preserving_and_single_shot; transformer_uptake_water_and_nutrients_are_conserved; content_retrogen_preserves_saved_sites_and_adds_empty_untouched_candidates,proven,goals 1-8 implementation plus Goal 9 integrated audit,docs/magic-qualification-implementation.md
docs/magic-ecology-plan.md:418,Habitat and worldgen,Seed census proves every core role is redundantly accessible.,3,src/arcane_ecology.rs; src/world/ecology.rs; src/world/fire.rs; src/materials.rs,every_natural_site_obeys_ordinary_and_magical_habitat; base_species_and_core_roles_have_redundant_seed_sites; crystal_harvest_is_exact_seed_preserving_and_single_shot; transformer_uptake_water_and_nutrients_are_conserved; content_retrogen_preserves_saved_sites_and_adds_empty_untouched_candidates,proven,goals 1-8 implementation plus Goal 9 integrated audit,docs/magic-qualification-implementation.md
docs/magic-ecology-plan.md:422,Conservation,"Plant uptake/growth/harvest/decay/fire/composting balances Current, water,",3,src/arcane_ecology.rs; src/world/ecology.rs; src/world/fire.rs; src/materials.rs,every_natural_site_obeys_ordinary_and_magical_habitat; base_species_and_core_roles_have_redundant_seed_sites; crystal_harvest_is_exact_seed_preserving_and_single_shot; transformer_uptake_water_and_nutrients_are_conserved; content_retrogen_preserves_saved_sites_and_adds_empty_untouched_candidates,proven,goals 1-8 implementation plus Goal 9 integrated audit,docs/magic-qualification-implementation.md
docs/magic-ecology-plan.md:424,Conservation,Every crystal stage debits exactly the charge it stores.,3,src/arcane_ecology.rs; src/world/ecology.rs; src/world/fire.rs; src/materials.rs,every_natural_site_obeys_ordinary_and_magical_habitat; base_species_and_core_roles_have_redundant_seed_sites; crystal_harvest_is_exact_seed_preserving_and_single_shot; transformer_uptake_water_and_nutrients_are_conserved; content_retrogen_preserves_saved_sites_and_adds_empty_untouched_candidates,proven,goals 1-8 implementation plus Goal 9 integrated audit,docs/magic-qualification-implementation.md
docs/magic-ecology-plan.md:425,Conservation,"Correct harvest, destructive harvest, explosion, fire, item loss, and",3,src/arcane_ecology.rs; src/world/ecology.rs; src/world/fire.rs; src/materials.rs,every_natural_site_obeys_ordinary_and_magical_habitat; base_species_and_core_roles_have_redundant_seed_sites; crystal_harvest_is_exact_seed_preserving_and_single_shot; transformer_uptake_water_and_nutrients_are_conserved; content_retrogen_preserves_saved_sites_and_adds_empty_untouched_candidates,proven,goals 1-8 implementation plus Goal 9 integrated audit,docs/magic-qualification-implementation.md
docs/magic-ecology-plan.md:427,Conservation,Finite magical mineral extraction reconciles both ledgers.,3,src/arcane_ecology.rs; src/world/ecology.rs; src/world/fire.rs; src/materials.rs,every_natural_site_obeys_ordinary_and_magical_habitat; base_species_and_core_roles_have_redundant_seed_sites; crystal_harvest_is_exact_seed_preserving_and_single_shot; transformer_uptake_water_and_nutrients_are_conserved; content_retrogen_preserves_saved_sites_and_adds_empty_untouched_candidates,proven,goals 1-8 implementation plus Goal 9 integrated audit,docs/magic-qualification-implementation.md
docs/magic-ecology-plan.md:428,Conservation,A long unloaded/loaded succession run has zero unexplained Current.,3,src/arcane_ecology.rs; src/world/ecology.rs; src/world/fire.rs; src/materials.rs,every_natural_site_obeys_ordinary_and_magical_habitat; base_species_and_core_roles_have_redundant_seed_sites; crystal_harvest_is_exact_seed_preserving_and_single_shot; transformer_uptake_water_and_nutrients_are_conserved; content_retrogen_preserves_saved_sites_and_adds_empty_untouched_candidates,proven,goals 1-8 implementation plus Goal 9 integrated audit,docs/magic-qualification-implementation.md
docs/magic-ecology-plan.md:432,Ecology and recovery,Overharvest lowers seed bank/carrying function visibly.,3,src/arcane_ecology.rs; src/world/ecology.rs; src/world/fire.rs; src/materials.rs,every_natural_site_obeys_ordinary_and_magical_habitat; base_species_and_core_roles_have_redundant_seed_sites; crystal_harvest_is_exact_seed_preserving_and_single_shot; transformer_uptake_water_and_nutrients_are_conserved; content_retrogen_preserves_saved_sites_and_adds_empty_untouched_candidates,proven,goals 1-8 implementation plus Goal 9 integrated audit,docs/magic-qualification-implementation.md
docs/magic-ecology-plan.md:433,Ecology and recovery,Protected harvest retains renewal.,3,src/arcane_ecology.rs; src/world/ecology.rs; src/world/fire.rs; src/materials.rs,every_natural_site_obeys_ordinary_and_magical_habitat; base_species_and_core_roles_have_redundant_seed_sites; crystal_harvest_is_exact_seed_preserving_and_single_shot; transformer_uptake_water_and_nutrients_are_conserved; content_retrogen_preserves_saved_sites_and_adds_empty_untouched_candidates,proven,goals 1-8 implementation plus Goal 9 integrated audit,docs/magic-qualification-implementation.md
docs/magic-ecology-plan.md:434,Ecology and recovery,A collapsed population can recover from non-unique seed and repaired,3,src/arcane_ecology.rs; src/world/ecology.rs; src/world/fire.rs; src/materials.rs,every_natural_site_obeys_ordinary_and_magical_habitat; base_species_and_core_roles_have_redundant_seed_sites; crystal_harvest_is_exact_seed_preserving_and_single_shot; transformer_uptake_water_and_nutrients_are_conserved; content_retrogen_preserves_saved_sites_and_adds_empty_untouched_candidates,proven,goals 1-8 implementation plus Goal 9 integrated audit,docs/magic-qualification-implementation.md
docs/magic-ecology-plan.md:436,Ecology and recovery,Dead hearts withdraw bonuses without deleting cultivation.,3,src/arcane_ecology.rs; src/world/ecology.rs; src/world/fire.rs; src/materials.rs,every_natural_site_obeys_ordinary_and_magical_habitat; base_species_and_core_roles_have_redundant_seed_sites; crystal_harvest_is_exact_seed_preserving_and_single_shot; transformer_uptake_water_and_nutrients_are_conserved; content_retrogen_preserves_saved_sites_and_adds_empty_untouched_candidates,proven,goals 1-8 implementation plus Goal 9 integrated audit,docs/magic-qualification-implementation.md
docs/magic-ecology-plan.md:437,Ecology and recovery,Dross sequestration moves dross into tissue rather than erasing it.,3,src/arcane_ecology.rs; src/world/ecology.rs; src/world/fire.rs; src/materials.rs,every_natural_site_obeys_ordinary_and_magical_habitat; base_species_and_core_roles_have_redundant_seed_sites; crystal_harvest_is_exact_seed_preserving_and_single_shot; transformer_uptake_water_and_nutrients_are_conserved; content_retrogen_preserves_saved_sites_and_adds_empty_untouched_candidates,proven,goals 1-8 implementation plus Goal 9 integrated audit,docs/magic-qualification-implementation.md
docs/magic-ecology-plan.md:438,Ecology and recovery,"Ire changes follow actual taking/tending actions, not Current arithmetic.",3,src/arcane_ecology.rs; src/world/ecology.rs; src/world/fire.rs; src/materials.rs,every_natural_site_obeys_ordinary_and_magical_habitat; base_species_and_core_roles_have_redundant_seed_sites; crystal_harvest_is_exact_seed_preserving_and_single_shot; transformer_uptake_water_and_nutrients_are_conserved; content_retrogen_preserves_saved_sites_and_adds_empty_untouched_candidates,proven,goals 1-8 implementation plus Goal 9 integrated audit,docs/magic-qualification-implementation.md
docs/magic-ecology-plan.md:442,"Multiplayer, mods, and budgets",Simultaneous harvest resolves once on the host.,3,src/arcane_ecology.rs; src/world/ecology.rs; src/world/fire.rs; src/materials.rs,every_natural_site_obeys_ordinary_and_magical_habitat; base_species_and_core_roles_have_redundant_seed_sites; crystal_harvest_is_exact_seed_preserving_and_single_shot; transformer_uptake_water_and_nutrients_are_conserved; content_retrogen_preserves_saved_sites_and_adds_empty_untouched_candidates,proven,goals 1-8 implementation plus Goal 9 integrated audit,docs/magic-qualification-implementation.md
docs/magic-ecology-plan.md:443,"Multiplayer, mods, and budgets",Remote clients receive authoritative site/block/item state.,3,src/arcane_ecology.rs; src/world/ecology.rs; src/world/fire.rs; src/materials.rs,every_natural_site_obeys_ordinary_and_magical_habitat; base_species_and_core_roles_have_redundant_seed_sites; crystal_harvest_is_exact_seed_preserving_and_single_shot; transformer_uptake_water_and_nutrients_are_conserved; content_retrogen_preserves_saved_sites_and_adds_empty_untouched_candidates,proven,goals 1-8 implementation plus Goal 9 integrated audit,docs/magic-qualification-implementation.md
docs/magic-ecology-plan.md:444,"Multiplayer, mods, and budgets",Valid fixture species/minerals/crystals run through the same lifecycle.,3,src/arcane_ecology.rs; src/world/ecology.rs; src/world/fire.rs; src/materials.rs,every_natural_site_obeys_ordinary_and_magical_habitat; base_species_and_core_roles_have_redundant_seed_sites; crystal_harvest_is_exact_seed_preserving_and_single_shot; transformer_uptake_water_and_nutrients_are_conserved; content_retrogen_preserves_saved_sites_and_adds_empty_untouched_candidates,proven,goals 1-8 implementation plus Goal 9 integrated audit,docs/magic-qualification-implementation.md
docs/magic-ecology-plan.md:445,"Multiplayer, mods, and budgets",Invalid free-growth and duplicate-harvest fixtures are rejected.,3,src/arcane_ecology.rs; src/world/ecology.rs; src/world/fire.rs; src/materials.rs,every_natural_site_obeys_ordinary_and_magical_habitat; base_species_and_core_roles_have_redundant_seed_sites; crystal_harvest_is_exact_seed_preserving_and_single_shot; transformer_uptake_water_and_nutrients_are_conserved; content_retrogen_preserves_saved_sites_and_adds_empty_untouched_candidates,proven,goals 1-8 implementation plus Goal 9 integrated audit,docs/magic-qualification-implementation.md
docs/magic-ecology-plan.md:446,"Multiplayer, mods, and budgets","Coarse unloaded ecology stays within measured CPU, memory, save, and network",3,src/arcane_ecology.rs; src/world/ecology.rs; src/world/fire.rs; src/materials.rs,every_natural_site_obeys_ordinary_and_magical_habitat; base_species_and_core_roles_have_redundant_seed_sites; crystal_harvest_is_exact_seed_preserving_and_single_shot; transformer_uptake_water_and_nutrients_are_conserved; content_retrogen_preserves_saved_sites_and_adds_empty_untouched_candidates,proven,goals 1-8 implementation plus Goal 9 integrated audit,docs/magic-qualification-implementation.md
docs/magic-ecology-plan.md:453,Completion criteria,"magical richness is a causal overlay across ordinary planetary habitats,",3,src/arcane_ecology.rs; src/world/ecology.rs; src/world/fire.rs; src/materials.rs,every_natural_site_obeys_ordinary_and_magical_habitat; base_species_and_core_roles_have_redundant_seed_sites; crystal_harvest_is_exact_seed_preserving_and_single_shot; transformer_uptake_water_and_nutrients_are_conserved; content_retrogen_preserves_saved_sites_and_adds_empty_untouched_candidates,proven,goals 1-8 implementation plus Goal 9 integrated audit,docs/magic-qualification-implementation.md
docs/magic-ecology-plan.md:454,Completion criteria,"the base role roster exists with climate-correct placement and lifecycle,",3,src/arcane_ecology.rs; src/world/ecology.rs; src/world/fire.rs; src/materials.rs,every_natural_site_obeys_ordinary_and_magical_habitat; base_species_and_core_roles_have_redundant_seed_sites; crystal_harvest_is_exact_seed_preserving_and_single_shot; transformer_uptake_water_and_nutrients_are_conserved; content_retrogen_preserves_saved_sites_and_adds_empty_untouched_candidates,proven,goals 1-8 implementation plus Goal 9 integrated audit,docs/magic-qualification-implementation.md
docs/magic-ecology-plan.md:455,Completion criteria,"finite resonant minerals and regenerative wellglass use the correct ledgers,",3,src/arcane_ecology.rs; src/world/ecology.rs; src/world/fire.rs; src/materials.rs,every_natural_site_obeys_ordinary_and_magical_habitat; base_species_and_core_roles_have_redundant_seed_sites; crystal_harvest_is_exact_seed_preserving_and_single_shot; transformer_uptake_water_and_nutrients_are_conserved; content_retrogen_preserves_saved_sites_and_adds_empty_untouched_candidates,proven,goals 1-8 implementation plus Goal 9 integrated audit,docs/magic-qualification-implementation.md
docs/magic-ecology-plan.md:456,Completion criteria,"loaded and unloaded growth is deterministic and duplication-safe,",3,src/arcane_ecology.rs; src/world/ecology.rs; src/world/fire.rs; src/materials.rs,every_natural_site_obeys_ordinary_and_magical_habitat; base_species_and_core_roles_have_redundant_seed_sites; crystal_harvest_is_exact_seed_preserving_and_single_shot; transformer_uptake_water_and_nutrients_are_conserved; content_retrogen_preserves_saved_sites_and_adds_empty_untouched_candidates,proven,goals 1-8 implementation plus Goal 9 integrated audit,docs/magic-qualification-implementation.md
docs/magic-ecology-plan.md:457,Completion criteria,"overharvest, cultivation, collapse, and restoration all function,",3,src/arcane_ecology.rs; src/world/ecology.rs; src/world/fire.rs; src/materials.rs,every_natural_site_obeys_ordinary_and_magical_habitat; base_species_and_core_roles_have_redundant_seed_sites; crystal_harvest_is_exact_seed_preserving_and_single_shot; transformer_uptake_water_and_nutrients_are_conserved; content_retrogen_preserves_saved_sites_and_adds_empty_untouched_candidates,proven,goals 1-8 implementation plus Goal 9 integrated audit,docs/magic-qualification-implementation.md
docs/magic-ecology-plan.md:458,Completion criteria,"hearts, wardens, Ire, water, soil, fire, mods, and multiplayer integrate,",3,src/arcane_ecology.rs; src/world/ecology.rs; src/world/fire.rs; src/materials.rs,every_natural_site_obeys_ordinary_and_magical_habitat; base_species_and_core_roles_have_redundant_seed_sites; crystal_harvest_is_exact_seed_preserving_and_single_shot; transformer_uptake_water_and_nutrients_are_conserved; content_retrogen_preserves_saved_sites_and_adds_empty_untouched_candidates,proven,goals 1-8 implementation plus Goal 9 integrated audit,docs/magic-qualification-implementation.md
docs/magic-ecology-plan.md:459,Completion criteria,"visual and audio language is distinct and environmentally legible,",3,src/arcane_ecology.rs; src/world/ecology.rs; src/world/fire.rs; src/materials.rs,every_natural_site_obeys_ordinary_and_magical_habitat; base_species_and_core_roles_have_redundant_seed_sites; crystal_harvest_is_exact_seed_preserving_and_single_shot; transformer_uptake_water_and_nutrients_are_conserved; content_retrogen_preserves_saved_sites_and_adds_empty_untouched_candidates,proven,goals 1-8 implementation plus Goal 9 integrated audit,docs/magic-qualification-implementation.md
docs/magic-ecology-plan.md:460,Completion criteria,"conservation, habitat, seed-census, persistence, performance, and",3,src/arcane_ecology.rs; src/world/ecology.rs; src/world/fire.rs; src/materials.rs,every_natural_site_obeys_ordinary_and_magical_habitat; base_species_and_core_roles_have_redundant_seed_sites; crystal_harvest_is_exact_seed_preserving_and_single_shot; transformer_uptake_water_and_nutrients_are_conserved; content_retrogen_preserves_saved_sites_and_adds_empty_untouched_candidates,proven,goals 1-8 implementation plus Goal 9 integrated audit,docs/magic-qualification-implementation.md
docs/magic-ecology-plan.md:catalog-1,named catalog,plant: Rainbell,3,src/arcane_ecology.rs; src/world/ecology.rs; src/world/fire.rs; src/materials.rs,every_natural_site_obeys_ordinary_and_magical_habitat; base_species_and_core_roles_have_redundant_seed_sites; crystal_harvest_is_exact_seed_preserving_and_single_shot; transformer_uptake_water_and_nutrients_are_conserved; content_retrogen_preserves_saved_sites_and_adds_empty_untouched_candidates,proven,goals 1-8 implementation plus Goal 9 integrated audit,docs/magic-qualification-implementation.md
docs/magic-ecology-plan.md:catalog-2,named catalog,plant: Hushwood,3,src/arcane_ecology.rs; src/world/ecology.rs; src/world/fire.rs; src/materials.rs,every_natural_site_obeys_ordinary_and_magical_habitat; base_species_and_core_roles_have_redundant_seed_sites; crystal_harvest_is_exact_seed_preserving_and_single_shot; transformer_uptake_water_and_nutrients_are_conserved; content_retrogen_preserves_saved_sites_and_adds_empty_untouched_candidates,proven,goals 1-8 implementation plus Goal 9 integrated audit,docs/magic-qualification-implementation.md
docs/magic-ecology-plan.md:catalog-3,named catalog,plant: Stormvine,3,src/arcane_ecology.rs; src/world/ecology.rs; src/world/fire.rs; src/materials.rs,every_natural_site_obeys_ordinary_and_magical_habitat; base_species_and_core_roles_have_redundant_seed_sites; crystal_harvest_is_exact_seed_preserving_and_single_shot; transformer_uptake_water_and_nutrients_are_conserved; content_retrogen_preserves_saved_sites_and_adds_empty_untouched_candidates,proven,goals 1-8 implementation plus Goal 9 integrated audit,docs/magic-qualification-implementation.md
docs/magic-ecology-plan.md:catalog-4,named catalog,plant: Cairnbloom,3,src/arcane_ecology.rs; src/world/ecology.rs; src/world/fire.rs; src/materials.rs,every_natural_site_obeys_ordinary_and_magical_habitat; base_species_and_core_roles_have_redundant_seed_sites; crystal_harvest_is_exact_seed_preserving_and_single_shot; transformer_uptake_water_and_nutrients_are_conserved; content_retrogen_preserves_saved_sites_and_adds_empty_untouched_candidates,proven,goals 1-8 implementation plus Goal 9 integrated audit,docs/magic-qualification-implementation.md
docs/magic-ecology-plan.md:catalog-5,named catalog,plant: Ashlace,3,src/arcane_ecology.rs; src/world/ecology.rs; src/world/fire.rs; src/materials.rs,every_natural_site_obeys_ordinary_and_magical_habitat; base_species_and_core_roles_have_redundant_seed_sites; crystal_harvest_is_exact_seed_preserving_and_single_shot; transformer_uptake_water_and_nutrients_are_conserved; content_retrogen_preserves_saved_sites_and_adds_empty_untouched_candidates,proven,goals 1-8 implementation plus Goal 9 integrated audit,docs/magic-qualification-implementation.md
docs/magic-ecology-plan.md:catalog-6,named catalog,plant: Pilgrim Root,3,src/arcane_ecology.rs; src/world/ecology.rs; src/world/fire.rs; src/materials.rs,every_natural_site_obeys_ordinary_and_magical_habitat; base_species_and_core_roles_have_redundant_seed_sites; crystal_harvest_is_exact_seed_preserving_and_single_shot; transformer_uptake_water_and_nutrients_are_conserved; content_retrogen_preserves_saved_sites_and_adds_empty_untouched_candidates,proven,goals 1-8 implementation plus Goal 9 integrated audit,docs/magic-qualification-implementation.md
docs/magic-ecology-plan.md:catalog-7,named catalog,plant: Lantern Reed,3,src/arcane_ecology.rs; src/world/ecology.rs; src/world/fire.rs; src/materials.rs,every_natural_site_obeys_ordinary_and_magical_habitat; base_species_and_core_roles_have_redundant_seed_sites; crystal_harvest_is_exact_seed_preserving_and_single_shot; transformer_uptake_water_and_nutrients_are_conserved; content_retrogen_preserves_saved_sites_and_adds_empty_untouched_candidates,proven,goals 1-8 implementation plus Goal 9 integrated audit,docs/magic-qualification-implementation.md
docs/magic-ecology-plan.md:catalog-8,named catalog,plant: Nightglass,3,src/arcane_ecology.rs; src/world/ecology.rs; src/world/fire.rs; src/materials.rs,every_natural_site_obeys_ordinary_and_magical_habitat; base_species_and_core_roles_have_redundant_seed_sites; crystal_harvest_is_exact_seed_preserving_and_single_shot; transformer_uptake_water_and_nutrients_are_conserved; content_retrogen_preserves_saved_sites_and_adds_empty_untouched_candidates,proven,goals 1-8 implementation plus Goal 9 integrated audit,docs/magic-qualification-implementation.md
docs/magic-ecology-plan.md:catalog-9,named catalog,plant: Frostlace,3,src/arcane_ecology.rs; src/world/ecology.rs; src/world/fire.rs; src/materials.rs,every_natural_site_obeys_ordinary_and_magical_habitat; base_species_and_core_roles_have_redundant_seed_sites; crystal_harvest_is_exact_seed_preserving_and_single_shot; transformer_uptake_water_and_nutrients_are_conserved; content_retrogen_preserves_saved_sites_and_adds_empty_untouched_candidates,proven,goals 1-8 implementation plus Goal 9 integrated audit,docs/magic-qualification-implementation.md
docs/magic-ecology-plan.md:catalog-10,named catalog,plant: Tidekelp,3,src/arcane_ecology.rs; src/world/ecology.rs; src/world/fire.rs; src/materials.rs,every_natural_site_obeys_ordinary_and_magical_habitat; base_species_and_core_roles_have_redundant_seed_sites; crystal_harvest_is_exact_seed_preserving_and_single_shot; transformer_uptake_water_and_nutrients_are_conserved; content_retrogen_preserves_saved_sites_and_adds_empty_untouched_candidates,proven,goals 1-8 implementation plus Goal 9 integrated audit,docs/magic-qualification-implementation.md
docs/magic-ecology-plan.md:catalog-11,named catalog,plant: Echo Cap,3,src/arcane_ecology.rs; src/world/ecology.rs; src/world/fire.rs; src/materials.rs,every_natural_site_obeys_ordinary_and_magical_habitat; base_species_and_core_roles_have_redundant_seed_sites; crystal_harvest_is_exact_seed_preserving_and_single_shot; transformer_uptake_water_and_nutrients_are_conserved; content_retrogen_preserves_saved_sites_and_adds_empty_untouched_candidates,proven,goals 1-8 implementation plus Goal 9 integrated audit,docs/magic-qualification-implementation.md
docs/magic-ecology-plan.md:catalog-12,named catalog,plant: Ember Poppy,3,src/arcane_ecology.rs; src/world/ecology.rs; src/world/fire.rs; src/materials.rs,every_natural_site_obeys_ordinary_and_magical_habitat; base_species_and_core_roles_have_redundant_seed_sites; crystal_harvest_is_exact_seed_preserving_and_single_shot; transformer_uptake_water_and_nutrients_are_conserved; content_retrogen_preserves_saved_sites_and_adds_empty_untouched_candidates,proven,goals 1-8 implementation plus Goal 9 integrated audit,docs/magic-qualification-implementation.md
docs/magic-ecology-plan.md:catalog-13,named catalog,crystal: Wellglass,3,src/arcane_ecology.rs; src/world/ecology.rs; src/world/fire.rs; src/materials.rs,every_natural_site_obeys_ordinary_and_magical_habitat; base_species_and_core_roles_have_redundant_seed_sites; crystal_harvest_is_exact_seed_preserving_and_single_shot; transformer_uptake_water_and_nutrients_are_conserved; content_retrogen_preserves_saved_sites_and_adds_empty_untouched_candidates,proven,goals 1-8 implementation plus Goal 9 integrated audit,docs/magic-qualification-implementation.md
docs/magic-ecology-plan.md:catalog-14,named catalog,finite mineral: Choirstone,3,src/arcane_ecology.rs; src/world/ecology.rs; src/world/fire.rs; src/materials.rs,every_natural_site_obeys_ordinary_and_magical_habitat; base_species_and_core_roles_have_redundant_seed_sites; crystal_harvest_is_exact_seed_preserving_and_single_shot; transformer_uptake_water_and_nutrients_are_conserved; content_retrogen_preserves_saved_sites_and_adds_empty_untouched_candidates,proven,goals 1-8 implementation plus Goal 9 integrated audit,docs/magic-qualification-implementation.md
docs/magic-ecology-plan.md:catalog-15,named catalog,finite mineral: Still Salt,3,src/arcane_ecology.rs; src/world/ecology.rs; src/world/fire.rs; src/materials.rs,every_natural_site_obeys_ordinary_and_magical_habitat; base_species_and_core_roles_have_redundant_seed_sites; crystal_harvest_is_exact_seed_preserving_and_single_shot; transformer_uptake_water_and_nutrients_are_conserved; content_retrogen_preserves_saved_sites_and_adds_empty_untouched_candidates,proven,goals 1-8 implementation plus Goal 9 integrated audit,docs/magic-qualification-implementation.md
docs/magic-ecology-plan.md:catalog-16,named catalog,finite mineral: Wake Iron,3,src/arcane_ecology.rs; src/world/ecology.rs; src/world/fire.rs; src/materials.rs,every_natural_site_obeys_ordinary_and_magical_habitat; base_species_and_core_roles_have_redundant_seed_sites; crystal_harvest_is_exact_seed_preserving_and_single_shot; transformer_uptake_water_and_nutrients_are_conserved; content_retrogen_preserves_saved_sites_and_adds_empty_untouched_candidates,proven,goals 1-8 implementation plus Goal 9 integrated audit,docs/magic-qualification-implementation.md
docs/magic-ecology-plan.md:catalog-17,named catalog,finite mineral: Echo Slate,3,src/arcane_ecology.rs; src/world/ecology.rs; src/world/fire.rs; src/materials.rs,every_natural_site_obeys_ordinary_and_magical_habitat; base_species_and_core_roles_have_redundant_seed_sites; crystal_harvest_is_exact_seed_preserving_and_single_shot; transformer_uptake_water_and_nutrients_are_conserved; content_retrogen_preserves_saved_sites_and_adds_empty_untouched_candidates,proven,goals 1-8 implementation plus Goal 9 integrated audit,docs/magic-qualification-implementation.md
docs/magic-ecology-plan.md:catalog-18,named catalog,command: --arcane-ecology-audit,3,src/arcane_ecology.rs; src/world/ecology.rs; src/world/fire.rs; src/materials.rs,every_natural_site_obeys_ordinary_and_magical_habitat; base_species_and_core_roles_have_redundant_seed_sites; crystal_harvest_is_exact_seed_preserving_and_single_shot; transformer_uptake_water_and_nutrients_are_conserved; content_retrogen_preserves_saved_sites_and_adds_empty_untouched_candidates,proven,goals 1-8 implementation plus Goal 9 integrated audit,docs/magic-qualification-implementation.md
docs/magic-discovery-plan.md:18,Implementation record — 2026-08-02,"three deterministic, separated observational outposts on the dry walkable",4,src/discovery.rs; src/world/discovery.rs; src/world/spawn.rs; src/game/interaction.rs,signed_records_copy_with_optional_location_and_survive_reload; host_signature_rejects_forged_records; homeland_census_installs_three_redundant_observational_sites_once; the_agent_earns_and_reads_a_host_signed_magic_observation,proven,goals 1-8 implementation plus Goal 9 integrated audit,docs/magic-qualification-implementation.md
docs/magic-discovery-plan.md:23,Implementation record — 2026-08-02,"original, deterministic maker claims, warnings, boasts, measurements, and",4,src/discovery.rs; src/world/discovery.rs; src/world/spawn.rs; src/game/interaction.rs,signed_records_copy_with_optional_location_and_survive_reload; host_signature_rejects_forged_records; homeland_census_installs_three_redundant_observational_sites_once; the_agent_earns_and_reads_a_host_signed_magic_observation,proven,goals 1-8 implementation plus Goal 9 integrated audit,docs/magic-qualification-implementation.md
docs/magic-discovery-plan.md:27,Implementation record — 2026-08-02,"a visible industrial route to a fitted tuning lens, including a retained",4,src/discovery.rs; src/world/discovery.rs; src/world/spawn.rs; src/game/interaction.rs,signed_records_copy_with_optional_location_and_survive_reload; host_signature_rejects_forged_records; homeland_census_installs_three_redundant_observational_sites_once; the_agent_earns_and_reads_a_host_signed_magic_observation,proven,goals 1-8 implementation plus Goal 9 integrated audit,docs/magic-qualification-implementation.md
docs/magic-discovery-plan.md:32,Implementation record — 2026-08-02,"host-authored qualitative readings for regions, blocks, held samples,",4,src/discovery.rs; src/world/discovery.rs; src/world/spawn.rs; src/game/interaction.rs,signed_records_copy_with_optional_location_and_survive_reload; host_signature_rejects_forged_records; homeland_census_installs_three_redundant_observational_sites_once; the_agent_earns_and_reads_a_host_signed_magic_observation,proven,goals 1-8 implementation plus Goal 9 integrated audit,docs/magic-qualification-implementation.md
docs/magic-discovery-plan.md:37,Implementation record — 2026-08-02,"signed, versioned observations with stable `PlayerId`, display attribution,",4,src/discovery.rs; src/world/discovery.rs; src/world/spawn.rs; src/game/interaction.rs,signed_records_copy_with_optional_location_and_survive_reload; host_signature_rejects_forged_records; homeland_census_installs_three_redundant_observational_sites_once; the_agent_earns_and_reads_a_host_signed_magic_observation,proven,goals 1-8 implementation plus Goal 9 integrated audit,docs/magic-qualification-implementation.md
docs/magic-discovery-plan.md:42,Implementation record — 2026-08-02,physical 32-record field ledgers and 128-record survey folios. Folios persist,4,src/discovery.rs; src/world/discovery.rs; src/world/spawn.rs; src/game/interaction.rs,signed_records_copy_with_optional_location_and_survive_reload; host_signature_rejects_forged_records; homeland_census_installs_three_redundant_observational_sites_once; the_agent_earns_and_reads_a_host_signed_magic_observation,proven,goals 1-8 implementation plus Goal 9 integrated audit,docs/magic-qualification-implementation.md
docs/magic-discovery-plan.md:47,Implementation record — 2026-08-02,"a persistent two-bay comparative apparatus. Capacity, conductivity,",4,src/discovery.rs; src/world/discovery.rs; src/world/spawn.rs; src/game/interaction.rs,signed_records_copy_with_optional_location_and_survive_reload; host_signature_rejects_forged_records; homeland_census_installs_three_redundant_observational_sites_once; the_agent_earns_and_reads_a_host_signed_magic_observation,proven,goals 1-8 implementation plus Goal 9 integrated audit,docs/magic-qualification-implementation.md
docs/magic-discovery-plan.md:53,Implementation record — 2026-08-02,"one host validation path for solo, remote guests, and agents. Monotonic",4,src/discovery.rs; src/world/discovery.rs; src/world/spawn.rs; src/game/interaction.rs,signed_records_copy_with_optional_location_and_survive_reload; host_signature_rejects_forged_records; homeland_census_installs_three_redundant_observational_sites_once; the_agent_earns_and_reads_a_host_signed_magic_observation,proven,goals 1-8 implementation plus Goal 9 integrated audit,docs/magic-qualification-implementation.md
docs/magic-discovery-plan.md:58,Implementation record — 2026-08-02,"declarative observation, discovery-item, fixture, reference, and station",4,src/discovery.rs; src/world/discovery.rs; src/world/spawn.rs; src/game/interaction.rs,signed_records_copy_with_optional_location_and_survive_reload; host_signature_rejects_forged_records; homeland_census_installs_three_redundant_observational_sites_once; the_agent_earns_and_reads_a_host_signed_magic_observation,proven,goals 1-8 implementation plus Goal 9 integrated audit,docs/magic-qualification-implementation.md
docs/magic-discovery-plan.md:102,Purpose,"recipes are never secret,",4,src/discovery.rs; src/world/discovery.rs; src/world/spawn.rs; src/game/interaction.rs,signed_records_copy_with_optional_location_and_survive_reload; host_signature_rejects_forged_records; homeland_census_installs_three_redundant_observational_sites_once; the_agent_earns_and_reads_a_host_signed_magic_observation,proven,goals 1-8 implementation plus Goal 9 integrated audit,docs/magic-qualification-implementation.md
docs/magic-discovery-plan.md:103,Purpose,"there are no recipe locks or magical character classes,",4,src/discovery.rs; src/world/discovery.rs; src/world/spawn.rs; src/game/interaction.rs,signed_records_copy_with_optional_location_and_survive_reload; host_signature_rejects_forged_records; homeland_census_installs_three_redundant_observational_sites_once; the_agent_earns_and_reads_a_host_signed_magic_observation,proven,goals 1-8 implementation plus Goal 9 integrated audit,docs/magic-qualification-implementation.md
docs/magic-discovery-plan.md:104,Purpose,"no region owns exclusive knowledge,",4,src/discovery.rs; src/world/discovery.rs; src/world/spawn.rs; src/game/interaction.rs,signed_records_copy_with_optional_location_and_survive_reload; host_signature_rejects_forged_records; homeland_census_installs_three_redundant_observational_sites_once; the_agent_earns_and_reads_a_host_signed_magic_observation,proven,goals 1-8 implementation plus Goal 9 integrated audit,docs/magic-qualification-implementation.md
docs/magic-discovery-plan.md:105,Purpose,"solo play is viable,",4,src/discovery.rs; src/world/discovery.rs; src/world/spawn.rs; src/game/interaction.rs,signed_records_copy_with_optional_location_and_survive_reload; host_signature_rejects_forged_records; homeland_census_installs_three_redundant_observational_sites_once; the_agent_earns_and_reads_a_host_signed_magic_observation,proven,goals 1-8 implementation plus Goal 9 integrated audit,docs/magic-qualification-implementation.md
docs/magic-discovery-plan.md:106,Purpose,knowledge is valuable because it describes this particular finite world.,4,src/discovery.rs; src/world/discovery.rs; src/world/spawn.rs; src/game/interaction.rs,signed_records_copy_with_optional_location_and_survive_reload; host_signature_rejects_forged_records; homeland_census_installs_three_redundant_observational_sites_once; the_agent_earns_and_reads_a_host_signed_magic_observation,proven,goals 1-8 implementation plus Goal 9 integrated audit,docs/magic-qualification-implementation.md
docs/magic-discovery-plan.md:116,What the ruins establish,"old people observed and shaped the Current,",4,src/discovery.rs; src/world/discovery.rs; src/world/spawn.rs; src/game/interaction.rs,signed_records_copy_with_optional_location_and_survive_reload; host_signature_rejects_forged_records; homeland_census_installs_three_redundant_observational_sites_once; the_agent_earns_and_reads_a_host_signed_magic_observation,proven,goals 1-8 implementation plus Goal 9 integrated audit,docs/magic-qualification-implementation.md
docs/magic-discovery-plan.md:117,What the ruins establish,"they made the three surviving charm families,",4,src/discovery.rs; src/world/discovery.rs; src/world/spawn.rs; src/game/interaction.rs,signed_records_copy_with_optional_location_and_survive_reload; host_signature_rejects_forged_records; homeland_census_installs_three_redundant_observational_sites_once; the_agent_earns_and_reads_a_host_signed_magic_observation,proven,goals 1-8 implementation plus Goal 9 integrated audit,docs/magic-qualification-implementation.md
docs/magic-discovery-plan.md:118,What the ruins establish,"different settlements practiced differently,",4,src/discovery.rs; src/world/discovery.rs; src/world/spawn.rs; src/game/interaction.rs,signed_records_copy_with_optional_location_and_survive_reload; host_signature_rejects_forged_records; homeland_census_installs_three_redundant_observational_sites_once; the_agent_earns_and_reads_a_host_signed_magic_observation,proven,goals 1-8 implementation plus Goal 9 integrated audit,docs/magic-qualification-implementation.md
docs/magic-discovery-plan.md:119,What the ruins establish,"some understood containment and restoration,",4,src/discovery.rs; src/world/discovery.rs; src/world/spawn.rs; src/game/interaction.rs,signed_records_copy_with_optional_location_and_survive_reload; host_signature_rejects_forged_records; homeland_census_installs_three_redundant_observational_sites_once; the_agent_earns_and_reads_a_host_signed_magic_observation,proven,goals 1-8 implementation plus Goal 9 integrated audit,docs/magic-qualification-implementation.md
docs/magic-discovery-plan.md:120,What the ruins establish,"some treated dross as another frontier to dump into,",4,src/discovery.rs; src/world/discovery.rs; src/world/spawn.rs; src/game/interaction.rs,signed_records_copy_with_optional_location_and_survive_reload; host_signature_rejects_forged_records; homeland_census_installs_three_redundant_observational_sites_once; the_agent_earns_and_reads_a_host_signed_magic_observation,proven,goals 1-8 implementation plus Goal 9 integrated audit,docs/magic-qualification-implementation.md
docs/magic-discovery-plan.md:121,What the ruins establish,heart-cutting and magical abuse occurred in the same history but magic was,4,src/discovery.rs; src/world/discovery.rs; src/world/spawn.rs; src/game/interaction.rs,signed_records_copy_with_optional_location_and_survive_reload; host_signature_rejects_forged_records; homeland_census_installs_three_redundant_observational_sites_once; the_agent_earns_and_reads_a_host_signed_magic_observation,proven,goals 1-8 implementation plus Goal 9 integrated audit,docs/magic-qualification-implementation.md
docs/magic-discovery-plan.md:123,What the ruins establish,surviving accounts disagree and remain incomplete.,4,src/discovery.rs; src/world/discovery.rs; src/world/spawn.rs; src/game/interaction.rs,signed_records_copy_with_optional_location_and_survive_reload; host_signature_rejects_forged_records; homeland_census_installs_three_redundant_observational_sites_once; the_agent_earns_and_reads_a_host_signed_magic_observation,proven,goals 1-8 implementation plus Goal 9 integrated audit,docs/magic-qualification-implementation.md
docs/magic-discovery-plan.md:147,Finite-world discovery guarantees,at least one early observational ruin within overland reach of every,4,src/discovery.rs; src/world/discovery.rs; src/world/spawn.rs; src/game/interaction.rs,signed_records_copy_with_optional_location_and_survive_reload; host_signature_rejects_forged_records; homeland_census_installs_three_redundant_observational_sites_once; the_agent_earns_and_reads_a_host_signed_magic_observation,proven,goals 1-8 implementation plus Goal 9 integrated audit,docs/magic-qualification-implementation.md
docs/magic-discovery-plan.md:149,Finite-world discovery guarantees,"several independent examples of each foundational clue globally,",4,src/discovery.rs; src/world/discovery.rs; src/world/spawn.rs; src/game/interaction.rs,signed_records_copy_with_optional_location_and_survive_reload; host_signature_rejects_forged_records; homeland_census_installs_three_redundant_observational_sites_once; the_agent_earns_and_reads_a_host_signed_magic_observation,proven,goals 1-8 implementation plus Goal 9 integrated audit,docs/magic-qualification-implementation.md
docs/magic-discovery-plan.md:150,Finite-world discovery guarantees,"no required artifact exists at one unique site,",4,src/discovery.rs; src/world/discovery.rs; src/world/spawn.rs; src/game/interaction.rs,signed_records_copy_with_optional_location_and_survive_reload; host_signature_rejects_forged_records; homeland_census_installs_three_redundant_observational_sites_once; the_agent_earns_and_reads_a_host_signed_magic_observation,proven,goals 1-8 implementation plus Goal 9 integrated audit,docs/magic-qualification-implementation.md
docs/magic-discovery-plan.md:151,Finite-world discovery guarantees,"destructive looting cannot remove access to construction recipes,",4,src/discovery.rs; src/world/discovery.rs; src/world/spawn.rs; src/game/interaction.rs,signed_records_copy_with_optional_location_and_survive_reload; host_signature_rejects_forged_records; homeland_census_installs_three_redundant_observational_sites_once; the_agent_earns_and_reads_a_host_signed_magic_observation,proven,goals 1-8 implementation plus Goal 9 integrated audit,docs/magic-qualification-implementation.md
docs/magic-discovery-plan.md:152,Finite-world discovery guarantees,every experiment can be repeated with renewable or redundantly finite,4,src/discovery.rs; src/world/discovery.rs; src/world/spawn.rs; src/game/interaction.rs,signed_records_copy_with_optional_location_and_survive_reload; host_signature_rejects_forged_records; homeland_census_installs_three_redundant_observational_sites_once; the_agent_earns_and_reads_a_host_signed_magic_observation,proven,goals 1-8 implementation plus Goal 9 integrated audit,docs/magic-qualification-implementation.md
docs/magic-discovery-plan.md:154,Finite-world discovery guarantees,later-added worlds/content run a census rather than relying on lucky loot.,4,src/discovery.rs; src/world/discovery.rs; src/world/spawn.rs; src/game/interaction.rs,signed_records_copy_with_optional_location_and_survive_reload; host_signature_rejects_forged_records; homeland_census_installs_three_redundant_observational_sites_once; the_agent_earns_and_reads_a_host_signed_magic_observation,proven,goals 1-8 implementation plus Goal 9 integrated audit,docs/magic-qualification-implementation.md
docs/magic-discovery-plan.md:164,The tuning lens,"fine glass supplies the optical body,",4,src/discovery.rs; src/world/discovery.rs; src/world/spawn.rs; src/game/interaction.rs,signed_records_copy_with_optional_location_and_survive_reload; host_signature_rejects_forged_records; homeland_census_installs_three_redundant_observational_sites_once; the_agent_earns_and_reads_a_host_signed_magic_observation,proven,goals 1-8 implementation plus Goal 9 integrated audit,docs/magic-qualification-implementation.md
docs/magic-discovery-plan.md:165,The tuning lens,"bronze/silver fittings provide controlled conduction,",4,src/discovery.rs; src/world/discovery.rs; src/world/spawn.rs; src/game/interaction.rs,signed_records_copy_with_optional_location_and_survive_reload; host_signature_rejects_forged_records; homeland_census_installs_three_redundant_observational_sites_once; the_agent_earns_and_reads_a_host_signed_magic_observation,proven,goals 1-8 implementation plus Goal 9 integrated audit,docs/magic-qualification-implementation.md
docs/magic-discovery-plan.md:166,The tuning lens,"echo slate or an equivalent resonant plate supplies the reference,",4,src/discovery.rs; src/world/discovery.rs; src/world/spawn.rs; src/game/interaction.rs,signed_records_copy_with_optional_location_and_survive_reload; host_signature_rejects_forged_records; homeland_census_installs_three_redundant_observational_sites_once; the_agent_earns_and_reads_a_host_signed_magic_observation,proven,goals 1-8 implementation plus Goal 9 integrated audit,docs/magic-qualification-implementation.md
docs/magic-discovery-plan.md:167,The tuning lens,"a replaceable small wellglass element provides charge,",4,src/discovery.rs; src/world/discovery.rs; src/world/spawn.rs; src/game/interaction.rs,signed_records_copy_with_optional_location_and_survive_reload; host_signature_rejects_forged_records; homeland_census_installs_three_redundant_observational_sites_once; the_agent_earns_and_reads_a_host_signed_magic_observation,proven,goals 1-8 implementation plus Goal 9 integrated audit,docs/magic-qualification-implementation.md
docs/magic-discovery-plan.md:168,The tuning lens,construction uses existing glassworking and metalworking stations.,4,src/discovery.rs; src/world/discovery.rs; src/world/spawn.rs; src/game/interaction.rs,signed_records_copy_with_optional_location_and_survive_reload; host_signature_rejects_forged_records; homeland_census_installs_three_redundant_observational_sites_once; the_agent_earns_and_reads_a_host_signed_magic_observation,proven,goals 1-8 implementation plus Goal 9 integrated audit,docs/magic-qualification-implementation.md
docs/magic-discovery-plan.md:188,Readings,"a local atlas region,",4,src/discovery.rs; src/world/discovery.rs; src/world/spawn.rs; src/game/interaction.rs,signed_records_copy_with_optional_location_and_survive_reload; host_signature_rejects_forged_records; homeland_census_installs_three_redundant_observational_sites_once; the_agent_earns_and_reads_a_host_signed_magic_observation,proven,goals 1-8 implementation plus Goal 9 integrated audit,docs/magic-qualification-implementation.md
docs/magic-discovery-plan.md:189,Readings,"charged plants, minerals, crystals, items, and apparatus,",4,src/discovery.rs; src/world/discovery.rs; src/world/spawn.rs; src/game/interaction.rs,signed_records_copy_with_optional_location_and_survive_reload; host_signature_rejects_forged_records; homeland_census_installs_three_redundant_observational_sites_once; the_agent_earns_and_reads_a_host_signed_magic_observation,proven,goals 1-8 implementation plus Goal 9 integrated audit,docs/magic-qualification-implementation.md
docs/magic-discovery-plan.md:190,Readings,"hearts and warden wakes from safe ranges,",4,src/discovery.rs; src/world/discovery.rs; src/world/spawn.rs; src/game/interaction.rs,signed_records_copy_with_optional_location_and_survive_reload; host_signature_rejects_forged_records; homeland_census_installs_three_redundant_observational_sites_once; the_agent_earns_and_reads_a_host_signed_magic_observation,proven,goals 1-8 implementation plus Goal 9 integrated audit,docs/magic-qualification-implementation.md
docs/magic-discovery-plan.md:191,Readings,"water or soil samples placed in a holder,",4,src/discovery.rs; src/world/discovery.rs; src/world/spawn.rs; src/game/interaction.rs,signed_records_copy_with_optional_location_and_survive_reload; host_signature_rejects_forged_records; homeland_census_installs_three_redundant_observational_sites_once; the_agent_earns_and_reads_a_host_signed_magic_observation,proven,goals 1-8 implementation plus Goal 9 integrated audit,docs/magic-qualification-implementation.md
docs/magic-discovery-plan.md:192,Readings,"echoes and scarring,",4,src/discovery.rs; src/world/discovery.rs; src/world/spawn.rs; src/game/interaction.rs,signed_records_copy_with_optional_location_and_survive_reload; host_signature_rejects_forged_records; homeland_census_installs_three_redundant_observational_sites_once; the_agent_earns_and_reads_a_host_signed_magic_observation,proven,goals 1-8 implementation plus Goal 9 integrated audit,docs/magic-qualification-implementation.md
docs/magic-discovery-plan.md:193,Readings,an active working's broad input/output behavior.,4,src/discovery.rs; src/world/discovery.rs; src/world/spawn.rs; src/game/interaction.rs,signed_records_copy_with_optional_location_and_survive_reload; host_signature_rejects_forged_records; homeland_census_installs_three_redundant_observational_sites_once; the_agent_earns_and_reads_a_host_signed_magic_observation,proven,goals 1-8 implementation plus Goal 9 integrated audit,docs/magic-qualification-implementation.md
docs/magic-discovery-plan.md:197,Readings,"reveal the global atlas,",4,src/discovery.rs; src/world/discovery.rs; src/world/spawn.rs; src/game/interaction.rs,signed_records_copy_with_optional_location_and_survive_reload; host_signature_rejects_forged_records; homeland_census_installs_three_redundant_observational_sites_once; the_agent_earns_and_reads_a_host_signed_magic_observation,proven,goals 1-8 implementation plus Goal 9 integrated audit,docs/magic-qualification-implementation.md
docs/magic-discovery-plan.md:198,Readings,"locate exact ore or ruins through walls,",4,src/discovery.rs; src/world/discovery.rs; src/world/spawn.rs; src/game/interaction.rs,signed_records_copy_with_optional_location_and_survive_reload; host_signature_rejects_forged_records; homeland_census_installs_three_redundant_observational_sites_once; the_agent_earns_and_reads_a_host_signed_magic_observation,proven,goals 1-8 implementation plus Goal 9 integrated audit,docs/magic-qualification-implementation.md
docs/magic-discovery-plan.md:199,Readings,"identify another player's hidden inventory,",4,src/discovery.rs; src/world/discovery.rs; src/world/spawn.rs; src/game/interaction.rs,signed_records_copy_with_optional_location_and_survive_reload; host_signature_rejects_forged_records; homeland_census_installs_three_redundant_observational_sites_once; the_agent_earns_and_reads_a_host_signed_magic_observation,proven,goals 1-8 implementation plus Goal 9 integrated audit,docs/magic-qualification-implementation.md
docs/magic-discovery-plan.md:200,Readings,"provide operator ledger totals,",4,src/discovery.rs; src/world/discovery.rs; src/world/spawn.rs; src/game/interaction.rs,signed_records_copy_with_optional_location_and_survive_reload; host_signature_rejects_forged_records; homeland_census_installs_three_redundant_observational_sites_once; the_agent_earns_and_reads_a_host_signed_magic_observation,proven,goals 1-8 implementation plus Goal 9 integrated audit,docs/magic-qualification-implementation.md
docs/magic-discovery-plan.md:201,Readings,"replay private chat or exact historical actions,",4,src/discovery.rs; src/world/discovery.rs; src/world/spawn.rs; src/game/interaction.rs,signed_records_copy_with_optional_location_and_survive_reload; host_signature_rejects_forged_records; homeland_census_installs_three_redundant_observational_sites_once; the_agent_earns_and_reads_a_host_signed_magic_observation,proven,goals 1-8 implementation plus Goal 9 integrated audit,docs/magic-qualification-implementation.md
docs/magic-discovery-plan.md:202,Readings,perfectly identify an unknown phenomenon on first sight.,4,src/discovery.rs; src/world/discovery.rs; src/world/spawn.rs; src/game/interaction.rs,signed_records_copy_with_optional_location_and_survive_reload; host_signature_rejects_forged_records; homeland_census_installs_three_redundant_observational_sites_once; the_agent_earns_and_reads_a_host_signed_magic_observation,proven,goals 1-8 implementation plus Goal 9 integrated audit,docs/magic-qualification-implementation.md
docs/magic-discovery-plan.md:237,Field ledger,"sortable records,",4,src/discovery.rs; src/world/discovery.rs; src/world/spawn.rs; src/game/interaction.rs,signed_records_copy_with_optional_location_and_survive_reload; host_signature_rejects_forged_records; homeland_census_installs_three_redundant_observational_sites_once; the_agent_earns_and_reads_a_host_signed_magic_observation,proven,goals 1-8 implementation plus Goal 9 integrated audit,docs/magic-qualification-implementation.md
docs/magic-discovery-plan.md:238,Field ledger,"side-by-side comparison,",4,src/discovery.rs; src/world/discovery.rs; src/world/spawn.rs; src/game/interaction.rs,signed_records_copy_with_optional_location_and_survive_reload; host_signature_rejects_forged_records; homeland_census_installs_three_redundant_observational_sites_once; the_agent_earns_and_reads_a_host_signed_magic_observation,proven,goals 1-8 implementation plus Goal 9 integrated audit,docs/magic-qualification-implementation.md
docs/magic-discovery-plan.md:239,Field ledger,"a player-authored site name/note,",4,src/discovery.rs; src/world/discovery.rs; src/world/spawn.rs; src/game/interaction.rs,signed_records_copy_with_optional_location_and_survive_reload; host_signature_rejects_forged_records; homeland_census_installs_three_redundant_observational_sites_once; the_agent_earns_and_reads_a_host_signed_magic_observation,proven,goals 1-8 implementation plus Goal 9 integrated audit,docs/magic-qualification-implementation.md
docs/magic-discovery-plan.md:240,Field ledger,"copying to another ledger at a writing surface,",4,src/discovery.rs; src/world/discovery.rs; src/world/spawn.rs; src/game/interaction.rs,signed_records_copy_with_optional_location_and_survive_reload; host_signature_rejects_forged_records; homeland_census_installs_three_redundant_observational_sites_once; the_agent_earns_and_reads_a_host_signed_magic_observation,proven,goals 1-8 implementation plus Goal 9 integrated audit,docs/magic-qualification-implementation.md
docs/magic-discovery-plan.md:241,Field ledger,import/export to a settlement folio.,4,src/discovery.rs; src/world/discovery.rs; src/world/spawn.rs; src/game/interaction.rs,signed_records_copy_with_optional_location_and_survive_reload; host_signature_rejects_forged_records; homeland_census_installs_three_redundant_observational_sites_once; the_agent_earns_and_reads_a_host_signed_magic_observation,proven,goals 1-8 implementation plus Goal 9 integrated audit,docs/magic-qualification-implementation.md
docs/magic-discovery-plan.md:252,Survey folio,"accepts and indexes observation copies,",4,src/discovery.rs; src/world/discovery.rs; src/world/spawn.rs; src/game/interaction.rs,signed_records_copy_with_optional_location_and_survive_reload; host_signature_rejects_forged_records; homeland_census_installs_three_redundant_observational_sites_once; the_agent_earns_and_reads_a_host_signed_magic_observation,proven,goals 1-8 implementation plus Goal 9 integrated audit,docs/magic-qualification-implementation.md
docs/magic-discovery-plan.md:253,Survey folio,"groups multiple readings of one phenomenon,",4,src/discovery.rs; src/world/discovery.rs; src/world/spawn.rs; src/game/interaction.rs,signed_records_copy_with_optional_location_and_survive_reload; host_signature_rejects_forged_records; homeland_census_installs_three_redundant_observational_sites_once; the_agent_earns_and_reads_a_host_signed_magic_observation,proven,goals 1-8 implementation plus Goal 9 integrated audit,docs/magic-qualification-implementation.md
docs/magic-discovery-plan.md:254,Survey folio,"displays trends and disagreement,",4,src/discovery.rs; src/world/discovery.rs; src/world/spawn.rs; src/game/interaction.rs,signed_records_copy_with_optional_location_and_survive_reload; host_signature_rejects_forged_records; homeland_census_installs_three_redundant_observational_sites_once; the_agent_earns_and_reads_a_host_signed_magic_observation,proven,goals 1-8 implementation plus Goal 9 integrated audit,docs/magic-qualification-implementation.md
docs/magic-discovery-plan.md:255,Survey folio,"marks records made under obsolete content/calibration versions,",4,src/discovery.rs; src/world/discovery.rs; src/world/spawn.rs; src/game/interaction.rs,signed_records_copy_with_optional_location_and_survive_reload; host_signature_rejects_forged_records; homeland_census_installs_three_redundant_observational_sites_once; the_agent_earns_and_reads_a_host_signed_magic_observation,proven,goals 1-8 implementation plus Goal 9 integrated audit,docs/magic-qualification-implementation.md
docs/magic-discovery-plan.md:256,Survey folio,"copies selected public records to a field ledger,",4,src/discovery.rs; src/world/discovery.rs; src/world/spawn.rs; src/game/interaction.rs,signed_records_copy_with_optional_location_and_survive_reload; host_signature_rejects_forged_records; homeland_census_installs_three_redundant_observational_sites_once; the_agent_earns_and_reads_a_host_signed_magic_observation,proven,goals 1-8 implementation plus Goal 9 integrated audit,docs/magic-qualification-implementation.md
docs/magic-discovery-plan.md:257,Survey folio,spills or preserves records through ordinary block-entity rules.,4,src/discovery.rs; src/world/discovery.rs; src/world/spawn.rs; src/game/interaction.rs,signed_records_copy_with_optional_location_and_survive_reload; host_signature_rejects_forged_records; homeland_census_installs_three_redundant_observational_sites_once; the_agent_earns_and_reads_a_host_signed_magic_observation,proven,goals 1-8 implementation plus Goal 9 integrated audit,docs/magic-qualification-implementation.md
docs/magic-discovery-plan.md:303,Comparative knowledge,"this valley refills slowly after a storm,",4,src/discovery.rs; src/world/discovery.rs; src/world/spawn.rs; src/game/interaction.rs,signed_records_copy_with_optional_location_and_survive_reload; host_signature_rejects_forged_records; homeland_census_installs_three_redundant_observational_sites_once; the_agent_earns_and_reads_a_host_signed_magic_observation,proven,goals 1-8 implementation plus Goal 9 integrated audit,docs/magic-qualification-implementation.md
docs/magic-discovery-plan.md:304,Comparative knowledge,"this Hushwood stand is unusually stable,",4,src/discovery.rs; src/world/discovery.rs; src/world/spawn.rs; src/game/interaction.rs,signed_records_copy_with_optional_location_and_survive_reload; host_signature_rejects_forged_records; homeland_census_installs_three_redundant_observational_sites_once; the_agent_earns_and_reads_a_host_signed_magic_observation,proven,goals 1-8 implementation plus Goal 9 integrated audit,docs/magic-qualification-implementation.md
docs/magic-discovery-plan.md:305,Comparative knowledge,a focus from this Wake iron vein produces too much dross above a measured,4,src/discovery.rs; src/world/discovery.rs; src/world/spawn.rs; src/game/interaction.rs,signed_records_copy_with_optional_location_and_survive_reload; host_signature_rejects_forged_records; homeland_census_installs_three_redundant_observational_sites_once; the_agent_earns_and_reads_a_host_signed_magic_observation,proven,goals 1-8 implementation plus Goal 9 integrated audit,docs/magic-qualification-implementation.md
docs/magic-discovery-plan.md:307,Comparative knowledge,"the western well and the town laboratory are conductively connected,",4,src/discovery.rs; src/world/discovery.rs; src/world/spawn.rs; src/game/interaction.rs,signed_records_copy_with_optional_location_and_survive_reload; host_signature_rejects_forged_records; homeland_census_installs_three_redundant_observational_sites_once; the_agent_earns_and_reads_a_host_signed_magic_observation,proven,goals 1-8 implementation plus Goal 9 integrated audit,docs/magic-qualification-implementation.md
docs/magic-discovery-plan.md:308,Comparative knowledge,"the old tablet's ""bottomless"" source is visibly declining,",4,src/discovery.rs; src/world/discovery.rs; src/world/spawn.rs; src/game/interaction.rs,signed_records_copy_with_optional_location_and_survive_reload; host_signature_rejects_forged_records; homeland_census_installs_three_redundant_observational_sites_once; the_agent_earns_and_reads_a_host_signed_magic_observation,proven,goals 1-8 implementation plus Goal 9 integrated audit,docs/magic-qualification-implementation.md
docs/magic-discovery-plan.md:309,Comparative knowledge,a scar expands after spring flood and retreats in dry weather.,4,src/discovery.rs; src/world/discovery.rs; src/world/spawn.rs; src/game/interaction.rs,signed_records_copy_with_optional_location_and_survive_reload; host_signature_rejects_forged_records; homeland_census_installs_three_redundant_observational_sites_once; the_agent_earns_and_reads_a_host_signed_magic_observation,proven,goals 1-8 implementation plus Goal 9 integrated audit,docs/magic-qualification-implementation.md
docs/magic-discovery-plan.md:320,Archaeology interaction,"fragile magical artifacts are destroyed by ordinary block breaking,",4,src/discovery.rs; src/world/discovery.rs; src/world/spawn.rs; src/game/interaction.rs,signed_records_copy_with_optional_location_and_survive_reload; host_signature_rejects_forged_records; homeland_census_installs_three_redundant_observational_sites_once; the_agent_earns_and_reads_a_host_signed_magic_observation,proven,goals 1-8 implementation plus Goal 9 integrated audit,docs/magic-qualification-implementation.md
docs/magic-discovery-plan.md:321,Archaeology interaction,"charged finds debit a site reserve when first materialized,",4,src/discovery.rs; src/world/discovery.rs; src/world/spawn.rs; src/game/interaction.rs,signed_records_copy_with_optional_location_and_survive_reload; host_signature_rejects_forged_records; homeland_census_installs_three_redundant_observational_sites_once; the_agent_earns_and_reads_a_host_signed_magic_observation,proven,goals 1-8 implementation plus Goal 9 integrated audit,docs/magic-qualification-implementation.md
docs/magic-discovery-plan.md:322,Archaeology interaction,"sealed dross finds credit an actual contained reservoir,",4,src/discovery.rs; src/world/discovery.rs; src/world/spawn.rs; src/game/interaction.rs,signed_records_copy_with_optional_location_and_survive_reload; host_signature_rejects_forged_records; homeland_census_installs_three_redundant_observational_sites_once; the_agent_earns_and_reads_a_host_signed_magic_observation,proven,goals 1-8 implementation plus Goal 9 integrated audit,docs/magic-qualification-implementation.md
docs/magic-discovery-plan.md:323,Archaeology interaction,"duplicate loot races resolve once on the host,",4,src/discovery.rs; src/world/discovery.rs; src/world/spawn.rs; src/game/interaction.rs,signed_records_copy_with_optional_location_and_survive_reload; host_signature_rejects_forged_records; homeland_census_installs_three_redundant_observational_sites_once; the_agent_earns_and_reads_a_host_signed_magic_observation,proven,goals 1-8 implementation plus Goal 9 integrated audit,docs/magic-qualification-implementation.md
docs/magic-discovery-plan.md:324,Archaeology interaction,"tablet phrase generation gains magical subject/stance/evidence tables,",4,src/discovery.rs; src/world/discovery.rs; src/world/spawn.rs; src/game/interaction.rs,signed_records_copy_with_optional_location_and_survive_reload; host_signature_rejects_forged_records; homeland_census_installs_three_redundant_observational_sites_once; the_agent_earns_and_reads_a_host_signed_magic_observation,proven,goals 1-8 implementation plus Goal 9 integrated audit,docs/magic-qualification-implementation.md
docs/magic-discovery-plan.md:325,Archaeology interaction,ruin echo readings connect prose to an observable place without revealing a,4,src/discovery.rs; src/world/discovery.rs; src/world/spawn.rs; src/game/interaction.rs,signed_records_copy_with_optional_location_and_survive_reload; host_signature_rejects_forged_records; homeland_census_installs_three_redundant_observational_sites_once; the_agent_earns_and_reads_a_host_signed_magic_observation,proven,goals 1-8 implementation plus Goal 9 integrated audit,docs/magic-qualification-implementation.md
docs/magic-discovery-plan.md:336,Interface,"the viewed object gains restrained resonance outlines or phase effects,",4,src/discovery.rs; src/world/discovery.rs; src/world/spawn.rs; src/game/interaction.rs,signed_records_copy_with_optional_location_and_survive_reload; host_signature_rejects_forged_records; homeland_census_installs_three_redundant_observational_sites_once; the_agent_earns_and_reads_a_host_signed_magic_observation,proven,goals 1-8 implementation plus Goal 9 integrated audit,docs/magic-qualification-implementation.md
docs/magic-discovery-plan.md:337,Interface,"drift is directional in local planetary coordinates,",4,src/discovery.rs; src/world/discovery.rs; src/world/spawn.rs; src/game/interaction.rs,signed_records_copy_with_optional_location_and_survive_reload; host_signature_rejects_forged_records; homeland_census_installs_three_redundant_observational_sites_once; the_agent_earns_and_reads_a_host_signed_magic_observation,proven,goals 1-8 implementation plus Goal 9 integrated audit,docs/magic-qualification-implementation.md
docs/magic-discovery-plan.md:338,Interface,"sound and needle/plate motion communicate settling and instability,",4,src/discovery.rs; src/world/discovery.rs; src/world/spawn.rs; src/game/interaction.rs,signed_records_copy_with_optional_location_and_survive_reload; host_signature_rejects_forged_records; homeland_census_installs_three_redundant_observational_sites_once; the_agent_earns_and_reads_a_host_signed_magic_observation,proven,goals 1-8 implementation plus Goal 9 integrated audit,docs/magic-qualification-implementation.md
docs/magic-discovery-plan.md:339,Interface,"a compact reading appears only while using the instrument,",4,src/discovery.rs; src/world/discovery.rs; src/world/spawn.rs; src/game/interaction.rs,signed_records_copy_with_optional_location_and_survive_reload; host_signature_rejects_forged_records; homeland_census_installs_three_redundant_observational_sites_once; the_agent_earns_and_reads_a_host_signed_magic_observation,proven,goals 1-8 implementation plus Goal 9 integrated audit,docs/magic-qualification-implementation.md
docs/magic-discovery-plan.md:340,Interface,color is never the only channel.,4,src/discovery.rs; src/world/discovery.rs; src/world/spawn.rs; src/game/interaction.rs,signed_records_copy_with_optional_location_and_survive_reload; host_signature_rejects_forged_records; homeland_census_installs_three_redundant_observational_sites_once; the_agent_earns_and_reads_a_host_signed_magic_observation,proven,goals 1-8 implementation plus Goal 9 integrated audit,docs/magic-qualification-implementation.md
docs/magic-discovery-plan.md:349,"Multiplayer, privacy, and attribution",Observation requests are range- and line-of-sight validated by the host.,4,src/discovery.rs; src/world/discovery.rs; src/world/spawn.rs; src/game/interaction.rs,signed_records_copy_with_optional_location_and_survive_reload; host_signature_rejects_forged_records; homeland_census_installs_three_redundant_observational_sites_once; the_agent_earns_and_reads_a_host_signed_magic_observation,proven,goals 1-8 implementation plus Goal 9 integrated audit,docs/magic-qualification-implementation.md
docs/magic-discovery-plan.md:350,"Multiplayer, privacy, and attribution",The host supplies only values the instrument can measure.,4,src/discovery.rs; src/world/discovery.rs; src/world/spawn.rs; src/game/interaction.rs,signed_records_copy_with_optional_location_and_survive_reload; host_signature_rejects_forged_records; homeland_census_installs_three_redundant_observational_sites_once; the_agent_earns_and_reads_a_host_signed_magic_observation,proven,goals 1-8 implementation plus Goal 9 integrated audit,docs/magic-qualification-implementation.md
docs/magic-discovery-plan.md:351,"Multiplayer, privacy, and attribution",Player-authored labels are sanitized and size bounded.,4,src/discovery.rs; src/world/discovery.rs; src/world/spawn.rs; src/game/interaction.rs,signed_records_copy_with_optional_location_and_survive_reload; host_signature_rejects_forged_records; homeland_census_installs_three_redundant_observational_sites_once; the_agent_earns_and_reads_a_host_signed_magic_observation,proven,goals 1-8 implementation plus Goal 9 integrated audit,docs/magic-qualification-implementation.md
docs/magic-discovery-plan.md:352,"Multiplayer, privacy, and attribution",Record authorship uses stable `PlayerId`; display names are presentation.,4,src/discovery.rs; src/world/discovery.rs; src/world/spawn.rs; src/game/interaction.rs,signed_records_copy_with_optional_location_and_survive_reload; host_signature_rejects_forged_records; homeland_census_installs_three_redundant_observational_sites_once; the_agent_earns_and_reads_a_host_signed_magic_observation,proven,goals 1-8 implementation plus Goal 9 integrated audit,docs/magic-qualification-implementation.md
docs/magic-discovery-plan.md:353,"Multiplayer, privacy, and attribution",Servers may control who can edit a shared folio through existing block,4,src/discovery.rs; src/world/discovery.rs; src/world/spawn.rs; src/game/interaction.rs,signed_records_copy_with_optional_location_and_survive_reload; host_signature_rejects_forged_records; homeland_census_installs_three_redundant_observational_sites_once; the_agent_earns_and_reads_a_host_signed_magic_observation,proven,goals 1-8 implementation plus Goal 9 integrated audit,docs/magic-qualification-implementation.md
docs/magic-discovery-plan.md:355,"Multiplayer, privacy, and attribution",Copying public records is allowed; gameplay has no DRM or copy protection.,4,src/discovery.rs; src/world/discovery.rs; src/world/spawn.rs; src/game/interaction.rs,signed_records_copy_with_optional_location_and_survive_reload; host_signature_rejects_forged_records; homeland_census_installs_three_redundant_observational_sites_once; the_agent_earns_and_reads_a_host_signed_magic_observation,proven,goals 1-8 implementation plus Goal 9 integrated audit,docs/magic-qualification-implementation.md
docs/magic-discovery-plan.md:356,"Multiplayer, privacy, and attribution","Dross attribution visible later is evidence with uncertainty, not an",4,src/discovery.rs; src/world/discovery.rs; src/world/spawn.rs; src/game/interaction.rs,signed_records_copy_with_optional_location_and_survive_reload; host_signature_rejects_forged_records; homeland_census_installs_three_redundant_observational_sites_once; the_agent_earns_and_reads_a_host_signed_magic_observation,proven,goals 1-8 implementation plus Goal 9 integrated audit,docs/magic-qualification-implementation.md
docs/magic-discovery-plan.md:376,Content and mod API,"run arbitrary scans outside host-validated range,",4,src/discovery.rs; src/world/discovery.rs; src/world/spawn.rs; src/game/interaction.rs,signed_records_copy_with_optional_location_and_survive_reload; host_signature_rejects_forged_records; homeland_census_installs_three_redundant_observational_sites_once; the_agent_earns_and_reads_a_host_signed_magic_observation,proven,goals 1-8 implementation plus Goal 9 integrated audit,docs/magic-qualification-implementation.md
docs/magic-discovery-plan.md:377,Content and mod API,"return hidden server/operator state,",4,src/discovery.rs; src/world/discovery.rs; src/world/spawn.rs; src/game/interaction.rs,signed_records_copy_with_optional_location_and_survive_reload; host_signature_rejects_forged_records; homeland_census_installs_three_redundant_observational_sites_once; the_agent_earns_and_reads_a_host_signed_magic_observation,proven,goals 1-8 implementation plus Goal 9 integrated audit,docs/magic-qualification-implementation.md
docs/magic-discovery-plan.md:378,Content and mod API,"grant recipes or profile levels,",4,src/discovery.rs; src/world/discovery.rs; src/world/spawn.rs; src/game/interaction.rs,signed_records_copy_with_optional_location_and_survive_reload; host_signature_rejects_forged_records; homeland_census_installs_three_redundant_observational_sites_once; the_agent_earns_and_reads_a_host_signed_magic_observation,proven,goals 1-8 implementation plus Goal 9 integrated audit,docs/magic-qualification-implementation.md
docs/magic-discovery-plan.md:379,Content and mod API,"forge measurements,",4,src/discovery.rs; src/world/discovery.rs; src/world/spawn.rs; src/game/interaction.rs,signed_records_copy_with_optional_location_and_survive_reload; host_signature_rejects_forged_records; homeland_census_installs_three_redundant_observational_sites_once; the_agent_earns_and_reads_a_host_signed_magic_observation,proven,goals 1-8 implementation plus Goal 9 integrated audit,docs/magic-qualification-implementation.md
docs/magic-discovery-plan.md:380,Content and mod API,mutate the observed object during a read without a separate transaction.,4,src/discovery.rs; src/world/discovery.rs; src/world/spawn.rs; src/game/interaction.rs,signed_records_copy_with_optional_location_and_survive_reload; host_signature_rejects_forged_records; homeland_census_installs_three_redundant_observational_sites_once; the_agent_earns_and_reads_a_host_signed_magic_observation,proven,goals 1-8 implementation plus Goal 9 integrated audit,docs/magic-qualification-implementation.md
docs/magic-discovery-plan.md:389,Progression,Every qualification seed has the guaranteed overland clue path.,4,src/discovery.rs; src/world/discovery.rs; src/world/spawn.rs; src/game/interaction.rs,signed_records_copy_with_optional_location_and_survive_reload; host_signature_rejects_forged_records; homeland_census_installs_three_redundant_observational_sites_once; the_agent_earns_and_reads_a_host_signed_magic_observation,proven,goals 1-8 implementation plus Goal 9 integrated audit,docs/magic-qualification-implementation.md
docs/magic-discovery-plan.md:390,Progression,A headless solo player can construct a lens without any unique loot.,4,src/discovery.rs; src/world/discovery.rs; src/world/spawn.rs; src/game/interaction.rs,signed_records_copy_with_optional_location_and_survive_reload; host_signature_rejects_forged_records; homeland_census_installs_three_redundant_observational_sites_once; the_agent_earns_and_reads_a_host_signed_magic_observation,proven,goals 1-8 implementation plus Goal 9 integrated audit,docs/magic-qualification-implementation.md
docs/magic-discovery-plan.md:391,Progression,Ruin and non-ruin paths reach the same observational capability.,4,src/discovery.rs; src/world/discovery.rs; src/world/spawn.rs; src/game/interaction.rs,signed_records_copy_with_optional_location_and_survive_reload; host_signature_rejects_forged_records; homeland_census_installs_three_redundant_observational_sites_once; the_agent_earns_and_reads_a_host_signed_magic_observation,proven,goals 1-8 implementation plus Goal 9 integrated audit,docs/magic-qualification-implementation.md
docs/magic-discovery-plan.md:392,Progression,Destroying all records never prevents rediscovery.,4,src/discovery.rs; src/world/discovery.rs; src/world/spawn.rs; src/game/interaction.rs,signed_records_copy_with_optional_location_and_survive_reload; host_signature_rejects_forged_records; homeland_census_installs_three_redundant_observational_sites_once; the_agent_earns_and_reads_a_host_signed_magic_observation,proven,goals 1-8 implementation plus Goal 9 integrated audit,docs/magic-qualification-implementation.md
docs/magic-discovery-plan.md:393,Progression,No recipe or working is gated by a player unlock flag.,4,src/discovery.rs; src/world/discovery.rs; src/world/spawn.rs; src/game/interaction.rs,signed_records_copy_with_optional_location_and_survive_reload; host_signature_rejects_forged_records; homeland_census_installs_three_redundant_observational_sites_once; the_agent_earns_and_reads_a_host_signed_magic_observation,proven,goals 1-8 implementation plus Goal 9 integrated audit,docs/magic-qualification-implementation.md
docs/magic-discovery-plan.md:397,Observation,Readings map authoritative values to the correct qualitative bands.,4,src/discovery.rs; src/world/discovery.rs; src/world/spawn.rs; src/game/interaction.rs,signed_records_copy_with_optional_location_and_survive_reload; host_signature_rejects_forged_records; homeland_census_installs_three_redundant_observational_sites_once; the_agent_earns_and_reads_a_host_signed_magic_observation,proven,goals 1-8 implementation plus Goal 9 integrated audit,docs/magic-qualification-implementation.md
docs/magic-discovery-plan.md:398,Observation,Uncertainty widens with weak calibration and ambiguous mixtures.,4,src/discovery.rs; src/world/discovery.rs; src/world/spawn.rs; src/game/interaction.rs,signed_records_copy_with_optional_location_and_survive_reload; host_signature_rejects_forged_records; homeland_census_installs_three_redundant_observational_sites_once; the_agent_earns_and_reads_a_host_signed_magic_observation,proven,goals 1-8 implementation plus Goal 9 integrated audit,docs/magic-qualification-implementation.md
docs/magic-discovery-plan.md:399,Observation,"The lens cannot reveal out-of-range, occluded, inventory, global, or",4,src/discovery.rs; src/world/discovery.rs; src/world/spawn.rs; src/game/interaction.rs,signed_records_copy_with_optional_location_and_survive_reload; host_signature_rejects_forged_records; homeland_census_installs_three_redundant_observational_sites_once; the_agent_earns_and_reads_a_host_signed_magic_observation,proven,goals 1-8 implementation plus Goal 9 integrated audit,docs/magic-qualification-implementation.md
docs/magic-discovery-plan.md:401,Observation,Calibration experiments are repeatable and conserve all resources.,4,src/discovery.rs; src/world/discovery.rs; src/world/spawn.rs; src/game/interaction.rs,signed_records_copy_with_optional_location_and_survive_reload; host_signature_rejects_forged_records; homeland_census_installs_three_redundant_observational_sites_once; the_agent_earns_and_reads_a_host_signed_magic_observation,proven,goals 1-8 implementation plus Goal 9 integrated audit,docs/magic-qualification-implementation.md
docs/magic-discovery-plan.md:402,Observation,Records retain provenance/version and reject client forgery.,4,src/discovery.rs; src/world/discovery.rs; src/world/spawn.rs; src/game/interaction.rs,signed_records_copy_with_optional_location_and_survive_reload; host_signature_rejects_forged_records; homeland_census_installs_three_redundant_observational_sites_once; the_agent_earns_and_reads_a_host_signed_magic_observation,proven,goals 1-8 implementation plus Goal 9 integrated audit,docs/magic-qualification-implementation.md
docs/magic-discovery-plan.md:406,Sharing and persistence,Ledger and folio copy/import/export preserve content exactly.,4,src/discovery.rs; src/world/discovery.rs; src/world/spawn.rs; src/game/interaction.rs,signed_records_copy_with_optional_location_and_survive_reload; host_signature_rejects_forged_records; homeland_census_installs_three_redundant_observational_sites_once; the_agent_earns_and_reads_a_host_signed_magic_observation,proven,goals 1-8 implementation plus Goal 9 integrated audit,docs/magic-qualification-implementation.md
docs/magic-discovery-plan.md:407,Sharing and persistence,Omitting a location actually removes it from the copied record.,4,src/discovery.rs; src/world/discovery.rs; src/world/spawn.rs; src/game/interaction.rs,signed_records_copy_with_optional_location_and_survive_reload; host_signature_rejects_forged_records; homeland_census_installs_three_redundant_observational_sites_once; the_agent_earns_and_reads_a_host_signed_magic_observation,proven,goals 1-8 implementation plus Goal 9 integrated audit,docs/magic-qualification-implementation.md
docs/magic-discovery-plan.md:408,Sharing and persistence,Block break/spill/save/load/mod removal preserve bounded records.,4,src/discovery.rs; src/world/discovery.rs; src/world/spawn.rs; src/game/interaction.rs,signed_records_copy_with_optional_location_and_survive_reload; host_signature_rejects_forged_records; homeland_census_installs_three_redundant_observational_sites_once; the_agent_earns_and_reads_a_host_signed_magic_observation,proven,goals 1-8 implementation plus Goal 9 integrated audit,docs/magic-qualification-implementation.md
docs/magic-discovery-plan.md:409,Sharing and persistence,Two players can independently compare and share observations.,4,src/discovery.rs; src/world/discovery.rs; src/world/spawn.rs; src/game/interaction.rs,signed_records_copy_with_optional_location_and_survive_reload; host_signature_rejects_forged_records; homeland_census_installs_three_redundant_observational_sites_once; the_agent_earns_and_reads_a_host_signed_magic_observation,proven,goals 1-8 implementation plus Goal 9 integrated audit,docs/magic-qualification-implementation.md
docs/magic-discovery-plan.md:410,Sharing and persistence,Remote and agent users receive the same earned information as local users.,4,src/discovery.rs; src/world/discovery.rs; src/world/spawn.rs; src/game/interaction.rs,signed_records_copy_with_optional_location_and_survive_reload; host_signature_rejects_forged_records; homeland_census_installs_three_redundant_observational_sites_once; the_agent_earns_and_reads_a_host_signed_magic_observation,proven,goals 1-8 implementation plus Goal 9 integrated audit,docs/magic-qualification-implementation.md
docs/magic-discovery-plan.md:414,Archaeology and budgets,Charged artifacts and sealed dross debit/credit their site once.,4,src/discovery.rs; src/world/discovery.rs; src/world/spawn.rs; src/game/interaction.rs,signed_records_copy_with_optional_location_and_survive_reload; host_signature_rejects_forged_records; homeland_census_installs_three_redundant_observational_sites_once; the_agent_earns_and_reads_a_host_signed_magic_observation,proven,goals 1-8 implementation plus Goal 9 integrated audit,docs/magic-qualification-implementation.md
docs/magic-discovery-plan.md:415,Archaeology and budgets,Concurrent brushing cannot duplicate a find.,4,src/discovery.rs; src/world/discovery.rs; src/world/spawn.rs; src/game/interaction.rs,signed_records_copy_with_optional_location_and_survive_reload; host_signature_rejects_forged_records; homeland_census_installs_three_redundant_observational_sites_once; the_agent_earns_and_reads_a_host_signed_magic_observation,proven,goals 1-8 implementation plus Goal 9 integrated audit,docs/magic-qualification-implementation.md
docs/magic-discovery-plan.md:416,Archaeology and budgets,Untouched-site retrogen is idempotent and preserves touched chunks.,4,src/discovery.rs; src/world/discovery.rs; src/world/spawn.rs; src/game/interaction.rs,signed_records_copy_with_optional_location_and_survive_reload; host_signature_rejects_forged_records; homeland_census_installs_three_redundant_observational_sites_once; the_agent_earns_and_reads_a_host_signed_magic_observation,proven,goals 1-8 implementation plus Goal 9 integrated audit,docs/magic-qualification-implementation.md
docs/magic-discovery-plan.md:417,Archaeology and budgets,"Tablet generation is bounded, deterministic, and original in wording.",4,src/discovery.rs; src/world/discovery.rs; src/world/spawn.rs; src/game/interaction.rs,signed_records_copy_with_optional_location_and_survive_reload; host_signature_rejects_forged_records; homeland_census_installs_three_redundant_observational_sites_once; the_agent_earns_and_reads_a_host_signed_magic_observation,proven,goals 1-8 implementation plus Goal 9 integrated audit,docs/magic-qualification-implementation.md
docs/magic-discovery-plan.md:418,Archaeology and budgets,"Large libraries remain within measured save, query, and wire budgets.",4,src/discovery.rs; src/world/discovery.rs; src/world/spawn.rs; src/game/interaction.rs,signed_records_copy_with_optional_location_and_survive_reload; host_signature_rejects_forged_records; homeland_census_installs_three_redundant_observational_sites_once; the_agent_earns_and_reads_a_host_signed_magic_observation,proven,goals 1-8 implementation plus Goal 9 integrated audit,docs/magic-qualification-implementation.md
docs/magic-discovery-plan.md:424,Completion criteria,"ruins and existing charms visibly connect to earlier magical makers,",4,src/discovery.rs; src/world/discovery.rs; src/world/spawn.rs; src/game/interaction.rs,signed_records_copy_with_optional_location_and_survive_reload; host_signature_rejects_forged_records; homeland_census_installs_three_redundant_observational_sites_once; the_agent_earns_and_reads_a_host_signed_magic_observation,proven,goals 1-8 implementation plus Goal 9 integrated audit,docs/magic-qualification-implementation.md
docs/magic-discovery-plan.md:425,Completion criteria,"every player has a reproducible industrial route to the tuning lens,",4,src/discovery.rs; src/world/discovery.rs; src/world/spawn.rs; src/game/interaction.rs,signed_records_copy_with_optional_location_and_survive_reload; host_signature_rejects_forged_records; homeland_census_installs_three_redundant_observational_sites_once; the_agent_earns_and_reads_a_host_signed_magic_observation,proven,goals 1-8 implementation plus Goal 9 integrated audit,docs/magic-qualification-implementation.md
docs/magic-discovery-plan.md:426,Completion criteria,"observation and experiments report the real authoritative systems,",4,src/discovery.rs; src/world/discovery.rs; src/world/spawn.rs; src/game/interaction.rs,signed_records_copy_with_optional_location_and_survive_reload; host_signature_rejects_forged_records; homeland_census_installs_three_redundant_observational_sites_once; the_agent_earns_and_reads_a_host_signed_magic_observation,proven,goals 1-8 implementation plus Goal 9 integrated audit,docs/magic-qualification-implementation.md
docs/magic-discovery-plan.md:427,Completion criteria,"knowledge exists as copyable, losable, rediscoverable physical records,",4,src/discovery.rs; src/world/discovery.rs; src/world/spawn.rs; src/game/interaction.rs,signed_records_copy_with_optional_location_and_survive_reload; host_signature_rejects_forged_records; homeland_census_installs_three_redundant_observational_sites_once; the_agent_earns_and_reads_a_host_signed_magic_observation,proven,goals 1-8 implementation plus Goal 9 integrated audit,docs/magic-qualification-implementation.md
docs/magic-discovery-plan.md:428,Completion criteria,"recipes and participation remain open with no class or unlock state,",4,src/discovery.rs; src/world/discovery.rs; src/world/spawn.rs; src/game/interaction.rs,signed_records_copy_with_optional_location_and_survive_reload; host_signature_rejects_forged_records; homeland_census_installs_three_redundant_observational_sites_once; the_agent_earns_and_reads_a_host_signed_magic_observation,proven,goals 1-8 implementation plus Goal 9 integrated audit,docs/magic-qualification-implementation.md
docs/magic-discovery-plan.md:429,Completion criteria,"archaeology, identity, multiplayer, agents, mods, persistence, and UI work,",4,src/discovery.rs; src/world/discovery.rs; src/world/spawn.rs; src/game/interaction.rs,signed_records_copy_with_optional_location_and_survive_reload; host_signature_rejects_forged_records; homeland_census_installs_three_redundant_observational_sites_once; the_agent_earns_and_reads_a_host_signed_magic_observation,proven,goals 1-8 implementation plus Goal 9 integrated audit,docs/magic-qualification-implementation.md
docs/magic-discovery-plan.md:430,Completion criteria,"progression, privacy, conservation, concurrency, and budget tests pass.",4,src/discovery.rs; src/world/discovery.rs; src/world/spawn.rs; src/game/interaction.rs,signed_records_copy_with_optional_location_and_survive_reload; host_signature_rejects_forged_records; homeland_census_installs_three_redundant_observational_sites_once; the_agent_earns_and_reads_a_host_signed_magic_observation,proven,goals 1-8 implementation plus Goal 9 integrated audit,docs/magic-qualification-implementation.md
docs/magic-discovery-plan.md:catalog-1,named catalog,item: tuning lens,4,src/discovery.rs; src/world/discovery.rs; src/world/spawn.rs; src/game/interaction.rs,signed_records_copy_with_optional_location_and_survive_reload; host_signature_rejects_forged_records; homeland_census_installs_three_redundant_observational_sites_once; the_agent_earns_and_reads_a_host_signed_magic_observation,proven,goals 1-8 implementation plus Goal 9 integrated audit,docs/magic-qualification-implementation.md
docs/magic-discovery-plan.md:catalog-2,named catalog,item: field ledger,4,src/discovery.rs; src/world/discovery.rs; src/world/spawn.rs; src/game/interaction.rs,signed_records_copy_with_optional_location_and_survive_reload; host_signature_rejects_forged_records; homeland_census_installs_three_redundant_observational_sites_once; the_agent_earns_and_reads_a_host_signed_magic_observation,proven,goals 1-8 implementation plus Goal 9 integrated audit,docs/magic-qualification-implementation.md
docs/magic-discovery-plan.md:catalog-3,named catalog,item: survey folio,4,src/discovery.rs; src/world/discovery.rs; src/world/spawn.rs; src/game/interaction.rs,signed_records_copy_with_optional_location_and_survive_reload; host_signature_rejects_forged_records; homeland_census_installs_three_redundant_observational_sites_once; the_agent_earns_and_reads_a_host_signed_magic_observation,proven,goals 1-8 implementation plus Goal 9 integrated audit,docs/magic-qualification-implementation.md
docs/magic-discovery-plan.md:catalog-4,named catalog,command: --discovery-audit,4,src/discovery.rs; src/world/discovery.rs; src/world/spawn.rs; src/game/interaction.rs,signed_records_copy_with_optional_location_and_survive_reload; host_signature_rejects_forged_records; homeland_census_installs_three_redundant_observational_sites_once; the_agent_earns_and_reads_a_host_signed_magic_observation,proven,goals 1-8 implementation plus Goal 9 integrated audit,docs/magic-qualification-implementation.md
docs/magic-implements-plan.md:15,Implementation record — 2026-08-03,"declarative base/mod component and charm definitions with one versioned,",5,src/implements.rs; src/world/implements.rs; src/tests/implements.rs,every_base_component_combination_is_deterministic_bounded_and_has_tradeoffs; embodied_frame_calibrates_assembles_saves_disassembles_and_dismantles_conservatively; every_charm_binds_from_physical_reagents_and_recharges_from_a_vessel; stale_concurrent_and_hostile_frame_requests_cannot_duplicate_or_forge_results,proven,goals 1-8 implementation plus Goal 9 integrated audit,docs/magic-qualification-implementation.md
docs/magic-implements-plan.md:20,Implementation record — 2026-08-03,four-part stable-identity wands assembled in a physical binding frame. The,5,src/implements.rs; src/world/implements.rs; src/tests/implements.rs,every_base_component_combination_is_deterministic_bounded_and_has_tradeoffs; embodied_frame_calibrates_assembles_saves_disassembles_and_dismantles_conservatively; every_charm_binds_from_physical_reagents_and_recharges_from_a_vessel; stale_concurrent_and_hostile_frame_requests_cannot_duplicate_or_forge_results,proven,goals 1-8 implementation plus Goal 9 integrated audit,docs/magic-qualification-implementation.md
docs/magic-implements-plan.md:26,Implementation record — 2026-08-03,"finite charge vessels, Current sources, local conductor networks, and",5,src/implements.rs; src/world/implements.rs; src/tests/implements.rs,every_base_component_combination_is_deterministic_bounded_and_has_tradeoffs; embodied_frame_calibrates_assembles_saves_disassembles_and_dismantles_conservatively; every_charm_binds_from_physical_reagents_and_recharges_from_a_vessel; stale_concurrent_and_hostile_frame_requests_cannot_duplicate_or_forge_results,proven,goals 1-8 implementation plus Goal 9 integrated audit,docs/magic-qualification-implementation.md
docs/magic-implements-plan.md:32,Implementation record — 2026-08-03,"charged craft lifecycles for Quiet, Bark, and Slow Hunger charms. A real",5,src/implements.rs; src/world/implements.rs; src/tests/implements.rs,every_base_component_combination_is_deterministic_bounded_and_has_tradeoffs; embodied_frame_calibrates_assembles_saves_disassembles_and_dismantles_conservatively; every_charm_binds_from_physical_reagents_and_recharges_from_a_vessel; stale_concurrent_and_hostile_frame_requests_cannot_duplicate_or_forge_results,proven,goals 1-8 implementation plus Goal 9 integrated audit,docs/magic-qualification-implementation.md
docs/magic-implements-plan.md:37,Implementation record — 2026-08-03,"exact construction bills and linked material deltas for assembly, focus",5,src/implements.rs; src/world/implements.rs; src/tests/implements.rs,every_base_component_combination_is_deterministic_bounded_and_has_tradeoffs; embodied_frame_calibrates_assembles_saves_disassembles_and_dismantles_conservatively; every_charm_binds_from_physical_reagents_and_recharges_from_a_vessel; stale_concurrent_and_hostile_frame_requests_cannot_duplicate_or_forge_results,proven,goals 1-8 implementation plus Goal 9 integrated audit,docs/magic-qualification-implementation.md
docs/magic-implements-plan.md:42,Implementation record — 2026-08-03,"custody reconciliation through inventories, transactional cursors, chests,",5,src/implements.rs; src/world/implements.rs; src/tests/implements.rs,every_base_component_combination_is_deterministic_bounded_and_has_tradeoffs; embodied_frame_calibrates_assembles_saves_disassembles_and_dismantles_conservatively; every_charm_binds_from_physical_reagents_and_recharges_from_a_vessel; stale_concurrent_and_hostile_frame_requests_cannot_duplicate_or_forge_results,proven,goals 1-8 implementation plus Goal 9 integrated audit,docs/magic-qualification-implementation.md
docs/magic-implements-plan.md:47,Implementation record — 2026-08-03,"component-derived first-person and remote-held models, focus silhouettes,",5,src/implements.rs; src/world/implements.rs; src/tests/implements.rs,every_base_component_combination_is_deterministic_bounded_and_has_tradeoffs; embodied_frame_calibrates_assembles_saves_disassembles_and_dismantles_conservatively; every_charm_binds_from_physical_reagents_and_recharges_from_a_vessel; stale_concurrent_and_hostile_frame_requests_cannot_duplicate_or_forge_results,proven,goals 1-8 implementation plus Goal 9 integrated audit,docs/magic-qualification-implementation.md
docs/magic-implements-plan.md:52,Implementation record — 2026-08-03,"reliable optimistic-revision host requests, interest-managed public state,",5,src/implements.rs; src/world/implements.rs; src/tests/implements.rs,every_base_component_combination_is_deterministic_bounded_and_has_tradeoffs; embodied_frame_calibrates_assembles_saves_disassembles_and_dismantles_conservatively; every_charm_binds_from_physical_reagents_and_recharges_from_a_vessel; stale_concurrent_and_hostile_frame_requests_cannot_duplicate_or_forge_results,proven,goals 1-8 implementation plus Goal 9 integrated audit,docs/magic-qualification-implementation.md
docs/magic-implements-plan.md:124,Charge state,"a binding frame drawing from measured Ambient Current,",5,src/implements.rs; src/world/implements.rs; src/tests/implements.rs,every_base_component_combination_is_deterministic_bounded_and_has_tradeoffs; embodied_frame_calibrates_assembles_saves_disassembles_and_dismantles_conservatively; every_charm_binds_from_physical_reagents_and_recharges_from_a_vessel; stale_concurrent_and_hostile_frame_requests_cannot_duplicate_or_forge_results,proven,goals 1-8 implementation plus Goal 9 integrated audit,docs/magic-qualification-implementation.md
docs/magic-implements-plan.md:125,Charge state,"transfer from a wellglass shard or vessel,",5,src/implements.rs; src/world/implements.rs; src/tests/implements.rs,every_base_component_combination_is_deterministic_bounded_and_has_tradeoffs; embodied_frame_calibrates_assembles_saves_disassembles_and_dismantles_conservatively; every_charm_binds_from_physical_reagents_and_recharges_from_a_vessel; stale_concurrent_and_hostile_frame_requests_cannot_duplicate_or_forge_results,proven,goals 1-8 implementation plus Goal 9 integrated audit,docs/magic-qualification-implementation.md
docs/magic-implements-plan.md:126,Charge state,"an attached conductor at a confluence/well,",5,src/implements.rs; src/world/implements.rs; src/tests/implements.rs,every_base_component_combination_is_deterministic_bounded_and_has_tradeoffs; embodied_frame_calibrates_assembles_saves_disassembles_and_dismantles_conservatively; every_charm_binds_from_physical_reagents_and_recharges_from_a_vessel; stale_concurrent_and_hostile_frame_requests_cannot_duplicate_or_forge_results,proven,goals 1-8 implementation plus Goal 9 integrated audit,docs/magic-qualification-implementation.md
docs/magic-implements-plan.md:127,Charge state,"a declared biological or warden material process,",5,src/implements.rs; src/world/implements.rs; src/tests/implements.rs,every_base_component_combination_is_deterministic_bounded_and_has_tradeoffs; embodied_frame_calibrates_assembles_saves_disassembles_and_dismantles_conservatively; every_charm_binds_from_physical_reagents_and_recharges_from_a_vessel; stale_concurrent_and_hostile_frame_requests_cannot_duplicate_or_forge_results,proven,goals 1-8 implementation plus Goal 9 integrated audit,docs/magic-qualification-implementation.md
docs/magic-implements-plan.md:128,Charge state,a later working that transfers rather than creates charge.,5,src/implements.rs; src/world/implements.rs; src/tests/implements.rs,every_base_component_combination_is_deterministic_bounded_and_has_tradeoffs; embodied_frame_calibrates_assembles_saves_disassembles_and_dismantles_conservatively; every_charm_binds_from_physical_reagents_and_recharges_from_a_vessel; stale_concurrent_and_hostile_frame_requests_cannot_duplicate_or_forge_results,proven,goals 1-8 implementation plus Goal 9 integrated audit,docs/magic-qualification-implementation.md
docs/magic-implements-plan.md:140,Body,"Hushwood: stable, slow, low dross, modest throughput.",5,src/implements.rs; src/world/implements.rs; src/tests/implements.rs,every_base_component_combination_is_deterministic_bounded_and_has_tradeoffs; embodied_frame_calibrates_assembles_saves_disassembles_and_dismantles_conservatively; every_charm_binds_from_physical_reagents_and_recharges_from_a_vessel; stale_concurrent_and_hostile_frame_requests_cannot_duplicate_or_forge_results,proven,goals 1-8 implementation plus Goal 9 integrated audit,docs/magic-qualification-implementation.md
docs/magic-implements-plan.md:141,Body,"Nightglass stem/wood: retains charge well, sensitive to heat.",5,src/implements.rs; src/world/implements.rs; src/tests/implements.rs,every_base_component_combination_is_deterministic_bounded_and_has_tradeoffs; embodied_frame_calibrates_assembles_saves_disassembles_and_dismantles_conservatively; every_charm_binds_from_physical_reagents_and_recharges_from_a_vessel; stale_concurrent_and_hostile_frame_requests_cannot_duplicate_or_forge_results,proven,goals 1-8 implementation plus Goal 9 integrated audit,docs/magic-qualification-implementation.md
docs/magic-implements-plan.md:142,Body,"Stormvine braid: high throughput, poor stability when saturated.",5,src/implements.rs; src/world/implements.rs; src/tests/implements.rs,every_base_component_combination_is_deterministic_bounded_and_has_tradeoffs; embodied_frame_calibrates_assembles_saves_disassembles_and_dismantles_conservatively; every_charm_binds_from_physical_reagents_and_recharges_from_a_vessel; stale_concurrent_and_hostile_frame_requests_cannot_duplicate_or_forge_results,proven,goals 1-8 implementation plus Goal 9 integrated audit,docs/magic-qualification-implementation.md
docs/magic-implements-plan.md:143,Body,"ordinary seasoned wood: accessible, inefficient, repairable baseline.",5,src/implements.rs; src/world/implements.rs; src/tests/implements.rs,every_base_component_combination_is_deterministic_bounded_and_has_tradeoffs; embodied_frame_calibrates_assembles_saves_disassembles_and_dismantles_conservatively; every_charm_binds_from_physical_reagents_and_recharges_from_a_vessel; stale_concurrent_and_hostile_frame_requests_cannot_duplicate_or_forge_results,proven,goals 1-8 implementation plus Goal 9 integrated audit,docs/magic-qualification-implementation.md
docs/magic-implements-plan.md:149,Reservoir,"wellglass seed/shard,",5,src/implements.rs; src/world/implements.rs; src/tests/implements.rs,every_base_component_combination_is_deterministic_bounded_and_has_tradeoffs; embodied_frame_calibrates_assembles_saves_disassembles_and_dismantles_conservatively; every_charm_binds_from_physical_reagents_and_recharges_from_a_vessel; stale_concurrent_and_hostile_frame_requests_cannot_duplicate_or_forge_results,proven,goals 1-8 implementation plus Goal 9 integrated audit,docs/magic-qualification-implementation.md
docs/magic-implements-plan.md:150,Reservoir,"charged biological nodule,",5,src/implements.rs; src/world/implements.rs; src/tests/implements.rs,every_base_component_combination_is_deterministic_bounded_and_has_tradeoffs; embodied_frame_calibrates_assembles_saves_disassembles_and_dismantles_conservatively; every_charm_binds_from_physical_reagents_and_recharges_from_a_vessel; stale_concurrent_and_hostile_frame_requests_cannot_duplicate_or_forge_results,proven,goals 1-8 implementation plus Goal 9 integrated audit,docs/magic-qualification-implementation.md
docs/magic-implements-plan.md:151,Reservoir,"small refillable vessel,",5,src/implements.rs; src/world/implements.rs; src/tests/implements.rs,every_base_component_combination_is_deterministic_bounded_and_has_tradeoffs; embodied_frame_calibrates_assembles_saves_disassembles_and_dismantles_conservatively; every_charm_binds_from_physical_reagents_and_recharges_from_a_vessel; stale_concurrent_and_hostile_frame_requests_cannot_duplicate_or_forge_results,proven,goals 1-8 implementation plus Goal 9 integrated audit,docs/magic-qualification-implementation.md
docs/magic-implements-plan.md:152,Reservoir,no reservoir for a place-bound ritual rod.,5,src/implements.rs; src/world/implements.rs; src/tests/implements.rs,every_base_component_combination_is_deterministic_bounded_and_has_tradeoffs; embodied_frame_calibrates_assembles_saves_disassembles_and_dismantles_conservatively; every_charm_binds_from_physical_reagents_and_recharges_from_a_vessel; stale_concurrent_and_hostile_frame_requests_cannot_duplicate_or_forge_results,proven,goals 1-8 implementation plus Goal 9 integrated audit,docs/magic-qualification-implementation.md
docs/magic-implements-plan.md:160,Focus,"Echo slate for reading/revealing,",5,src/implements.rs; src/world/implements.rs; src/tests/implements.rs,every_base_component_combination_is_deterministic_bounded_and_has_tradeoffs; embodied_frame_calibrates_assembles_saves_disassembles_and_dismantles_conservatively; every_charm_binds_from_physical_reagents_and_recharges_from_a_vessel; stale_concurrent_and_hostile_frame_requests_cannot_duplicate_or_forge_results,proven,goals 1-8 implementation plus Goal 9 integrated audit,docs/magic-qualification-implementation.md
docs/magic-implements-plan.md:161,Focus,"Choirstone geometry for controlled movement,",5,src/implements.rs; src/world/implements.rs; src/tests/implements.rs,every_base_component_combination_is_deterministic_bounded_and_has_tradeoffs; embodied_frame_calibrates_assembles_saves_disassembles_and_dismantles_conservatively; every_charm_binds_from_physical_reagents_and_recharges_from_a_vessel; stale_concurrent_and_hostile_frame_requests_cannot_duplicate_or_forge_results,proven,goals 1-8 implementation plus Goal 9 integrated audit,docs/magic-qualification-implementation.md
docs/magic-implements-plan.md:162,Focus,"Wake iron for fast ignition/change,",5,src/implements.rs; src/world/implements.rs; src/tests/implements.rs,every_base_component_combination_is_deterministic_bounded_and_has_tradeoffs; embodied_frame_calibrates_assembles_saves_disassembles_and_dismantles_conservatively; every_charm_binds_from_physical_reagents_and_recharges_from_a_vessel; stale_concurrent_and_hostile_frame_requests_cannot_duplicate_or_forge_results,proven,goals 1-8 implementation plus Goal 9 integrated audit,docs/magic-qualification-implementation.md
docs/magic-implements-plan.md:163,Focus,"living/root structures for cultivation and binding,",5,src/implements.rs; src/world/implements.rs; src/tests/implements.rs,every_base_component_combination_is_deterministic_bounded_and_has_tradeoffs; embodied_frame_calibrates_assembles_saves_disassembles_and_dismantles_conservatively; every_charm_binds_from_physical_reagents_and_recharges_from_a_vessel; stale_concurrent_and_hostile_frame_requests_cannot_duplicate_or_forge_results,proven,goals 1-8 implementation plus Goal 9 integrated audit,docs/magic-qualification-implementation.md
docs/magic-implements-plan.md:164,Focus,later mod-defined foci through the same registry.,5,src/implements.rs; src/world/implements.rs; src/tests/implements.rs,every_base_component_combination_is_deterministic_bounded_and_has_tradeoffs; embodied_frame_calibrates_assembles_saves_disassembles_and_dismantles_conservatively; every_charm_binds_from_physical_reagents_and_recharges_from_a_vessel; stale_concurrent_and_hostile_frame_requests_cannot_duplicate_or_forge_results,proven,goals 1-8 implementation plus Goal 9 integrated audit,docs/magic-qualification-implementation.md
docs/magic-implements-plan.md:182,Component behavior,"order-independent where physical order is irrelevant,",5,src/implements.rs; src/world/implements.rs; src/tests/implements.rs,every_base_component_combination_is_deterministic_bounded_and_has_tradeoffs; embodied_frame_calibrates_assembles_saves_disassembles_and_dismantles_conservatively; every_charm_binds_from_physical_reagents_and_recharges_from_a_vessel; stale_concurrent_and_hostile_frame_requests_cannot_duplicate_or_forge_results,proven,goals 1-8 implementation plus Goal 9 integrated audit,docs/magic-qualification-implementation.md
docs/magic-implements-plan.md:183,Component behavior,"explicit where body/focus/reservoir roles differ,",5,src/implements.rs; src/world/implements.rs; src/tests/implements.rs,every_base_component_combination_is_deterministic_bounded_and_has_tradeoffs; embodied_frame_calibrates_assembles_saves_disassembles_and_dismantles_conservatively; every_charm_binds_from_physical_reagents_and_recharges_from_a_vessel; stale_concurrent_and_hostile_frame_requests_cannot_duplicate_or_forge_results,proven,goals 1-8 implementation plus Goal 9 integrated audit,docs/magic-qualification-implementation.md
docs/magic-implements-plan.md:184,Component behavior,"bounded against zero-cost or infinite-capacity combinations,",5,src/implements.rs; src/world/implements.rs; src/tests/implements.rs,every_base_component_combination_is_deterministic_bounded_and_has_tradeoffs; embodied_frame_calibrates_assembles_saves_disassembles_and_dismantles_conservatively; every_charm_binds_from_physical_reagents_and_recharges_from_a_vessel; stale_concurrent_and_hostile_frame_requests_cannot_duplicate_or_forge_results,proven,goals 1-8 implementation plus Goal 9 integrated audit,docs/magic-qualification-implementation.md
docs/magic-implements-plan.md:185,Component behavior,"visible in the assembly preview before commitment,",5,src/implements.rs; src/world/implements.rs; src/tests/implements.rs,every_base_component_combination_is_deterministic_bounded_and_has_tradeoffs; embodied_frame_calibrates_assembles_saves_disassembles_and_dismantles_conservatively; every_charm_binds_from_physical_reagents_and_recharges_from_a_vessel; stale_concurrent_and_hostile_frame_requests_cannot_duplicate_or_forge_results,proven,goals 1-8 implementation plus Goal 9 integrated audit,docs/magic-qualification-implementation.md
docs/magic-implements-plan.md:186,Component behavior,"validated identically for base and mod components,",5,src/implements.rs; src/world/implements.rs; src/tests/implements.rs,every_base_component_combination_is_deterministic_bounded_and_has_tradeoffs; embodied_frame_calibrates_assembles_saves_disassembles_and_dismantles_conservatively; every_charm_binds_from_physical_reagents_and_recharges_from_a_vessel; stale_concurrent_and_hostile_frame_requests_cannot_duplicate_or_forge_results,proven,goals 1-8 implementation plus Goal 9 integrated audit,docs/magic-qualification-implementation.md
docs/magic-implements-plan.md:187,Component behavior,"stored as component ids plus format version, not only baked opaque stats.",5,src/implements.rs; src/world/implements.rs; src/tests/implements.rs,every_base_component_combination_is_deterministic_bounded_and_has_tradeoffs; embodied_frame_calibrates_assembles_saves_disassembles_and_dismantles_conservatively; every_charm_binds_from_physical_reagents_and_recharges_from_a_vessel; stale_concurrent_and_hostile_frame_requests_cannot_duplicate_or_forge_results,proven,goals 1-8 implementation plus Goal 9 integrated audit,docs/magic-qualification-implementation.md
docs/magic-implements-plan.md:197,Binding frame,"a work surface,",5,src/implements.rs; src/world/implements.rs; src/tests/implements.rs,every_base_component_combination_is_deterministic_bounded_and_has_tradeoffs; embodied_frame_calibrates_assembles_saves_disassembles_and_dismantles_conservatively; every_charm_binds_from_physical_reagents_and_recharges_from_a_vessel; stale_concurrent_and_hostile_frame_requests_cannot_duplicate_or_forge_results,proven,goals 1-8 implementation plus Goal 9 integrated audit,docs/magic-qualification-implementation.md
docs/magic-implements-plan.md:198,Binding frame,"conductor arms or posts,",5,src/implements.rs; src/world/implements.rs; src/tests/implements.rs,every_base_component_combination_is_deterministic_bounded_and_has_tradeoffs; embodied_frame_calibrates_assembles_saves_disassembles_and_dismantles_conservatively; every_charm_binds_from_physical_reagents_and_recharges_from_a_vessel; stale_concurrent_and_hostile_frame_requests_cannot_duplicate_or_forge_results,proven,goals 1-8 implementation plus Goal 9 integrated audit,docs/magic-qualification-implementation.md
docs/magic-implements-plan.md:199,Binding frame,"a sample/focus mount,",5,src/implements.rs; src/world/implements.rs; src/tests/implements.rs,every_base_component_combination_is_deterministic_bounded_and_has_tradeoffs; embodied_frame_calibrates_assembles_saves_disassembles_and_dismantles_conservatively; every_charm_binds_from_physical_reagents_and_recharges_from_a_vessel; stale_concurrent_and_hostile_frame_requests_cannot_duplicate_or_forge_results,proven,goals 1-8 implementation plus Goal 9 integrated audit,docs/magic-qualification-implementation.md
docs/magic-implements-plan.md:200,Binding frame,"a charge vessel position,",5,src/implements.rs; src/world/implements.rs; src/tests/implements.rs,every_base_component_combination_is_deterministic_bounded_and_has_tradeoffs; embodied_frame_calibrates_assembles_saves_disassembles_and_dismantles_conservatively; every_charm_binds_from_physical_reagents_and_recharges_from_a_vessel; stale_concurrent_and_hostile_frame_requests_cannot_duplicate_or_forge_results,proven,goals 1-8 implementation plus Goal 9 integrated audit,docs/magic-qualification-implementation.md
docs/magic-implements-plan.md:201,Binding frame,"a containment boundary,",5,src/implements.rs; src/world/implements.rs; src/tests/implements.rs,every_base_component_combination_is_deterministic_bounded_and_has_tradeoffs; embodied_frame_calibrates_assembles_saves_disassembles_and_dismantles_conservatively; every_charm_binds_from_physical_reagents_and_recharges_from_a_vessel; stale_concurrent_and_hostile_frame_requests_cannot_duplicate_or_forge_results,proven,goals 1-8 implementation plus Goal 9 integrated audit,docs/magic-qualification-implementation.md
docs/magic-implements-plan.md:202,Binding frame,access to ordinary tools and heat where a recipe needs them.,5,src/implements.rs; src/world/implements.rs; src/tests/implements.rs,every_base_component_combination_is_deterministic_bounded_and_has_tradeoffs; embodied_frame_calibrates_assembles_saves_disassembles_and_dismantles_conservatively; every_charm_binds_from_physical_reagents_and_recharges_from_a_vessel; stale_concurrent_and_hostile_frame_requests_cannot_duplicate_or_forge_results,proven,goals 1-8 implementation plus Goal 9 integrated audit,docs/magic-qualification-implementation.md
docs/magic-implements-plan.md:209,Binding frame,"assemble/disassemble a wand,",5,src/implements.rs; src/world/implements.rs; src/tests/implements.rs,every_base_component_combination_is_deterministic_bounded_and_has_tradeoffs; embodied_frame_calibrates_assembles_saves_disassembles_and_dismantles_conservatively; every_charm_binds_from_physical_reagents_and_recharges_from_a_vessel; stale_concurrent_and_hostile_frame_requests_cannot_duplicate_or_forge_results,proven,goals 1-8 implementation plus Goal 9 integrated audit,docs/magic-qualification-implementation.md
docs/magic-implements-plan.md:210,Binding frame,"install/remove a focus,",5,src/implements.rs; src/world/implements.rs; src/tests/implements.rs,every_base_component_combination_is_deterministic_bounded_and_has_tradeoffs; embodied_frame_calibrates_assembles_saves_disassembles_and_dismantles_conservatively; every_charm_binds_from_physical_reagents_and_recharges_from_a_vessel; stale_concurrent_and_hostile_frame_requests_cannot_duplicate_or_forge_results,proven,goals 1-8 implementation plus Goal 9 integrated audit,docs/magic-qualification-implementation.md
docs/magic-implements-plan.md:211,Binding frame,"bind a charm,",5,src/implements.rs; src/world/implements.rs; src/tests/implements.rs,every_base_component_combination_is_deterministic_bounded_and_has_tradeoffs; embodied_frame_calibrates_assembles_saves_disassembles_and_dismantles_conservatively; every_charm_binds_from_physical_reagents_and_recharges_from_a_vessel; stale_concurrent_and_hostile_frame_requests_cannot_duplicate_or_forge_results,proven,goals 1-8 implementation plus Goal 9 integrated audit,docs/magic-qualification-implementation.md
docs/magic-implements-plan.md:212,Binding frame,"transfer charge between local reservoirs,",5,src/implements.rs; src/world/implements.rs; src/tests/implements.rs,every_base_component_combination_is_deterministic_bounded_and_has_tradeoffs; embodied_frame_calibrates_assembles_saves_disassembles_and_dismantles_conservatively; every_charm_binds_from_physical_reagents_and_recharges_from_a_vessel; stale_concurrent_and_hostile_frame_requests_cannot_duplicate_or_forge_results,proven,goals 1-8 implementation plus Goal 9 integrated audit,docs/magic-qualification-implementation.md
docs/magic-implements-plan.md:213,Binding frame,"discharge an implement safely into the environment or a vessel,",5,src/implements.rs; src/world/implements.rs; src/tests/implements.rs,every_base_component_combination_is_deterministic_bounded_and_has_tradeoffs; embodied_frame_calibrates_assembles_saves_disassembles_and_dismantles_conservatively; every_charm_binds_from_physical_reagents_and_recharges_from_a_vessel; stale_concurrent_and_hostile_frame_requests_cannot_duplicate_or_forge_results,proven,goals 1-8 implementation plus Goal 9 integrated audit,docs/magic-qualification-implementation.md
docs/magic-implements-plan.md:214,Binding frame,"inspect strain and component compatibility,",5,src/implements.rs; src/world/implements.rs; src/tests/implements.rs,every_base_component_combination_is_deterministic_bounded_and_has_tradeoffs; embodied_frame_calibrates_assembles_saves_disassembles_and_dismantles_conservatively; every_charm_binds_from_physical_reagents_and_recharges_from_a_vessel; stale_concurrent_and_hostile_frame_requests_cannot_duplicate_or_forge_results,proven,goals 1-8 implementation plus Goal 9 integrated audit,docs/magic-qualification-implementation.md
docs/magic-implements-plan.md:215,Binding frame,"repair with matching materials,",5,src/implements.rs; src/world/implements.rs; src/tests/implements.rs,every_base_component_combination_is_deterministic_bounded_and_has_tradeoffs; embodied_frame_calibrates_assembles_saves_disassembles_and_dismantles_conservatively; every_charm_binds_from_physical_reagents_and_recharges_from_a_vessel; stale_concurrent_and_hostile_frame_requests_cannot_duplicate_or_forge_results,proven,goals 1-8 implementation plus Goal 9 integrated audit,docs/magic-qualification-implementation.md
docs/magic-implements-plan.md:216,Binding frame,run a low-power calibration pulse.,5,src/implements.rs; src/world/implements.rs; src/tests/implements.rs,every_base_component_combination_is_deterministic_bounded_and_has_tradeoffs; embodied_frame_calibrates_assembles_saves_disassembles_and_dismantles_conservatively; every_charm_binds_from_physical_reagents_and_recharges_from_a_vessel; stale_concurrent_and_hostile_frame_requests_cannot_duplicate_or_forge_results,proven,goals 1-8 implementation plus Goal 9 integrated audit,docs/magic-qualification-implementation.md
docs/magic-implements-plan.md:229,Charge vessel,"has a finite capacity and pressure/strain state,",5,src/implements.rs; src/world/implements.rs; src/tests/implements.rs,every_base_component_combination_is_deterministic_bounded_and_has_tradeoffs; embodied_frame_calibrates_assembles_saves_disassembles_and_dismantles_conservatively; every_charm_binds_from_physical_reagents_and_recharges_from_a_vessel; stale_concurrent_and_hostile_frame_requests_cannot_duplicate_or_forge_results,proven,goals 1-8 implementation plus Goal 9 integrated audit,docs/magic-qualification-implementation.md
docs/magic-implements-plan.md:230,Charge vessel,"must be physically adjacent to a frame or conductor endpoint,",5,src/implements.rs; src/world/implements.rs; src/tests/implements.rs,every_base_component_combination_is_deterministic_bounded_and_has_tradeoffs; embodied_frame_calibrates_assembles_saves_disassembles_and_dismantles_conservatively; every_charm_binds_from_physical_reagents_and_recharges_from_a_vessel; stale_concurrent_and_hostile_frame_requests_cannot_duplicate_or_forge_results,proven,goals 1-8 implementation plus Goal 9 integrated audit,docs/magic-qualification-implementation.md
docs/magic-implements-plan.md:231,Charge vessel,"leaks according to construction and damage,",5,src/implements.rs; src/world/implements.rs; src/tests/implements.rs,every_base_component_combination_is_deterministic_bounded_and_has_tradeoffs; embodied_frame_calibrates_assembles_saves_disassembles_and_dismantles_conservatively; every_charm_binds_from_physical_reagents_and_recharges_from_a_vessel; stale_concurrent_and_hostile_frame_requests_cannot_duplicate_or_forge_results,proven,goals 1-8 implementation plus Goal 9 integrated audit,docs/magic-qualification-implementation.md
docs/magic-implements-plan.md:232,Charge vessel,"displays state through light, sound, and instrument reading,",5,src/implements.rs; src/world/implements.rs; src/tests/implements.rs,every_base_component_combination_is_deterministic_bounded_and_has_tradeoffs; embodied_frame_calibrates_assembles_saves_disassembles_and_dismantles_conservatively; every_charm_binds_from_physical_reagents_and_recharges_from_a_vessel; stale_concurrent_and_hostile_frame_requests_cannot_duplicate_or_forge_results,proven,goals 1-8 implementation plus Goal 9 integrated audit,docs/magic-qualification-implementation.md
docs/magic-implements-plan.md:233,Charge vessel,"can be dismantled safely with the right tool,",5,src/implements.rs; src/world/implements.rs; src/tests/implements.rs,every_base_component_combination_is_deterministic_bounded_and_has_tradeoffs; embodied_frame_calibrates_assembles_saves_disassembles_and_dismantles_conservatively; every_charm_binds_from_physical_reagents_and_recharges_from_a_vessel; stale_concurrent_and_hostile_frame_requests_cannot_duplicate_or_forge_results,proven,goals 1-8 implementation plus Goal 9 integrated audit,docs/magic-qualification-implementation.md
docs/magic-implements-plan.md:234,Charge vessel,fails visibly if overfilled.,5,src/implements.rs; src/world/implements.rs; src/tests/implements.rs,every_base_component_combination_is_deterministic_bounded_and_has_tradeoffs; embodied_frame_calibrates_assembles_saves_disassembles_and_dismantles_conservatively; every_charm_binds_from_physical_reagents_and_recharges_from_a_vessel; stale_concurrent_and_hostile_frame_requests_cannot_duplicate_or_forge_results,proven,goals 1-8 implementation plus Goal 9 integrated audit,docs/magic-qualification-implementation.md
docs/magic-implements-plan.md:242,Conductor,"Transfer has capacity, loss/dross, direction, and update bounds.",5,src/implements.rs; src/world/implements.rs; src/tests/implements.rs,every_base_component_combination_is_deterministic_bounded_and_has_tradeoffs; embodied_frame_calibrates_assembles_saves_disassembles_and_dismantles_conservatively; every_charm_binds_from_physical_reagents_and_recharges_from_a_vessel; stale_concurrent_and_hostile_frame_requests_cannot_duplicate_or_forge_results,proven,goals 1-8 implementation plus Goal 9 integrated audit,docs/magic-qualification-implementation.md
docs/magic-implements-plan.md:243,Conductor,"Networks are local, physically built, and server simulated.",5,src/implements.rs; src/world/implements.rs; src/tests/implements.rs,every_base_component_combination_is_deterministic_bounded_and_has_tradeoffs; embodied_frame_calibrates_assembles_saves_disassembles_and_dismantles_conservatively; every_charm_binds_from_physical_reagents_and_recharges_from_a_vessel; stale_concurrent_and_hostile_frame_requests_cannot_duplicate_or_forge_results,proven,goals 1-8 implementation plus Goal 9 integrated audit,docs/magic-qualification-implementation.md
docs/magic-implements-plan.md:244,Conductor,Every connected component has a size/budget cap or incremental solver.,5,src/implements.rs; src/world/implements.rs; src/tests/implements.rs,every_base_component_combination_is_deterministic_bounded_and_has_tradeoffs; embodied_frame_calibrates_assembles_saves_disassembles_and_dismantles_conservatively; every_charm_binds_from_physical_reagents_and_recharges_from_a_vessel; stale_concurrent_and_hostile_frame_requests_cannot_duplicate_or_forge_results,proven,goals 1-8 implementation plus Goal 9 integrated audit,docs/magic-qualification-implementation.md
docs/magic-implements-plan.md:245,Conductor,Breaking one segment changes connectivity deterministically.,5,src/implements.rs; src/world/implements.rs; src/tests/implements.rs,every_base_component_combination_is_deterministic_bounded_and_has_tradeoffs; embodied_frame_calibrates_assembles_saves_disassembles_and_dismantles_conservatively; every_charm_binds_from_physical_reagents_and_recharges_from_a_vessel; stale_concurrent_and_hostile_frame_requests_cannot_duplicate_or_forge_results,proven,goals 1-8 implementation plus Goal 9 integrated audit,docs/magic-qualification-implementation.md
docs/magic-implements-plan.md:246,Conductor,A conductor cannot extract through protected construction or from an,5,src/implements.rs; src/world/implements.rs; src/tests/implements.rs,every_base_component_combination_is_deterministic_bounded_and_has_tradeoffs; embodied_frame_calibrates_assembles_saves_disassembles_and_dismantles_conservatively; every_charm_binds_from_physical_reagents_and_recharges_from_a_vessel; stale_concurrent_and_hostile_frame_requests_cannot_duplicate_or_forge_results,proven,goals 1-8 implementation plus Goal 9 integrated audit,docs/magic-qualification-implementation.md
docs/magic-implements-plan.md:265,Charm of Quiet,Reduces a warden's attention radius as currently shipped.,5,src/implements.rs; src/world/implements.rs; src/tests/implements.rs,every_base_component_combination_is_deterministic_bounded_and_has_tradeoffs; embodied_frame_calibrates_assembles_saves_disassembles_and_dismantles_conservatively; every_charm_binds_from_physical_reagents_and_recharges_from_a_vessel; stale_concurrent_and_hostile_frame_requests_cannot_duplicate_or_forge_results,proven,goals 1-8 implementation plus Goal 9 integrated audit,docs/magic-qualification-implementation.md
docs/magic-implements-plan.md:266,Charm of Quiet,Debits a small charge only when it actually changes an attention result or,5,src/implements.rs; src/world/implements.rs; src/tests/implements.rs,every_base_component_combination_is_deterministic_bounded_and_has_tradeoffs; embodied_frame_calibrates_assembles_saves_disassembles_and_dismantles_conservatively; every_charm_binds_from_physical_reagents_and_recharges_from_a_vessel; stale_concurrent_and_hostile_frame_requests_cannot_duplicate_or_forge_results,proven,goals 1-8 implementation plus Goal 9 integrated audit,docs/magic-qualification-implementation.md
docs/magic-implements-plan.md:268,Charm of Quiet,Does not lower Ire or make the wearer morally invisible.,5,src/implements.rs; src/world/implements.rs; src/tests/implements.rs,every_base_component_combination_is_deterministic_bounded_and_has_tradeoffs; embodied_frame_calibrates_assembles_saves_disassembles_and_dismantles_conservatively; every_charm_binds_from_physical_reagents_and_recharges_from_a_vessel; stale_concurrent_and_hostile_frame_requests_cannot_duplicate_or_forge_results,proven,goals 1-8 implementation plus Goal 9 integrated audit,docs/magic-qualification-implementation.md
docs/magic-implements-plan.md:272,Charm of Bark,Retains the current small armor benefit.,5,src/implements.rs; src/world/implements.rs; src/tests/implements.rs,every_base_component_combination_is_deterministic_bounded_and_has_tradeoffs; embodied_frame_calibrates_assembles_saves_disassembles_and_dismantles_conservatively; every_charm_binds_from_physical_reagents_and_recharges_from_a_vessel; stale_concurrent_and_hostile_frame_requests_cannot_duplicate_or_forge_results,proven,goals 1-8 implementation plus Goal 9 integrated audit,docs/magic-qualification-implementation.md
docs/magic-implements-plan.md:273,Charm of Bark,Debits charge when it prevents damage.,5,src/implements.rs; src/world/implements.rs; src/tests/implements.rs,every_base_component_combination_is_deterministic_bounded_and_has_tradeoffs; embodied_frame_calibrates_assembles_saves_disassembles_and_dismantles_conservatively; every_charm_binds_from_physical_reagents_and_recharges_from_a_vessel; stale_concurrent_and_hostile_frame_requests_cannot_duplicate_or_forge_results,proven,goals 1-8 implementation plus Goal 9 integrated audit,docs/magic-qualification-implementation.md
docs/magic-implements-plan.md:274,Charm of Bark,Cannot reduce a hit below the established minimum or replace armor repair.,5,src/implements.rs; src/world/implements.rs; src/tests/implements.rs,every_base_component_combination_is_deterministic_bounded_and_has_tradeoffs; embodied_frame_calibrates_assembles_saves_disassembles_and_dismantles_conservatively; every_charm_binds_from_physical_reagents_and_recharges_from_a_vessel; stale_concurrent_and_hostile_frame_requests_cannot_duplicate_or_forge_results,proven,goals 1-8 implementation plus Goal 9 integrated audit,docs/magic-qualification-implementation.md
docs/magic-implements-plan.md:278,Charm of Slow Hunger,Retains the current modest hunger reduction.,5,src/implements.rs; src/world/implements.rs; src/tests/implements.rs,every_base_component_combination_is_deterministic_bounded_and_has_tradeoffs; embodied_frame_calibrates_assembles_saves_disassembles_and_dismantles_conservatively; every_charm_binds_from_physical_reagents_and_recharges_from_a_vessel; stale_concurrent_and_hostile_frame_requests_cannot_duplicate_or_forge_results,proven,goals 1-8 implementation plus Goal 9 integrated audit,docs/magic-qualification-implementation.md
docs/magic-implements-plan.md:279,Charm of Slow Hunger,Debits charge in fixed authoritative intervals while it saves hunger.,5,src/implements.rs; src/world/implements.rs; src/tests/implements.rs,every_base_component_combination_is_deterministic_bounded_and_has_tradeoffs; embodied_frame_calibrates_assembles_saves_disassembles_and_dismantles_conservatively; every_charm_binds_from_physical_reagents_and_recharges_from_a_vessel; stale_concurrent_and_hostile_frame_requests_cannot_duplicate_or_forge_results,proven,goals 1-8 implementation plus Goal 9 integrated audit,docs/magic-qualification-implementation.md
docs/magic-implements-plan.md:280,Charm of Slow Hunger,It never creates food or prevents starvation after depletion.,5,src/implements.rs; src/world/implements.rs; src/tests/implements.rs,every_base_component_combination_is_deterministic_bounded_and_has_tradeoffs; embodied_frame_calibrates_assembles_saves_disassembles_and_dismantles_conservatively; every_charm_binds_from_physical_reagents_and_recharges_from_a_vessel; stale_concurrent_and_hostile_frame_requests_cannot_duplicate_or_forge_results,proven,goals 1-8 implementation plus Goal 9 integrated audit,docs/magic-qualification-implementation.md
docs/magic-implements-plan.md:284,Charm of Slow Hunger,"visible charge/depleted behavior,",5,src/implements.rs; src/world/implements.rs; src/tests/implements.rs,every_base_component_combination_is_deterministic_bounded_and_has_tradeoffs; embodied_frame_calibrates_assembles_saves_disassembles_and_dismantles_conservatively; every_charm_binds_from_physical_reagents_and_recharges_from_a_vessel; stale_concurrent_and_hostile_frame_requests_cannot_duplicate_or_forge_results,proven,goals 1-8 implementation plus Goal 9 integrated audit,docs/magic-qualification-implementation.md
docs/magic-implements-plan.md:285,Charm of Slow Hunger,a binding recipe using ordinary body materials plus appropriate magical,5,src/implements.rs; src/world/implements.rs; src/tests/implements.rs,every_base_component_combination_is_deterministic_bounded_and_has_tradeoffs; embodied_frame_calibrates_assembles_saves_disassembles_and_dismantles_conservatively; every_charm_binds_from_physical_reagents_and_recharges_from_a_vessel; stale_concurrent_and_hostile_frame_requests_cannot_duplicate_or_forge_results,proven,goals 1-8 implementation plus Goal 9 integrated audit,docs/magic-qualification-implementation.md
docs/magic-implements-plan.md:287,Charm of Slow Hunger,"safe recharge at a frame,",5,src/implements.rs; src/world/implements.rs; src/tests/implements.rs,every_base_component_combination_is_deterministic_bounded_and_has_tradeoffs; embodied_frame_calibrates_assembles_saves_disassembles_and_dismantles_conservatively; every_charm_binds_from_physical_reagents_and_recharges_from_a_vessel; stale_concurrent_and_hostile_frame_requests_cannot_duplicate_or_forge_results,proven,goals 1-8 implementation plus Goal 9 integrated audit,docs/magic-qualification-implementation.md
docs/magic-implements-plan.md:288,Charm of Slow Hunger,"disassembly/salvage behavior,",5,src/implements.rs; src/world/implements.rs; src/tests/implements.rs,every_base_component_combination_is_deterministic_bounded_and_has_tradeoffs; embodied_frame_calibrates_assembles_saves_disassembles_and_dismantles_conservatively; every_charm_binds_from_physical_reagents_and_recharges_from_a_vessel; stale_concurrent_and_hostile_frame_requests_cannot_duplicate_or_forge_results,proven,goals 1-8 implementation plus Goal 9 integrated audit,docs/magic-qualification-implementation.md
docs/magic-implements-plan.md:289,Charm of Slow Hunger,"tuning-lens readings,",5,src/implements.rs; src/world/implements.rs; src/tests/implements.rs,every_base_component_combination_is_deterministic_bounded_and_has_tradeoffs; embodied_frame_calibrates_assembles_saves_disassembles_and_dismantles_conservatively; every_charm_binds_from_physical_reagents_and_recharges_from_a_vessel; stale_concurrent_and_hostile_frame_requests_cannot_duplicate_or_forge_results,proven,goals 1-8 implementation plus Goal 9 integrated audit,docs/magic-qualification-implementation.md
docs/magic-implements-plan.md:290,Charm of Slow Hunger,original descendant art related to but distinct from ruin examples.,5,src/implements.rs; src/world/implements.rs; src/tests/implements.rs,every_base_component_combination_is_deterministic_bounded_and_has_tradeoffs; embodied_frame_calibrates_assembles_saves_disassembles_and_dismantles_conservatively; every_charm_binds_from_physical_reagents_and_recharges_from_a_vessel; stale_concurrent_and_hostile_frame_requests_cannot_duplicate_or_forge_results,proven,goals 1-8 implementation plus Goal 9 integrated audit,docs/magic-qualification-implementation.md
docs/magic-implements-plan.md:305,Physical lifecycle,Wand use creates strain and ordinary wear according to throughput.,5,src/implements.rs; src/world/implements.rs; src/tests/implements.rs,every_base_component_combination_is_deterministic_bounded_and_has_tradeoffs; embodied_frame_calibrates_assembles_saves_disassembles_and_dismantles_conservatively; every_charm_binds_from_physical_reagents_and_recharges_from_a_vessel; stale_concurrent_and_hostile_frame_requests_cannot_duplicate_or_forge_results,proven,goals 1-8 implementation plus Goal 9 integrated audit,docs/magic-qualification-implementation.md
docs/magic-implements-plan.md:306,Physical lifecycle,Repair consumes matching body/fitting material.,5,src/implements.rs; src/world/implements.rs; src/tests/implements.rs,every_base_component_combination_is_deterministic_bounded_and_has_tradeoffs; embodied_frame_calibrates_assembles_saves_disassembles_and_dismantles_conservatively; every_charm_binds_from_physical_reagents_and_recharges_from_a_vessel; stale_concurrent_and_hostile_frame_requests_cannot_duplicate_or_forge_results,proven,goals 1-8 implementation plus Goal 9 integrated audit,docs/magic-qualification-implementation.md
docs/magic-implements-plan.md:307,Physical lifecycle,Safe disassembly recovers reusable components at declared yields.,5,src/implements.rs; src/world/implements.rs; src/tests/implements.rs,every_base_component_combination_is_deterministic_bounded_and_has_tradeoffs; embodied_frame_calibrates_assembles_saves_disassembles_and_dismantles_conservatively; every_charm_binds_from_physical_reagents_and_recharges_from_a_vessel; stale_concurrent_and_hostile_frame_requests_cannot_duplicate_or_forge_results,proven,goals 1-8 implementation plus Goal 9 integrated audit,docs/magic-qualification-implementation.md
docs/magic-implements-plan.md:308,Physical lifecycle,"Catastrophic failure produces recoverable fragments, released charge, and",5,src/implements.rs; src/world/implements.rs; src/tests/implements.rs,every_base_component_combination_is_deterministic_bounded_and_has_tradeoffs; embodied_frame_calibrates_assembles_saves_disassembles_and_dismantles_conservatively; every_charm_binds_from_physical_reagents_and_recharges_from_a_vessel; stale_concurrent_and_hostile_frame_requests_cannot_duplicate_or_forge_results,proven,goals 1-8 implementation plus Goal 9 integrated audit,docs/magic-qualification-implementation.md
docs/magic-implements-plan.md:310,Physical lifecycle,"Fire, lava, despawn, death, containers, item frames, cargo, and mod removal",5,src/implements.rs; src/world/implements.rs; src/tests/implements.rs,every_base_component_combination_is_deterministic_bounded_and_has_tradeoffs; embodied_frame_calibrates_assembles_saves_disassembles_and_dismantles_conservatively; every_charm_binds_from_physical_reagents_and_recharges_from_a_vessel; stale_concurrent_and_hostile_frame_requests_cannot_duplicate_or_forge_results,proven,goals 1-8 implementation plus Goal 9 integrated audit,docs/magic-qualification-implementation.md
docs/magic-implements-plan.md:312,Physical lifecycle,A charged implement remains an item with mass and obeys ordinary transport.,5,src/implements.rs; src/world/implements.rs; src/tests/implements.rs,every_base_component_combination_is_deterministic_bounded_and_has_tradeoffs; embodied_frame_calibrates_assembles_saves_disassembles_and_dismantles_conservatively; every_charm_binds_from_physical_reagents_and_recharges_from_a_vessel; stale_concurrent_and_hostile_frame_requests_cannot_duplicate_or_forge_results,proven,goals 1-8 implementation plus Goal 9 integrated audit,docs/magic-qualification-implementation.md
docs/magic-implements-plan.md:319,Interface and feel,Held wands have component-derived silhouettes/material accents.,5,src/implements.rs; src/world/implements.rs; src/tests/implements.rs,every_base_component_combination_is_deterministic_bounded_and_has_tradeoffs; embodied_frame_calibrates_assembles_saves_disassembles_and_dismantles_conservatively; every_charm_binds_from_physical_reagents_and_recharges_from_a_vessel; stale_concurrent_and_hostile_frame_requests_cannot_duplicate_or_forge_results,proven,goals 1-8 implementation plus Goal 9 integrated audit,docs/magic-qualification-implementation.md
docs/magic-implements-plan.md:320,Interface and feel,Focus identity is readable without relying only on color.,5,src/implements.rs; src/world/implements.rs; src/tests/implements.rs,every_base_component_combination_is_deterministic_bounded_and_has_tradeoffs; embodied_frame_calibrates_assembles_saves_disassembles_and_dismantles_conservatively; every_charm_binds_from_physical_reagents_and_recharges_from_a_vessel; stale_concurrent_and_hostile_frame_requests_cannot_duplicate_or_forge_results,proven,goals 1-8 implementation plus Goal 9 integrated audit,docs/magic-qualification-implementation.md
docs/magic-implements-plan.md:321,Interface and feel,Charge is communicated by a restrained emitter whose brightness reflects,5,src/implements.rs; src/world/implements.rs; src/tests/implements.rs,every_base_component_combination_is_deterministic_bounded_and_has_tradeoffs; embodied_frame_calibrates_assembles_saves_disassembles_and_dismantles_conservatively; every_charm_binds_from_physical_reagents_and_recharges_from_a_vessel; stale_concurrent_and_hostile_frame_requests_cannot_duplicate_or_forge_results,proven,goals 1-8 implementation plus Goal 9 integrated audit,docs/magic-qualification-implementation.md
docs/magic-implements-plan.md:323,Interface and feel,"Use, transfer, strain, empty, and failure have distinct sound envelopes.",5,src/implements.rs; src/world/implements.rs; src/tests/implements.rs,every_base_component_combination_is_deterministic_bounded_and_has_tradeoffs; embodied_frame_calibrates_assembles_saves_disassembles_and_dismantles_conservatively; every_charm_binds_from_physical_reagents_and_recharges_from_a_vessel; stale_concurrent_and_hostile_frame_requests_cannot_duplicate_or_forge_results,proven,goals 1-8 implementation plus Goal 9 integrated audit,docs/magic-qualification-implementation.md
docs/magic-implements-plan.md:324,Interface and feel,"First-person animation shows aiming/settling, not automatic gun recoil.",5,src/implements.rs; src/world/implements.rs; src/tests/implements.rs,every_base_component_combination_is_deterministic_bounded_and_has_tradeoffs; embodied_frame_calibrates_assembles_saves_disassembles_and_dismantles_conservatively; every_charm_binds_from_physical_reagents_and_recharges_from_a_vessel; stale_concurrent_and_hostile_frame_requests_cannot_duplicate_or_forge_results,proven,goals 1-8 implementation plus Goal 9 integrated audit,docs/magic-qualification-implementation.md
docs/magic-implements-plan.md:325,Interface and feel,"Inventory tooltip gives purpose, installed parts, condition, and qualitative",5,src/implements.rs; src/world/implements.rs; src/tests/implements.rs,every_base_component_combination_is_deterministic_bounded_and_has_tradeoffs; embodied_frame_calibrates_assembles_saves_disassembles_and_dismantles_conservatively; every_charm_binds_from_physical_reagents_and_recharges_from_a_vessel; stale_concurrent_and_hostile_frame_requests_cannot_duplicate_or_forge_results,proven,goals 1-8 implementation plus Goal 9 integrated audit,docs/magic-qualification-implementation.md
docs/magic-implements-plan.md:327,Interface and feel,Remote players see the correct held model and transfer/use events.,5,src/implements.rs; src/world/implements.rs; src/tests/implements.rs,every_base_component_combination_is_deterministic_bounded_and_has_tradeoffs; embodied_frame_calibrates_assembles_saves_disassembles_and_dismantles_conservatively; every_charm_binds_from_physical_reagents_and_recharges_from_a_vessel; stale_concurrent_and_hostile_frame_requests_cannot_duplicate_or_forge_results,proven,goals 1-8 implementation plus Goal 9 integrated audit,docs/magic-qualification-implementation.md
docs/magic-implements-plan.md:350,Content and mod schema,"recognized role and effect handler,",5,src/implements.rs; src/world/implements.rs; src/tests/implements.rs,every_base_component_combination_is_deterministic_bounded_and_has_tradeoffs; embodied_frame_calibrates_assembles_saves_disassembles_and_dismantles_conservatively; every_charm_binds_from_physical_reagents_and_recharges_from_a_vessel; stale_concurrent_and_hostile_frame_requests_cannot_duplicate_or_forge_results,proven,goals 1-8 implementation plus Goal 9 integrated audit,docs/magic-qualification-implementation.md
docs/magic-implements-plan.md:351,Content and mod schema,"bounded properties,",5,src/implements.rs; src/world/implements.rs; src/tests/implements.rs,every_base_component_combination_is_deterministic_bounded_and_has_tradeoffs; embodied_frame_calibrates_assembles_saves_disassembles_and_dismantles_conservatively; every_charm_binds_from_physical_reagents_and_recharges_from_a_vessel; stale_concurrent_and_hostile_frame_requests_cannot_duplicate_or_forge_results,proven,goals 1-8 implementation plus Goal 9 integrated audit,docs/magic-qualification-implementation.md
docs/magic-implements-plan.md:352,Content and mod schema,"declared charge/dross behavior,",5,src/implements.rs; src/world/implements.rs; src/tests/implements.rs,every_base_component_combination_is_deterministic_bounded_and_has_tradeoffs; embodied_frame_calibrates_assembles_saves_disassembles_and_dismantles_conservatively; every_charm_binds_from_physical_reagents_and_recharges_from_a_vessel; stale_concurrent_and_hostile_frame_requests_cannot_duplicate_or_forge_results,proven,goals 1-8 implementation plus Goal 9 integrated audit,docs/magic-qualification-implementation.md
docs/magic-implements-plan.md:353,Content and mod schema,"physical recipe balance,",5,src/implements.rs; src/world/implements.rs; src/tests/implements.rs,every_base_component_combination_is_deterministic_bounded_and_has_tradeoffs; embodied_frame_calibrates_assembles_saves_disassembles_and_dismantles_conservatively; every_charm_binds_from_physical_reagents_and_recharges_from_a_vessel; stale_concurrent_and_hostile_frame_requests_cannot_duplicate_or_forge_results,proven,goals 1-8 implementation plus Goal 9 integrated audit,docs/magic-qualification-implementation.md
docs/magic-implements-plan.md:354,Content and mod schema,"one authoritative resolver for base/mod components,",5,src/implements.rs; src/world/implements.rs; src/tests/implements.rs,every_base_component_combination_is_deterministic_bounded_and_has_tradeoffs; embodied_frame_calibrates_assembles_saves_disassembles_and_dismantles_conservatively; every_charm_binds_from_physical_reagents_and_recharges_from_a_vessel; stale_concurrent_and_hostile_frame_requests_cannot_duplicate_or_forge_results,proven,goals 1-8 implementation plus Goal 9 integrated audit,docs/magic-qualification-implementation.md
docs/magic-implements-plan.md:355,Content and mod schema,"no script-defined raw passive stat mutation,",5,src/implements.rs; src/world/implements.rs; src/tests/implements.rs,every_base_component_combination_is_deterministic_bounded_and_has_tradeoffs; embodied_frame_calibrates_assembles_saves_disassembles_and_dismantles_conservatively; every_charm_binds_from_physical_reagents_and_recharges_from_a_vessel; stale_concurrent_and_hostile_frame_requests_cannot_duplicate_or_forge_results,proven,goals 1-8 implementation plus Goal 9 integrated audit,docs/magic-qualification-implementation.md
docs/magic-implements-plan.md:356,Content and mod schema,no component combination that bypasses the transaction API.,5,src/implements.rs; src/world/implements.rs; src/tests/implements.rs,every_base_component_combination_is_deterministic_bounded_and_has_tradeoffs; embodied_frame_calibrates_assembles_saves_disassembles_and_dismantles_conservatively; every_charm_binds_from_physical_reagents_and_recharges_from_a_vessel; stale_concurrent_and_hostile_frame_requests_cannot_duplicate_or_forge_results,proven,goals 1-8 implementation plus Goal 9 integrated audit,docs/magic-qualification-implementation.md
docs/magic-implements-plan.md:363,Multiplayer and agents,"Assembly, transfer, focus swap, recharge, repair, and disassembly are",5,src/implements.rs; src/world/implements.rs; src/tests/implements.rs,every_base_component_combination_is_deterministic_bounded_and_has_tradeoffs; embodied_frame_calibrates_assembles_saves_disassembles_and_dismantles_conservatively; every_charm_binds_from_physical_reagents_and_recharges_from_a_vessel; stale_concurrent_and_hostile_frame_requests_cannot_duplicate_or_forge_results,proven,goals 1-8 implementation plus Goal 9 integrated audit,docs/magic-qualification-implementation.md
docs/magic-implements-plan.md:365,Multiplayer and agents,Containers use transactional cursor semantics and stable item instances.,5,src/implements.rs; src/world/implements.rs; src/tests/implements.rs,every_base_component_combination_is_deterministic_bounded_and_has_tradeoffs; embodied_frame_calibrates_assembles_saves_disassembles_and_dismantles_conservatively; every_charm_binds_from_physical_reagents_and_recharges_from_a_vessel; stale_concurrent_and_hostile_frame_requests_cannot_duplicate_or_forge_results,proven,goals 1-8 implementation plus Goal 9 integrated audit,docs/magic-qualification-implementation.md
docs/magic-implements-plan.md:366,Multiplayer and agents,Concurrent use of one vessel/frame serializes without duplication.,5,src/implements.rs; src/world/implements.rs; src/tests/implements.rs,every_base_component_combination_is_deterministic_bounded_and_has_tradeoffs; embodied_frame_calibrates_assembles_saves_disassembles_and_dismantles_conservatively; every_charm_binds_from_physical_reagents_and_recharges_from_a_vessel; stale_concurrent_and_hostile_frame_requests_cannot_duplicate_or_forge_results,proven,goals 1-8 implementation plus Goal 9 integrated audit,docs/magic-qualification-implementation.md
docs/magic-implements-plan.md:367,Multiplayer and agents,Interest-managed deltas send implement state only where legitimately,5,src/implements.rs; src/world/implements.rs; src/tests/implements.rs,every_base_component_combination_is_deterministic_bounded_and_has_tradeoffs; embodied_frame_calibrates_assembles_saves_disassembles_and_dismantles_conservatively; every_charm_binds_from_physical_reagents_and_recharges_from_a_vessel; stale_concurrent_and_hostile_frame_requests_cannot_duplicate_or_forge_results,proven,goals 1-8 implementation plus Goal 9 integrated audit,docs/magic-qualification-implementation.md
docs/magic-implements-plan.md:369,Multiplayer and agents,Held focus/model and activation events replicate.,5,src/implements.rs; src/world/implements.rs; src/tests/implements.rs,every_base_component_combination_is_deterministic_bounded_and_has_tradeoffs; embodied_frame_calibrates_assembles_saves_disassembles_and_dismantles_conservatively; every_charm_binds_from_physical_reagents_and_recharges_from_a_vessel; stale_concurrent_and_hostile_frame_requests_cannot_duplicate_or_forge_results,proven,goals 1-8 implementation plus Goal 9 integrated audit,docs/magic-qualification-implementation.md
docs/magic-implements-plan.md:370,Multiplayer and agents,Agents manipulate mounts and inventory through the same actions and receive,5,src/implements.rs; src/world/implements.rs; src/tests/implements.rs,every_base_component_combination_is_deterministic_bounded_and_has_tradeoffs; embodied_frame_calibrates_assembles_saves_disassembles_and_dismantles_conservatively; every_charm_binds_from_physical_reagents_and_recharges_from_a_vessel; stale_concurrent_and_hostile_frame_requests_cannot_duplicate_or_forge_results,proven,goals 1-8 implementation plus Goal 9 integrated audit,docs/magic-qualification-implementation.md
docs/magic-implements-plan.md:372,Multiplayer and agents,No client chooses its resolved wand stats or charm effect.,5,src/implements.rs; src/world/implements.rs; src/tests/implements.rs,every_base_component_combination_is_deterministic_bounded_and_has_tradeoffs; embodied_frame_calibrates_assembles_saves_disassembles_and_dismantles_conservatively; every_charm_binds_from_physical_reagents_and_recharges_from_a_vessel; stale_concurrent_and_hostile_frame_requests_cannot_duplicate_or_forge_results,proven,goals 1-8 implementation plus Goal 9 integrated audit,docs/magic-qualification-implementation.md
docs/magic-implements-plan.md:378,Components and lifecycle,Every base component combination resolves deterministically.,5,src/implements.rs; src/world/implements.rs; src/tests/implements.rs,every_base_component_combination_is_deterministic_bounded_and_has_tradeoffs; embodied_frame_calibrates_assembles_saves_disassembles_and_dismantles_conservatively; every_charm_binds_from_physical_reagents_and_recharges_from_a_vessel; stale_concurrent_and_hostile_frame_requests_cannot_duplicate_or_forge_results,proven,goals 1-8 implementation plus Goal 9 integrated audit,docs/magic-qualification-implementation.md
docs/magic-implements-plan.md:379,Components and lifecycle,"Property bounds prevent negative cost, overflow, and infinite capacity.",5,src/implements.rs; src/world/implements.rs; src/tests/implements.rs,every_base_component_combination_is_deterministic_bounded_and_has_tradeoffs; embodied_frame_calibrates_assembles_saves_disassembles_and_dismantles_conservatively; every_charm_binds_from_physical_reagents_and_recharges_from_a_vessel; stale_concurrent_and_hostile_frame_requests_cannot_duplicate_or_forge_results,proven,goals 1-8 implementation plus Goal 9 integrated audit,docs/magic-qualification-implementation.md
docs/magic-implements-plan.md:380,Components and lifecycle,Assemble/disassemble/repair/fail/despawn/fire/lava/save all conserve charge,5,src/implements.rs; src/world/implements.rs; src/tests/implements.rs,every_base_component_combination_is_deterministic_bounded_and_has_tradeoffs; embodied_frame_calibrates_assembles_saves_disassembles_and_dismantles_conservatively; every_charm_binds_from_physical_reagents_and_recharges_from_a_vessel; stale_concurrent_and_hostile_frame_requests_cannot_duplicate_or_forge_results,proven,goals 1-8 implementation plus Goal 9 integrated audit,docs/magic-qualification-implementation.md
docs/magic-implements-plan.md:382,Components and lifecycle,"Stable item ids and charge survive inventory, container, cargo, death,",5,src/implements.rs; src/world/implements.rs; src/tests/implements.rs,every_base_component_combination_is_deterministic_bounded_and_has_tradeoffs; embodied_frame_calibrates_assembles_saves_disassembles_and_dismantles_conservatively; every_charm_binds_from_physical_reagents_and_recharges_from_a_vessel; stale_concurrent_and_hostile_frame_requests_cannot_duplicate_or_forge_results,proven,goals 1-8 implementation plus Goal 9 integrated audit,docs/magic-qualification-implementation.md
docs/magic-implements-plan.md:384,Components and lifecycle,Stack merge/split restrictions prevent laundering state.,5,src/implements.rs; src/world/implements.rs; src/tests/implements.rs,every_base_component_combination_is_deterministic_bounded_and_has_tradeoffs; embodied_frame_calibrates_assembles_saves_disassembles_and_dismantles_conservatively; every_charm_binds_from_physical_reagents_and_recharges_from_a_vessel; stale_concurrent_and_hostile_frame_requests_cannot_duplicate_or_forge_results,proven,goals 1-8 implementation plus Goal 9 integrated audit,docs/magic-qualification-implementation.md
docs/magic-implements-plan.md:388,Charms,Each existing effect remains within its current gameplay cap.,5,src/implements.rs; src/world/implements.rs; src/tests/implements.rs,every_base_component_combination_is_deterministic_bounded_and_has_tradeoffs; embodied_frame_calibrates_assembles_saves_disassembles_and_dismantles_conservatively; every_charm_binds_from_physical_reagents_and_recharges_from_a_vessel; stale_concurrent_and_hostile_frame_requests_cannot_duplicate_or_forge_results,proven,goals 1-8 implementation plus Goal 9 integrated audit,docs/magic-qualification-implementation.md
docs/magic-implements-plan.md:389,Charms,Benefits occur only when sufficient charge is debited.,5,src/implements.rs; src/world/implements.rs; src/tests/implements.rs,every_base_component_combination_is_deterministic_bounded_and_has_tradeoffs; embodied_frame_calibrates_assembles_saves_disassembles_and_dismantles_conservatively; every_charm_binds_from_physical_reagents_and_recharges_from_a_vessel; stale_concurrent_and_hostile_frame_requests_cannot_duplicate_or_forge_results,proven,goals 1-8 implementation plus Goal 9 integrated audit,docs/magic-qualification-implementation.md
docs/magic-implements-plan.md:390,Charms,Depleted charms provide no hidden benefit.,5,src/implements.rs; src/world/implements.rs; src/tests/implements.rs,every_base_component_combination_is_deterministic_bounded_and_has_tradeoffs; embodied_frame_calibrates_assembles_saves_disassembles_and_dismantles_conservatively; every_charm_binds_from_physical_reagents_and_recharges_from_a_vessel; stale_concurrent_and_hostile_frame_requests_cannot_duplicate_or_forge_results,proven,goals 1-8 implementation plus Goal 9 integrated audit,docs/magic-qualification-implementation.md
docs/magic-implements-plan.md:391,Charms,Recharge debits a source and produces declared dross.,5,src/implements.rs; src/world/implements.rs; src/tests/implements.rs,every_base_component_combination_is_deterministic_bounded_and_has_tradeoffs; embodied_frame_calibrates_assembles_saves_disassembles_and_dismantles_conservatively; every_charm_binds_from_physical_reagents_and_recharges_from_a_vessel; stale_concurrent_and_hostile_frame_requests_cannot_duplicate_or_forge_results,proven,goals 1-8 implementation plus Goal 9 integrated audit,docs/magic-qualification-implementation.md
docs/magic-implements-plan.md:392,Charms,Migration is idempotent and ledger-balanced.,5,src/implements.rs; src/world/implements.rs; src/tests/implements.rs,every_base_component_combination_is_deterministic_bounded_and_has_tradeoffs; embodied_frame_calibrates_assembles_saves_disassembles_and_dismantles_conservatively; every_charm_binds_from_physical_reagents_and_recharges_from_a_vessel; stale_concurrent_and_hostile_frame_requests_cannot_duplicate_or_forge_results,proven,goals 1-8 implementation plus Goal 9 integrated audit,docs/magic-qualification-implementation.md
docs/magic-implements-plan.md:393,Charms,One charm slot and non-stacking behavior remain.,5,src/implements.rs; src/world/implements.rs; src/tests/implements.rs,every_base_component_combination_is_deterministic_bounded_and_has_tradeoffs; embodied_frame_calibrates_assembles_saves_disassembles_and_dismantles_conservatively; every_charm_binds_from_physical_reagents_and_recharges_from_a_vessel; stale_concurrent_and_hostile_frame_requests_cannot_duplicate_or_forge_results,proven,goals 1-8 implementation plus Goal 9 integrated audit,docs/magic-qualification-implementation.md
docs/magic-implements-plan.md:397,Apparatus and authority,"Binding-frame multiblock validates, breaks, and reconstructs correctly.",5,src/implements.rs; src/world/implements.rs; src/tests/implements.rs,every_base_component_combination_is_deterministic_bounded_and_has_tradeoffs; embodied_frame_calibrates_assembles_saves_disassembles_and_dismantles_conservatively; every_charm_binds_from_physical_reagents_and_recharges_from_a_vessel; stale_concurrent_and_hostile_frame_requests_cannot_duplicate_or_forge_results,proven,goals 1-8 implementation plus Goal 9 integrated audit,docs/magic-qualification-implementation.md
docs/magic-implements-plan.md:398,Apparatus and authority,"Vessel overfill, leakage, safe discharge, and catastrophic failure balance.",5,src/implements.rs; src/world/implements.rs; src/tests/implements.rs,every_base_component_combination_is_deterministic_bounded_and_has_tradeoffs; embodied_frame_calibrates_assembles_saves_disassembles_and_dismantles_conservatively; every_charm_binds_from_physical_reagents_and_recharges_from_a_vessel; stale_concurrent_and_hostile_frame_requests_cannot_duplicate_or_forge_results,proven,goals 1-8 implementation plus Goal 9 integrated audit,docs/magic-qualification-implementation.md
docs/magic-implements-plan.md:399,Apparatus and authority,"Conductors obey adjacency, throughput, unloaded-boundary, and network-size",5,src/implements.rs; src/world/implements.rs; src/tests/implements.rs,every_base_component_combination_is_deterministic_bounded_and_has_tradeoffs; embodied_frame_calibrates_assembles_saves_disassembles_and_dismantles_conservatively; every_charm_binds_from_physical_reagents_and_recharges_from_a_vessel; stale_concurrent_and_hostile_frame_requests_cannot_duplicate_or_forge_results,proven,goals 1-8 implementation plus Goal 9 integrated audit,docs/magic-qualification-implementation.md
docs/magic-implements-plan.md:401,Apparatus and authority,Concurrent remote operations commit once.,5,src/implements.rs; src/world/implements.rs; src/tests/implements.rs,every_base_component_combination_is_deterministic_bounded_and_has_tradeoffs; embodied_frame_calibrates_assembles_saves_disassembles_and_dismantles_conservatively; every_charm_binds_from_physical_reagents_and_recharges_from_a_vessel; stale_concurrent_and_hostile_frame_requests_cannot_duplicate_or_forge_results,proven,goals 1-8 implementation plus Goal 9 integrated audit,docs/magic-qualification-implementation.md
docs/magic-implements-plan.md:402,Apparatus and authority,"A hostile client cannot forge parts, stats, charge, or frame results.",5,src/implements.rs; src/world/implements.rs; src/tests/implements.rs,every_base_component_combination_is_deterministic_bounded_and_has_tradeoffs; embodied_frame_calibrates_assembles_saves_disassembles_and_dismantles_conservatively; every_charm_binds_from_physical_reagents_and_recharges_from_a_vessel; stale_concurrent_and_hostile_frame_requests_cannot_duplicate_or_forge_results,proven,goals 1-8 implementation plus Goal 9 integrated audit,docs/magic-qualification-implementation.md
docs/magic-implements-plan.md:403,Apparatus and authority,Agents can complete the same bounded assembly sequence.,5,src/implements.rs; src/world/implements.rs; src/tests/implements.rs,every_base_component_combination_is_deterministic_bounded_and_has_tradeoffs; embodied_frame_calibrates_assembles_saves_disassembles_and_dismantles_conservatively; every_charm_binds_from_physical_reagents_and_recharges_from_a_vessel; stale_concurrent_and_hostile_frame_requests_cannot_duplicate_or_forge_results,proven,goals 1-8 implementation plus Goal 9 integrated audit,docs/magic-qualification-implementation.md
docs/magic-implements-plan.md:407,"Mods, visuals, and budgets",Valid fixture components/charms use the shared resolver.,5,src/implements.rs; src/world/implements.rs; src/tests/implements.rs,every_base_component_combination_is_deterministic_bounded_and_has_tradeoffs; embodied_frame_calibrates_assembles_saves_disassembles_and_dismantles_conservatively; every_charm_binds_from_physical_reagents_and_recharges_from_a_vessel; stale_concurrent_and_hostile_frame_requests_cannot_duplicate_or_forge_results,proven,goals 1-8 implementation plus Goal 9 integrated audit,docs/magic-qualification-implementation.md
docs/magic-implements-plan.md:408,"Mods, visuals, and budgets",Invalid raw effects and unbounded combinations fail content validation.,5,src/implements.rs; src/world/implements.rs; src/tests/implements.rs,every_base_component_combination_is_deterministic_bounded_and_has_tradeoffs; embodied_frame_calibrates_assembles_saves_disassembles_and_dismantles_conservatively; every_charm_binds_from_physical_reagents_and_recharges_from_a_vessel; stale_concurrent_and_hostile_frame_requests_cannot_duplicate_or_forge_results,proven,goals 1-8 implementation plus Goal 9 integrated audit,docs/magic-qualification-implementation.md
docs/magic-implements-plan.md:409,"Mods, visuals, and budgets",Every base implement has procedural fallback and content-pack art.,5,src/implements.rs; src/world/implements.rs; src/tests/implements.rs,every_base_component_combination_is_deterministic_bounded_and_has_tradeoffs; embodied_frame_calibrates_assembles_saves_disassembles_and_dismantles_conservatively; every_charm_binds_from_physical_reagents_and_recharges_from_a_vessel; stale_concurrent_and_hostile_frame_requests_cannot_duplicate_or_forge_results,proven,goals 1-8 implementation plus Goal 9 integrated audit,docs/magic-qualification-implementation.md
docs/magic-implements-plan.md:410,"Mods, visuals, and budgets",Held/local/remote models and state cues match authority.,5,src/implements.rs; src/world/implements.rs; src/tests/implements.rs,every_base_component_combination_is_deterministic_bounded_and_has_tradeoffs; embodied_frame_calibrates_assembles_saves_disassembles_and_dismantles_conservatively; every_charm_binds_from_physical_reagents_and_recharges_from_a_vessel; stale_concurrent_and_hostile_frame_requests_cannot_duplicate_or_forge_results,proven,goals 1-8 implementation plus Goal 9 integrated audit,docs/magic-qualification-implementation.md
docs/magic-implements-plan.md:411,"Mods, visuals, and budgets","Network solve, save size, item metadata, and transfer costs meet measured",5,src/implements.rs; src/world/implements.rs; src/tests/implements.rs,every_base_component_combination_is_deterministic_bounded_and_has_tradeoffs; embodied_frame_calibrates_assembles_saves_disassembles_and_dismantles_conservatively; every_charm_binds_from_physical_reagents_and_recharges_from_a_vessel; stale_concurrent_and_hostile_frame_requests_cannot_duplicate_or_forge_results,proven,goals 1-8 implementation plus Goal 9 integrated audit,docs/magic-qualification-implementation.md
docs/magic-implements-plan.md:418,Completion criteria,"the existing three charms have craftable, charged, conserved lifecycles,",5,src/implements.rs; src/world/implements.rs; src/tests/implements.rs,every_base_component_combination_is_deterministic_bounded_and_has_tradeoffs; embodied_frame_calibrates_assembles_saves_disassembles_and_dismantles_conservatively; every_charm_binds_from_physical_reagents_and_recharges_from_a_vessel; stale_concurrent_and_hostile_frame_requests_cannot_duplicate_or_forge_results,proven,goals 1-8 implementation plus Goal 9 integrated audit,docs/magic-qualification-implementation.md
docs/magic-implements-plan.md:419,Completion criteria,"component-built wands offer meaningful tradeoffs without a best tier,",5,src/implements.rs; src/world/implements.rs; src/tests/implements.rs,every_base_component_combination_is_deterministic_bounded_and_has_tradeoffs; embodied_frame_calibrates_assembles_saves_disassembles_and_dismantles_conservatively; every_charm_binds_from_physical_reagents_and_recharges_from_a_vessel; stale_concurrent_and_hostile_frame_requests_cannot_duplicate_or_forge_results,proven,goals 1-8 implementation plus Goal 9 integrated audit,docs/magic-qualification-implementation.md
docs/magic-implements-plan.md:420,Completion criteria,"frames, vessels, conductors, containment, repair, and salvage are embodied",5,src/implements.rs; src/world/implements.rs; src/tests/implements.rs,every_base_component_combination_is_deterministic_bounded_and_has_tradeoffs; embodied_frame_calibrates_assembles_saves_disassembles_and_dismantles_conservatively; every_charm_binds_from_physical_reagents_and_recharges_from_a_vessel; stale_concurrent_and_hostile_frame_requests_cannot_duplicate_or_forge_results,proven,goals 1-8 implementation plus Goal 9 integrated audit,docs/magic-qualification-implementation.md
docs/magic-implements-plan.md:422,Completion criteria,"no implement recharges, activates, fails, or disappears outside the ledger,",5,src/implements.rs; src/world/implements.rs; src/tests/implements.rs,every_base_component_combination_is_deterministic_bounded_and_has_tradeoffs; embodied_frame_calibrates_assembles_saves_disassembles_and_dismantles_conservatively; every_charm_binds_from_physical_reagents_and_recharges_from_a_vessel; stale_concurrent_and_hostile_frame_requests_cannot_duplicate_or_forge_results,proven,goals 1-8 implementation plus Goal 9 integrated audit,docs/magic-qualification-implementation.md
docs/magic-implements-plan.md:423,Completion criteria,"UI, art, audio, multiplayer, agents, mods, and migration work,",5,src/implements.rs; src/world/implements.rs; src/tests/implements.rs,every_base_component_combination_is_deterministic_bounded_and_has_tradeoffs; embodied_frame_calibrates_assembles_saves_disassembles_and_dismantles_conservatively; every_charm_binds_from_physical_reagents_and_recharges_from_a_vessel; stale_concurrent_and_hostile_frame_requests_cannot_duplicate_or_forge_results,proven,goals 1-8 implementation plus Goal 9 integrated audit,docs/magic-qualification-implementation.md
docs/magic-implements-plan.md:424,Completion criteria,"all lifecycle, concurrency, authority, balance, performance, and repository",5,src/implements.rs; src/world/implements.rs; src/tests/implements.rs,every_base_component_combination_is_deterministic_bounded_and_has_tradeoffs; embodied_frame_calibrates_assembles_saves_disassembles_and_dismantles_conservatively; every_charm_binds_from_physical_reagents_and_recharges_from_a_vessel; stale_concurrent_and_hostile_frame_requests_cannot_duplicate_or_forge_results,proven,goals 1-8 implementation plus Goal 9 integrated audit,docs/magic-qualification-implementation.md
docs/magic-implements-plan.md:catalog-1,named catalog,apparatus: binding frame,5,src/implements.rs; src/world/implements.rs; src/tests/implements.rs,every_base_component_combination_is_deterministic_bounded_and_has_tradeoffs; embodied_frame_calibrates_assembles_saves_disassembles_and_dismantles_conservatively; every_charm_binds_from_physical_reagents_and_recharges_from_a_vessel; stale_concurrent_and_hostile_frame_requests_cannot_duplicate_or_forge_results,proven,goals 1-8 implementation plus Goal 9 integrated audit,docs/magic-qualification-implementation.md
docs/magic-implements-plan.md:catalog-2,named catalog,apparatus: charge vessel,5,src/implements.rs; src/world/implements.rs; src/tests/implements.rs,every_base_component_combination_is_deterministic_bounded_and_has_tradeoffs; embodied_frame_calibrates_assembles_saves_disassembles_and_dismantles_conservatively; every_charm_binds_from_physical_reagents_and_recharges_from_a_vessel; stale_concurrent_and_hostile_frame_requests_cannot_duplicate_or_forge_results,proven,goals 1-8 implementation plus Goal 9 integrated audit,docs/magic-qualification-implementation.md
docs/magic-implements-plan.md:catalog-3,named catalog,apparatus: conductor,5,src/implements.rs; src/world/implements.rs; src/tests/implements.rs,every_base_component_combination_is_deterministic_bounded_and_has_tradeoffs; embodied_frame_calibrates_assembles_saves_disassembles_and_dismantles_conservatively; every_charm_binds_from_physical_reagents_and_recharges_from_a_vessel; stale_concurrent_and_hostile_frame_requests_cannot_duplicate_or_forge_results,proven,goals 1-8 implementation plus Goal 9 integrated audit,docs/magic-qualification-implementation.md
docs/magic-implements-plan.md:catalog-4,named catalog,implement: wand,5,src/implements.rs; src/world/implements.rs; src/tests/implements.rs,every_base_component_combination_is_deterministic_bounded_and_has_tradeoffs; embodied_frame_calibrates_assembles_saves_disassembles_and_dismantles_conservatively; every_charm_binds_from_physical_reagents_and_recharges_from_a_vessel; stale_concurrent_and_hostile_frame_requests_cannot_duplicate_or_forge_results,proven,goals 1-8 implementation plus Goal 9 integrated audit,docs/magic-qualification-implementation.md
docs/magic-implements-plan.md:catalog-5,named catalog,charm: Quiet,5,src/implements.rs; src/world/implements.rs; src/tests/implements.rs,every_base_component_combination_is_deterministic_bounded_and_has_tradeoffs; embodied_frame_calibrates_assembles_saves_disassembles_and_dismantles_conservatively; every_charm_binds_from_physical_reagents_and_recharges_from_a_vessel; stale_concurrent_and_hostile_frame_requests_cannot_duplicate_or_forge_results,proven,goals 1-8 implementation plus Goal 9 integrated audit,docs/magic-qualification-implementation.md
docs/magic-implements-plan.md:catalog-6,named catalog,charm: Bark,5,src/implements.rs; src/world/implements.rs; src/tests/implements.rs,every_base_component_combination_is_deterministic_bounded_and_has_tradeoffs; embodied_frame_calibrates_assembles_saves_disassembles_and_dismantles_conservatively; every_charm_binds_from_physical_reagents_and_recharges_from_a_vessel; stale_concurrent_and_hostile_frame_requests_cannot_duplicate_or_forge_results,proven,goals 1-8 implementation plus Goal 9 integrated audit,docs/magic-qualification-implementation.md
docs/magic-implements-plan.md:catalog-7,named catalog,charm: Slow Hunger,5,src/implements.rs; src/world/implements.rs; src/tests/implements.rs,every_base_component_combination_is_deterministic_bounded_and_has_tradeoffs; embodied_frame_calibrates_assembles_saves_disassembles_and_dismantles_conservatively; every_charm_binds_from_physical_reagents_and_recharges_from_a_vessel; stale_concurrent_and_hostile_frame_requests_cannot_duplicate_or_forge_results,proven,goals 1-8 implementation plus Goal 9 integrated audit,docs/magic-qualification-implementation.md
docs/magic-implements-plan.md:catalog-8,named catalog,command: --implements-audit,5,src/implements.rs; src/world/implements.rs; src/tests/implements.rs,every_base_component_combination_is_deterministic_bounded_and_has_tradeoffs; embodied_frame_calibrates_assembles_saves_disassembles_and_dismantles_conservatively; every_charm_binds_from_physical_reagents_and_recharges_from_a_vessel; stale_concurrent_and_hostile_frame_requests_cannot_duplicate_or_forge_results,proven,goals 1-8 implementation plus Goal 9 integrated audit,docs/magic-qualification-implementation.md
docs/magic-workings-plan.md:30,Implementation record — 2026-08-03,Trace requires a real fitted tuning lens and reports only bounded local,6,src/workings.rs; src/world/workings.rs; base/workings.toml; src/tests/workings.rs,base_roster_is_eight_wand_workings_and_four_rituals; every_magical_route_keeps_a_bounded_niche_below_bulk_technology; draw_and_ordinary_flow_conserve_exact_heat_dross_and_fixed_point_remainders; crash_after_current_settlement_replays_world_effect_exactly_once_on_restart; ward_is_closed_supplied_ire_costed_and_breaks_without_rewriting_construction,proven,goals 1-8 implementation plus Goal 9 integrated audit,docs/magic-qualification-implementation.md
docs/magic-workings-plan.md:33,Implementation record — 2026-08-03,"Kindle delegates ignition, fuel, spread, provenance, and liability to the",6,src/workings.rs; src/world/workings.rs; base/workings.toml; src/tests/workings.rs,base_roster_is_eight_wand_workings_and_four_rituals; every_magical_route_keeps_a_bounded_niche_below_bulk_technology; draw_and_ordinary_flow_conserve_exact_heat_dross_and_fixed_point_remainders; crash_after_current_settlement_replays_world_effect_exactly_once_on_restart; ward_is_closed_supplied_ire_costed_and_breaks_without_rewriting_construction,proven,goals 1-8 implementation plus Goal 9 integrated audit,docs/magic-qualification-implementation.md
docs/magic-workings-plan.md:37,Implementation record — 2026-08-03,"Rootwake advances one declared biological interval only after climate,",6,src/workings.rs; src/world/workings.rs; base/workings.toml; src/tests/workings.rs,base_roster_is_eight_wand_workings_and_four_rituals; every_magical_route_keeps_a_bounded_niche_below_bulk_technology; draw_and_ordinary_flow_conserve_exact_heat_dross_and_fixed_point_remainders; crash_after_current_settlement_replays_world_effect_exactly_once_on_restart; ward_is_closed_supplied_ire_costed_and_breaks_without_rewriting_construction,proven,goals 1-8 implementation plus Goal 9 integrated audit,docs/magic-qualification-implementation.md
docs/magic-workings-plan.md:42,Implementation record — 2026-08-03,"Fieldmend consumes matching finite material, caps restoration at original",6,src/workings.rs; src/world/workings.rs; base/workings.toml; src/tests/workings.rs,base_roster_is_eight_wand_workings_and_four_rituals; every_magical_route_keeps_a_bounded_niche_below_bulk_technology; draw_and_ordinary_flow_conserve_exact_heat_dross_and_fixed_point_remainders; crash_after_current_settlement_replays_world_effect_exactly_once_on_restart; ward_is_closed_supplied_ire_costed_and_breaks_without_rewriting_construction,proven,goals 1-8 implementation plus Goal 9 integrated audit,docs/magic-qualification-implementation.md
docs/magic-workings-plan.md:47,Implementation record — 2026-08-03,Transfer Circle conservatively relocates adjacent mounted charge. Rooting,6,src/workings.rs; src/world/workings.rs; base/workings.toml; src/tests/workings.rs,base_roster_is_eight_wand_workings_and_four_rituals; every_magical_route_keeps_a_bounded_niche_below_bulk_technology; draw_and_ordinary_flow_conserve_exact_heat_dross_and_fixed_point_remainders; crash_after_current_settlement_replays_world_effect_exactly_once_on_restart; ward_is_closed_supplied_ire_costed_and_breaks_without_rewriting_construction,proven,goals 1-8 implementation plus Goal 9 integrated audit,docs/magic-qualification-implementation.md
docs/magic-workings-plan.md:93,Wand working,"Fast, local, flexible, and relatively inefficient.",6,src/workings.rs; src/world/workings.rs; base/workings.toml; src/tests/workings.rs,base_roster_is_eight_wand_workings_and_four_rituals; every_magical_route_keeps_a_bounded_niche_below_bulk_technology; draw_and_ordinary_flow_conserve_exact_heat_dross_and_fixed_point_remainders; crash_after_current_settlement_replays_world_effect_exactly_once_on_restart; ward_is_closed_supplied_ire_costed_and_breaks_without_rewriting_construction,proven,goals 1-8 implementation plus Goal 9 integrated audit,docs/magic-qualification-implementation.md
docs/magic-workings-plan.md:94,Wand working,Draws from the wand buffer and optionally measured local Ambient Current.,6,src/workings.rs; src/world/workings.rs; base/workings.toml; src/tests/workings.rs,base_roster_is_eight_wand_workings_and_four_rituals; every_magical_route_keeps_a_bounded_niche_below_bulk_technology; draw_and_ordinary_flow_conserve_exact_heat_dross_and_fixed_point_remainders; crash_after_current_settlement_replays_world_effect_exactly_once_on_restart; ward_is_closed_supplied_ire_costed_and_breaks_without_rewriting_construction,proven,goals 1-8 implementation plus Goal 9 integrated audit,docs/magic-qualification-implementation.md
docs/magic-workings-plan.md:95,Wand working,Produces more strain/dross per unit of effect.,6,src/workings.rs; src/world/workings.rs; base/workings.toml; src/tests/workings.rs,base_roster_is_eight_wand_workings_and_four_rituals; every_magical_route_keeps_a_bounded_niche_below_bulk_technology; draw_and_ordinary_flow_conserve_exact_heat_dross_and_fixed_point_remainders; crash_after_current_settlement_replays_world_effect_exactly_once_on_restart; ward_is_closed_supplied_ire_costed_and_breaks_without_rewriting_construction,proven,goals 1-8 implementation plus Goal 9 integrated audit,docs/magic-qualification-implementation.md
docs/magic-workings-plan.md:96,Wand working,"Limited by focus, line of sight, range, safe throughput, and player action.",6,src/workings.rs; src/world/workings.rs; base/workings.toml; src/tests/workings.rs,base_roster_is_eight_wand_workings_and_four_rituals; every_magical_route_keeps_a_bounded_niche_below_bulk_technology; draw_and_ordinary_flow_conserve_exact_heat_dross_and_fixed_point_remainders; crash_after_current_settlement_replays_world_effect_exactly_once_on_restart; ward_is_closed_supplied_ire_costed_and_breaks_without_rewriting_construction,proven,goals 1-8 implementation plus Goal 9 integrated audit,docs/magic-qualification-implementation.md
docs/magic-workings-plan.md:100,Constructed ritual,"A validated arrangement of blocks, vessels, conductors, focus objects, and",6,src/workings.rs; src/world/workings.rs; base/workings.toml; src/tests/workings.rs,base_roster_is_eight_wand_workings_and_four_rituals; every_magical_route_keeps_a_bounded_niche_below_bulk_technology; draw_and_ordinary_flow_conserve_exact_heat_dross_and_fixed_point_remainders; crash_after_current_settlement_replays_world_effect_exactly_once_on_restart; ward_is_closed_supplied_ire_costed_and_breaks_without_rewriting_construction,proven,goals 1-8 implementation plus Goal 9 integrated audit,docs/magic-qualification-implementation.md
docs/magic-workings-plan.md:102,Constructed ritual,"Slow, visible, interruptible, and more efficient.",6,src/workings.rs; src/world/workings.rs; base/workings.toml; src/tests/workings.rs,base_roster_is_eight_wand_workings_and_four_rituals; every_magical_route_keeps_a_bounded_niche_below_bulk_technology; draw_and_ordinary_flow_conserve_exact_heat_dross_and_fixed_point_remainders; crash_after_current_settlement_replays_world_effect_exactly_once_on_restart; ward_is_closed_supplied_ire_costed_and_breaks_without_rewriting_construction,proven,goals 1-8 implementation plus Goal 9 integrated audit,docs/magic-qualification-implementation.md
docs/magic-workings-plan.md:103,Constructed ritual,Can affect a larger bounded target only because its material structure and,6,src/workings.rs; src/world/workings.rs; base/workings.toml; src/tests/workings.rs,base_roster_is_eight_wand_workings_and_four_rituals; every_magical_route_keeps_a_bounded_niche_below_bulk_technology; draw_and_ordinary_flow_conserve_exact_heat_dross_and_fixed_point_remainders; crash_after_current_settlement_replays_world_effect_exactly_once_on_restart; ward_is_closed_supplied_ire_costed_and_breaks_without_rewriting_construction,proven,goals 1-8 implementation plus Goal 9 integrated audit,docs/magic-qualification-implementation.md
docs/magic-workings-plan.md:105,Constructed ritual,"Remains in the world as infrastructure others can inspect, regulate,",6,src/workings.rs; src/world/workings.rs; base/workings.toml; src/tests/workings.rs,base_roster_is_eight_wand_workings_and_four_rituals; every_magical_route_keeps_a_bounded_niche_below_bulk_technology; draw_and_ordinary_flow_conserve_exact_heat_dross_and_fixed_point_remainders; crash_after_current_settlement_replays_world_effect_exactly_once_on_restart; ward_is_closed_supplied_ire_costed_and_breaks_without_rewriting_construction,proven,goals 1-8 implementation plus Goal 9 integrated audit,docs/magic-qualification-implementation.md
docs/magic-workings-plan.md:110,Passive binding,Charms and later bound tools react to narrow conditions.,6,src/workings.rs; src/world/workings.rs; base/workings.toml; src/tests/workings.rs,base_roster_is_eight_wand_workings_and_four_rituals; every_magical_route_keeps_a_bounded_niche_below_bulk_technology; draw_and_ordinary_flow_conserve_exact_heat_dross_and_fixed_point_remainders; crash_after_current_settlement_replays_world_effect_exactly_once_on_restart; ward_is_closed_supplied_ire_costed_and_breaks_without_rewriting_construction,proven,goals 1-8 implementation plus Goal 9 integrated audit,docs/magic-qualification-implementation.md
docs/magic-workings-plan.md:111,Passive binding,Effects are modest and debit charge only while doing real work.,6,src/workings.rs; src/world/workings.rs; base/workings.toml; src/tests/workings.rs,base_roster_is_eight_wand_workings_and_four_rituals; every_magical_route_keeps_a_bounded_niche_below_bulk_technology; draw_and_ordinary_flow_conserve_exact_heat_dross_and_fixed_point_remainders; crash_after_current_settlement_replays_world_effect_exactly_once_on_restart; ward_is_closed_supplied_ire_costed_and_breaks_without_rewriting_construction,proven,goals 1-8 implementation plus Goal 9 integrated audit,docs/magic-qualification-implementation.md
docs/magic-workings-plan.md:112,Passive binding,No passive binding grants an unconditional permanent stat.,6,src/workings.rs; src/world/workings.rs; base/workings.toml; src/tests/workings.rs,base_roster_is_eight_wand_workings_and_four_rituals; every_magical_route_keeps_a_bounded_niche_below_bulk_technology; draw_and_ordinary_flow_conserve_exact_heat_dross_and_fixed_point_remainders; crash_after_current_settlement_replays_world_effect_exactly_once_on_restart; ward_is_closed_supplied_ire_costed_and_breaks_without_rewriting_construction,proven,goals 1-8 implementation plus Goal 9 integrated audit,docs/magic-qualification-implementation.md
docs/magic-workings-plan.md:161,Cost and strain,"resonance mismatch,",6,src/workings.rs; src/world/workings.rs; base/workings.toml; src/tests/workings.rs,base_roster_is_eight_wand_workings_and_four_rituals; every_magical_route_keeps_a_bounded_niche_below_bulk_technology; draw_and_ordinary_flow_conserve_exact_heat_dross_and_fixed_point_remainders; crash_after_current_settlement_replays_world_effect_exactly_once_on_restart; ward_is_closed_supplied_ire_costed_and_breaks_without_rewriting_construction,proven,goals 1-8 implementation plus Goal 9 integrated audit,docs/magic-qualification-implementation.md
docs/magic-workings-plan.md:162,Cost and strain,"poor component stability,",6,src/workings.rs; src/world/workings.rs; base/workings.toml; src/tests/workings.rs,base_roster_is_eight_wand_workings_and_four_rituals; every_magical_route_keeps_a_bounded_niche_below_bulk_technology; draw_and_ordinary_flow_conserve_exact_heat_dross_and_fixed_point_remainders; crash_after_current_settlement_replays_world_effect_exactly_once_on_restart; ward_is_closed_supplied_ire_costed_and_breaks_without_rewriting_construction,proven,goals 1-8 implementation plus Goal 9 integrated audit,docs/magic-qualification-implementation.md
docs/magic-workings-plan.md:163,Cost and strain,"transfer above safe throughput,",6,src/workings.rs; src/world/workings.rs; base/workings.toml; src/tests/workings.rs,base_roster_is_eight_wand_workings_and_four_rituals; every_magical_route_keeps_a_bounded_niche_below_bulk_technology; draw_and_ordinary_flow_conserve_exact_heat_dross_and_fixed_point_remainders; crash_after_current_settlement_replays_world_effect_exactly_once_on_restart; ward_is_closed_supplied_ire_costed_and_breaks_without_rewriting_construction,proven,goals 1-8 implementation plus Goal 9 integrated audit,docs/magic-qualification-implementation.md
docs/magic-workings-plan.md:164,Cost and strain,"low local capacity,",6,src/workings.rs; src/world/workings.rs; base/workings.toml; src/tests/workings.rs,base_roster_is_eight_wand_workings_and_four_rituals; every_magical_route_keeps_a_bounded_niche_below_bulk_technology; draw_and_ordinary_flow_conserve_exact_heat_dross_and_fixed_point_remainders; crash_after_current_settlement_replays_world_effect_exactly_once_on_restart; ward_is_closed_supplied_ire_costed_and_breaks_without_rewriting_construction,proven,goals 1-8 implementation plus Goal 9 integrated audit,docs/magic-qualification-implementation.md
docs/magic-workings-plan.md:165,Cost and strain,"drawing a cell below its safe floor,",6,src/workings.rs; src/world/workings.rs; base/workings.toml; src/tests/workings.rs,base_roster_is_eight_wand_workings_and_four_rituals; every_magical_route_keeps_a_bounded_niche_below_bulk_technology; draw_and_ordinary_flow_conserve_exact_heat_dross_and_fixed_point_remainders; crash_after_current_settlement_replays_world_effect_exactly_once_on_restart; ward_is_closed_supplied_ire_costed_and_breaks_without_rewriting_construction,proven,goals 1-8 implementation plus Goal 9 integrated audit,docs/magic-qualification-implementation.md
docs/magic-workings-plan.md:166,Cost and strain,"damaged/contaminated apparatus,",6,src/workings.rs; src/world/workings.rs; base/workings.toml; src/tests/workings.rs,base_roster_is_eight_wand_workings_and_four_rituals; every_magical_route_keeps_a_bounded_niche_below_bulk_technology; draw_and_ordinary_flow_conserve_exact_heat_dross_and_fixed_point_remainders; crash_after_current_settlement_replays_world_effect_exactly_once_on_restart; ward_is_closed_supplied_ire_costed_and_breaks_without_rewriting_construction,proven,goals 1-8 implementation plus Goal 9 integrated audit,docs/magic-qualification-implementation.md
docs/magic-workings-plan.md:167,Cost and strain,"interruption,",6,src/workings.rs; src/world/workings.rs; base/workings.toml; src/tests/workings.rs,base_roster_is_eight_wand_workings_and_four_rituals; every_magical_route_keeps_a_bounded_niche_below_bulk_technology; draw_and_ordinary_flow_conserve_exact_heat_dross_and_fixed_point_remainders; crash_after_current_settlement_replays_world_effect_exactly_once_on_restart; ward_is_closed_supplied_ire_costed_and_breaks_without_rewriting_construction,proven,goals 1-8 implementation plus Goal 9 integrated audit,docs/magic-qualification-implementation.md
docs/magic-workings-plan.md:168,Cost and strain,intentionally forced overdraw.,6,src/workings.rs; src/world/workings.rs; base/workings.toml; src/tests/workings.rs,base_roster_is_eight_wand_workings_and_four_rituals; every_magical_route_keeps_a_bounded_niche_below_bulk_technology; draw_and_ordinary_flow_conserve_exact_heat_dross_and_fixed_point_remainders; crash_after_current_settlement_replays_world_effect_exactly_once_on_restart; ward_is_closed_supplied_ire_costed_and_breaks_without_rewriting_construction,proven,goals 1-8 implementation plus Goal 9 integrated audit,docs/magic-qualification-implementation.md
docs/magic-workings-plan.md:182,Trace,"reveals weak drift, wakes, charge leakage, and recent working traces,",6,src/workings.rs; src/world/workings.rs; base/workings.toml; src/tests/workings.rs,base_roster_is_eight_wand_workings_and_four_rituals; every_magical_route_keeps_a_bounded_niche_below_bulk_technology; draw_and_ordinary_flow_conserve_exact_heat_dross_and_fixed_point_remainders; crash_after_current_settlement_replays_world_effect_exactly_once_on_restart; ward_is_closed_supplied_ire_costed_and_breaks_without_rewriting_construction,proven,goals 1-8 implementation plus Goal 9 integrated audit,docs/magic-qualification-implementation.md
docs/magic-workings-plan.md:183,Trace,"improves uncertainty within normal instrument limits,",6,src/workings.rs; src/world/workings.rs; base/workings.toml; src/tests/workings.rs,base_roster_is_eight_wand_workings_and_four_rituals; every_magical_route_keeps_a_bounded_niche_below_bulk_technology; draw_and_ordinary_flow_conserve_exact_heat_dross_and_fixed_point_remainders; crash_after_current_settlement_replays_world_effect_exactly_once_on_restart; ward_is_closed_supplied_ire_costed_and_breaks_without_rewriting_construction,proven,goals 1-8 implementation plus Goal 9 integrated audit,docs/magic-qualification-implementation.md
docs/magic-workings-plan.md:184,Trace,"does not expose global maps, exact historic actions, inventories, or ore",6,src/workings.rs; src/world/workings.rs; base/workings.toml; src/tests/workings.rs,base_roster_is_eight_wand_workings_and_four_rituals; every_magical_route_keeps_a_bounded_niche_below_bulk_technology; draw_and_ordinary_flow_conserve_exact_heat_dross_and_fixed_point_remainders; crash_after_current_settlement_replays_world_effect_exactly_once_on_restart; ward_is_closed_supplied_ire_costed_and_breaks_without_rewriting_construction,proven,goals 1-8 implementation plus Goal 9 integrated audit,docs/magic-qualification-implementation.md
docs/magic-workings-plan.md:186,Trace,reserves charge while active and returns/disorders it at completion.,6,src/workings.rs; src/world/workings.rs; base/workings.toml; src/tests/workings.rs,base_roster_is_eight_wand_workings_and_four_rituals; every_magical_route_keeps_a_bounded_niche_below_bulk_technology; draw_and_ordinary_flow_conserve_exact_heat_dross_and_fixed_point_remainders; crash_after_current_settlement_replays_world_effect_exactly_once_on_restart; ward_is_closed_supplied_ire_costed_and_breaks_without_rewriting_construction,proven,goals 1-8 implementation plus Goal 9 integrated audit,docs/magic-qualification-implementation.md
docs/magic-workings-plan.md:195,Gleam,"creates no item or permanent light block,",6,src/workings.rs; src/world/workings.rs; base/workings.toml; src/tests/workings.rs,base_roster_is_eight_wand_workings_and_four_rituals; every_magical_route_keeps_a_bounded_niche_below_bulk_technology; draw_and_ordinary_flow_conserve_exact_heat_dross_and_fixed_point_remainders; crash_after_current_settlement_replays_world_effect_exactly_once_on_restart; ward_is_closed_supplied_ire_costed_and_breaks_without_rewriting_construction,proven,goals 1-8 implementation plus Goal 9 integrated audit,docs/magic-qualification-implementation.md
docs/magic-workings-plan.md:196,Gleam,"holds Current in the active effect while lit,",6,src/workings.rs; src/world/workings.rs; base/workings.toml; src/tests/workings.rs,base_roster_is_eight_wand_workings_and_four_rituals; every_magical_route_keeps_a_bounded_niche_below_bulk_technology; draw_and_ordinary_flow_conserve_exact_heat_dross_and_fixed_point_remainders; crash_after_current_settlement_replays_world_effect_exactly_once_on_restart; ward_is_closed_supplied_ire_costed_and_breaks_without_rewriting_construction,proven,goals 1-8 implementation plus Goal 9 integrated audit,docs/magic-qualification-implementation.md
docs/magic-workings-plan.md:197,Gleam,"ends immediately when released/depleted/out of range,",6,src/workings.rs; src/world/workings.rs; base/workings.toml; src/tests/workings.rs,base_roster_is_eight_wand_workings_and_four_rituals; every_magical_route_keeps_a_bounded_niche_below_bulk_technology; draw_and_ordinary_flow_conserve_exact_heat_dross_and_fixed_point_remainders; crash_after_current_settlement_replays_world_effect_exactly_once_on_restart; ward_is_closed_supplied_ire_costed_and_breaks_without_rewriting_construction,proven,goals 1-8 implementation plus Goal 9 integrated audit,docs/magic-qualification-implementation.md
docs/magic-workings-plan.md:198,Gleam,"produces a small dross remainder,",6,src/workings.rs; src/world/workings.rs; base/workings.toml; src/tests/workings.rs,base_roster_is_eight_wand_workings_and_four_rituals; every_magical_route_keeps_a_bounded_niche_below_bulk_technology; draw_and_ordinary_flow_conserve_exact_heat_dross_and_fixed_point_remainders; crash_after_current_settlement_replays_world_effect_exactly_once_on_restart; ward_is_closed_supplied_ire_costed_and_breaks_without_rewriting_construction,proven,goals 1-8 implementation plus Goal 9 integrated audit,docs/magic-qualification-implementation.md
docs/magic-workings-plan.md:199,Gleam,never outperforms torches for permanent cheap illumination.,6,src/workings.rs; src/world/workings.rs; base/workings.toml; src/tests/workings.rs,base_roster_is_eight_wand_workings_and_four_rituals; every_magical_route_keeps_a_bounded_niche_below_bulk_technology; draw_and_ordinary_flow_conserve_exact_heat_dross_and_fixed_point_remainders; crash_after_current_settlement_replays_world_effect_exactly_once_on_restart; ward_is_closed_supplied_ire_costed_and_breaks_without_rewriting_construction,proven,goals 1-8 implementation plus Goal 9 integrated audit,docs/magic-qualification-implementation.md
docs/magic-workings-plan.md:205,Kindle,"target must pass the ordinary fire ignition rules,",6,src/workings.rs; src/world/workings.rs; base/workings.toml; src/tests/workings.rs,base_roster_is_eight_wand_workings_and_four_rituals; every_magical_route_keeps_a_bounded_niche_below_bulk_technology; draw_and_ordinary_flow_conserve_exact_heat_dross_and_fixed_point_remainders; crash_after_current_settlement_replays_world_effect_exactly_once_on_restart; ward_is_closed_supplied_ire_costed_and_breaks_without_rewriting_construction,proven,goals 1-8 implementation plus Goal 9 integrated audit,docs/magic-qualification-implementation.md
docs/magic-workings-plan.md:206,Kindle,"Current supplies only the initial heat,",6,src/workings.rs; src/world/workings.rs; base/workings.toml; src/tests/workings.rs,base_roster_is_eight_wand_workings_and_four_rituals; every_magical_route_keeps_a_bounded_niche_below_bulk_technology; draw_and_ordinary_flow_conserve_exact_heat_dross_and_fixed_point_remainders; crash_after_current_settlement_replays_world_effect_exactly_once_on_restart; ward_is_closed_supplied_ire_costed_and_breaks_without_rewriting_construction,proven,goals 1-8 implementation plus Goal 9 integrated audit,docs/magic-qualification-implementation.md
docs/magic-workings-plan.md:207,Kindle,"subsequent flame consumes ordinary fuel and keeps existing provenance,",6,src/workings.rs; src/world/workings.rs; base/workings.toml; src/tests/workings.rs,base_roster_is_eight_wand_workings_and_four_rituals; every_magical_route_keeps_a_bounded_niche_below_bulk_technology; draw_and_ordinary_flow_conserve_exact_heat_dross_and_fixed_point_remainders; crash_after_current_settlement_replays_world_effect_exactly_once_on_restart; ward_is_closed_supplied_ire_costed_and_breaks_without_rewriting_construction,proven,goals 1-8 implementation plus Goal 9 integrated audit,docs/magic-qualification-implementation.md
docs/magic-workings-plan.md:208,Kindle,"wet/noncombustible/unsupported targets refuse,",6,src/workings.rs; src/world/workings.rs; base/workings.toml; src/tests/workings.rs,base_roster_is_eight_wand_workings_and_four_rituals; every_magical_route_keeps_a_bounded_niche_below_bulk_technology; draw_and_ordinary_flow_conserve_exact_heat_dross_and_fixed_point_remainders; crash_after_current_settlement_replays_world_effect_exactly_once_on_restart; ward_is_closed_supplied_ire_costed_and_breaks_without_rewriting_construction,proven,goals 1-8 implementation plus Goal 9 integrated audit,docs/magic-qualification-implementation.md
docs/magic-workings-plan.md:209,Kindle,player-started fire remains liable under the fire system.,6,src/workings.rs; src/world/workings.rs; base/workings.toml; src/tests/workings.rs,base_roster_is_eight_wand_workings_and_four_rituals; every_magical_route_keeps_a_bounded_niche_below_bulk_technology; draw_and_ordinary_flow_conserve_exact_heat_dross_and_fixed_point_remainders; crash_after_current_settlement_replays_world_effect_exactly_once_on_restart; ward_is_closed_supplied_ire_costed_and_breaks_without_rewriting_construction,proven,goals 1-8 implementation plus Goal 9 integrated audit,docs/magic-qualification-implementation.md
docs/magic-workings-plan.md:218,Nudge,"cost scales with mass, impulse, and distance,",6,src/workings.rs; src/world/workings.rs; base/workings.toml; src/tests/workings.rs,base_roster_is_eight_wand_workings_and_four_rituals; every_magical_route_keeps_a_bounded_niche_below_bulk_technology; draw_and_ordinary_flow_conserve_exact_heat_dross_and_fixed_point_remainders; crash_after_current_settlement_replays_world_effect_exactly_once_on_restart; ward_is_closed_supplied_ire_costed_and_breaks_without_rewriting_construction,proven,goals 1-8 implementation plus Goal 9 integrated audit,docs/magic-qualification-implementation.md
docs/magic-workings-plan.md:219,Nudge,"range is short and line of sight mandatory,",6,src/workings.rs; src/world/workings.rs; base/workings.toml; src/tests/workings.rs,base_roster_is_eight_wand_workings_and_four_rituals; every_magical_route_keeps_a_bounded_niche_below_bulk_technology; draw_and_ordinary_flow_conserve_exact_heat_dross_and_fixed_point_remainders; crash_after_current_settlement_replays_world_effect_exactly_once_on_restart; ward_is_closed_supplied_ire_costed_and_breaks_without_rewriting_construction,proven,goals 1-8 implementation plus Goal 9 integrated audit,docs/magic-qualification-implementation.md
docs/magic-workings-plan.md:220,Nudge,"cannot move terrain blocks, containers, vehicles with occupants, or another",6,src/workings.rs; src/world/workings.rs; base/workings.toml; src/tests/workings.rs,base_roster_is_eight_wand_workings_and_four_rituals; every_magical_route_keeps_a_bounded_niche_below_bulk_technology; draw_and_ordinary_flow_conserve_exact_heat_dross_and_fixed_point_remainders; crash_after_current_settlement_replays_world_effect_exactly_once_on_restart; ward_is_closed_supplied_ire_costed_and_breaks_without_rewriting_construction,proven,goals 1-8 implementation plus Goal 9 integrated audit,docs/magic-qualification-implementation.md
docs/magic-workings-plan.md:222,Nudge,"is inefficient for cargo and cannot replace roads, cranes, boats, or belts,",6,src/workings.rs; src/world/workings.rs; base/workings.toml; src/tests/workings.rs,base_roster_is_eight_wand_workings_and_four_rituals; every_magical_route_keeps_a_bounded_niche_below_bulk_technology; draw_and_ordinary_flow_conserve_exact_heat_dross_and_fixed_point_remainders; crash_after_current_settlement_replays_world_effect_exactly_once_on_restart; ward_is_closed_supplied_ire_costed_and_breaks_without_rewriting_construction,proven,goals 1-8 implementation plus Goal 9 integrated audit,docs/magic-qualification-implementation.md
docs/magic-workings-plan.md:223,Nudge,collision and authority use ordinary physics.,6,src/workings.rs; src/world/workings.rs; base/workings.toml; src/tests/workings.rs,base_roster_is_eight_wand_workings_and_four_rituals; every_magical_route_keeps_a_bounded_niche_below_bulk_technology; draw_and_ordinary_flow_conserve_exact_heat_dross_and_fixed_point_remainders; crash_after_current_settlement_replays_world_effect_exactly_once_on_restart; ward_is_closed_supplied_ire_costed_and_breaks_without_rewriting_construction,proven,goals 1-8 implementation plus Goal 9 integrated audit,docs/magic-qualification-implementation.md
docs/magic-workings-plan.md:231,Rootwake,"supports only declared plants/crops/saplings,",6,src/workings.rs; src/world/workings.rs; base/workings.toml; src/tests/workings.rs,base_roster_is_eight_wand_workings_and_four_rituals; every_magical_route_keeps_a_bounded_niche_below_bulk_technology; draw_and_ordinary_flow_conserve_exact_heat_dross_and_fixed_point_remainders; crash_after_current_settlement_replays_world_effect_exactly_once_on_restart; ward_is_closed_supplied_ire_costed_and_breaks_without_rewriting_construction,proven,goals 1-8 implementation plus Goal 9 integrated audit,docs/magic-qualification-implementation.md
docs/magic-workings-plan.md:232,Rootwake,"checks temperature, season, light, space, soil, water, nutrients, and",6,src/workings.rs; src/world/workings.rs; base/workings.toml; src/tests/workings.rs,base_roster_is_eight_wand_workings_and_four_rituals; every_magical_route_keeps_a_bounded_niche_below_bulk_technology; draw_and_ordinary_flow_conserve_exact_heat_dross_and_fixed_point_remainders; crash_after_current_settlement_replays_world_effect_exactly_once_on_restart; ward_is_closed_supplied_ire_costed_and_breaks_without_rewriting_construction,proven,goals 1-8 implementation plus Goal 9 integrated audit,docs/magic-qualification-implementation.md
docs/magic-workings-plan.md:234,Rootwake,"atomically debits the same physical inputs ordinary growth would consume,",6,src/workings.rs; src/world/workings.rs; base/workings.toml; src/tests/workings.rs,base_roster_is_eight_wand_workings_and_four_rituals; every_magical_route_keeps_a_bounded_niche_below_bulk_technology; draw_and_ordinary_flow_conserve_exact_heat_dross_and_fixed_point_remainders; crash_after_current_settlement_replays_world_effect_exactly_once_on_restart; ward_is_closed_supplied_ire_costed_and_breaks_without_rewriting_construction,proven,goals 1-8 implementation plus Goal 9 integrated audit,docs/magic-qualification-implementation.md
docs/magic-workings-plan.md:235,Rootwake,"advances bounded growth rather than spawning the mature result,",6,src/workings.rs; src/world/workings.rs; base/workings.toml; src/tests/workings.rs,base_roster_is_eight_wand_workings_and_four_rituals; every_magical_route_keeps_a_bounded_niche_below_bulk_technology; draw_and_ordinary_flow_conserve_exact_heat_dross_and_fixed_point_remainders; crash_after_current_settlement_replays_world_effect_exactly_once_on_restart; ward_is_closed_supplied_ire_costed_and_breaks_without_rewriting_construction,proven,goals 1-8 implementation plus Goal 9 integrated audit,docs/magic-qualification-implementation.md
docs/magic-workings-plan.md:236,Rootwake,"fails without consuming physical inputs if the habitat cannot support it,",6,src/workings.rs; src/world/workings.rs; base/workings.toml; src/tests/workings.rs,base_roster_is_eight_wand_workings_and_four_rituals; every_magical_route_keeps_a_bounded_niche_below_bulk_technology; draw_and_ordinary_flow_conserve_exact_heat_dross_and_fixed_point_remainders; crash_after_current_settlement_replays_world_effect_exactly_once_on_restart; ward_is_closed_supplied_ire_costed_and_breaks_without_rewriting_construction,proven,goals 1-8 implementation plus Goal 9 integrated audit,docs/magic-qualification-implementation.md
docs/magic-workings-plan.md:238,Rootwake,cannot force reproduction past carrying capacity or create seed.,6,src/workings.rs; src/world/workings.rs; base/workings.toml; src/tests/workings.rs,base_roster_is_eight_wand_workings_and_four_rituals; every_magical_route_keeps_a_bounded_niche_below_bulk_technology; draw_and_ordinary_flow_conserve_exact_heat_dross_and_fixed_point_remainders; crash_after_current_settlement_replays_world_effect_exactly_once_on_restart; ward_is_closed_supplied_ire_costed_and_breaks_without_rewriting_construction,proven,goals 1-8 implementation plus Goal 9 integrated audit,docs/magic-qualification-implementation.md
docs/magic-workings-plan.md:246,Draw,"source loses precisely what destination gains,",6,src/workings.rs; src/world/workings.rs; base/workings.toml; src/tests/workings.rs,base_roster_is_eight_wand_workings_and_four_rituals; every_magical_route_keeps_a_bounded_niche_below_bulk_technology; draw_and_ordinary_flow_conserve_exact_heat_dross_and_fixed_point_remainders; crash_after_current_settlement_replays_world_effect_exactly_once_on_restart; ward_is_closed_supplied_ire_costed_and_breaks_without_rewriting_construction,proven,goals 1-8 implementation plus Goal 9 integrated audit,docs/magic-qualification-implementation.md
docs/magic-workings-plan.md:247,Draw,"salinity, temperature, and dross load travel proportionally with fixed-point",6,src/workings.rs; src/world/workings.rs; base/workings.toml; src/tests/workings.rs,base_roster_is_eight_wand_workings_and_four_rituals; every_magical_route_keeps_a_bounded_niche_below_bulk_technology; draw_and_ordinary_flow_conserve_exact_heat_dross_and_fixed_point_remainders; crash_after_current_settlement_replays_world_effect_exactly_once_on_restart; ward_is_closed_supplied_ire_costed_and_breaks_without_rewriting_construction,proven,goals 1-8 implementation plus Goal 9 integrated audit,docs/magic-qualification-implementation.md
docs/magic-workings-plan.md:249,Draw,"source must be legitimately scoopable/pumpable,",6,src/workings.rs; src/world/workings.rs; base/workings.toml; src/tests/workings.rs,base_roster_is_eight_wand_workings_and_four_rituals; every_magical_route_keeps_a_bounded_niche_below_bulk_technology; draw_and_ordinary_flow_conserve_exact_heat_dross_and_fixed_point_remainders; crash_after_current_settlement_replays_world_effect_exactly_once_on_restart; ward_is_closed_supplied_ire_costed_and_breaks_without_rewriting_construction,proven,goals 1-8 implementation plus Goal 9 integrated audit,docs/magic-qualification-implementation.md
docs/magic-workings-plan.md:250,Draw,"no use treats ocean surface or rain as an infinite block,",6,src/workings.rs; src/world/workings.rs; base/workings.toml; src/tests/workings.rs,base_roster_is_eight_wand_workings_and_four_rituals; every_magical_route_keeps_a_bounded_niche_below_bulk_technology; draw_and_ordinary_flow_conserve_exact_heat_dross_and_fixed_point_remainders; crash_after_current_settlement_replays_world_effect_exactly_once_on_restart; ward_is_closed_supplied_ire_costed_and_breaks_without_rewriting_construction,proven,goals 1-8 implementation plus Goal 9 integrated audit,docs/magic-qualification-implementation.md
docs/magic-workings-plan.md:251,Draw,"range and throughput remain below ordinary pumps and bulk channels,",6,src/workings.rs; src/world/workings.rs; base/workings.toml; src/tests/workings.rs,base_roster_is_eight_wand_workings_and_four_rituals; every_magical_route_keeps_a_bounded_niche_below_bulk_technology; draw_and_ordinary_flow_conserve_exact_heat_dross_and_fixed_point_remainders; crash_after_current_settlement_replays_world_effect_exactly_once_on_restart; ward_is_closed_supplied_ire_costed_and_breaks_without_rewriting_construction,proven,goals 1-8 implementation plus Goal 9 integrated audit,docs/magic-qualification-implementation.md
docs/magic-workings-plan.md:252,Draw,destination overflow returns/rejects atomically rather than deleting water.,6,src/workings.rs; src/world/workings.rs; base/workings.toml; src/tests/workings.rs,base_roster_is_eight_wand_workings_and_four_rituals; every_magical_route_keeps_a_bounded_niche_below_bulk_technology; draw_and_ordinary_flow_conserve_exact_heat_dross_and_fixed_point_remainders; crash_after_current_settlement_replays_world_effect_exactly_once_on_restart; ward_is_closed_supplied_ire_costed_and_breaks_without_rewriting_construction,proven,goals 1-8 implementation plus Goal 9 integrated audit,docs/magic-qualification-implementation.md
docs/magic-workings-plan.md:260,Fieldmend,"requires the damaged item and recipe-declared scrap/part,",6,src/workings.rs; src/world/workings.rs; base/workings.toml; src/tests/workings.rs,base_roster_is_eight_wand_workings_and_four_rituals; every_magical_route_keeps_a_bounded_niche_below_bulk_technology; draw_and_ordinary_flow_conserve_exact_heat_dross_and_fixed_point_remainders; crash_after_current_settlement_replays_world_effect_exactly_once_on_restart; ward_is_closed_supplied_ire_costed_and_breaks_without_rewriting_construction,proven,goals 1-8 implementation plus Goal 9 integrated audit,docs/magic-qualification-implementation.md
docs/magic-workings-plan.md:261,Fieldmend,"obeys tool-tier and alloy identity,",6,src/workings.rs; src/world/workings.rs; base/workings.toml; src/tests/workings.rs,base_roster_is_eight_wand_workings_and_four_rituals; every_magical_route_keeps_a_bounded_niche_below_bulk_technology; draw_and_ordinary_flow_conserve_exact_heat_dross_and_fixed_point_remainders; crash_after_current_settlement_replays_world_effect_exactly_once_on_restart; ward_is_closed_supplied_ire_costed_and_breaks_without_rewriting_construction,proven,goals 1-8 implementation plus Goal 9 integrated audit,docs/magic-qualification-implementation.md
docs/magic-workings-plan.md:262,Fieldmend,"cannot change material identity or improve above original quality,",6,src/workings.rs; src/world/workings.rs; base/workings.toml; src/tests/workings.rs,base_roster_is_eight_wand_workings_and_four_rituals; every_magical_route_keeps_a_bounded_niche_below_bulk_technology; draw_and_ordinary_flow_conserve_exact_heat_dross_and_fixed_point_remainders; crash_after_current_settlement_replays_world_effect_exactly_once_on_restart; ward_is_closed_supplied_ire_costed_and_breaks_without_rewriting_construction,proven,goals 1-8 implementation plus Goal 9 integrated audit,docs/magic-qualification-implementation.md
docs/magic-workings-plan.md:263,Fieldmend,"has worse recovery/material efficiency than the proper workshop,",6,src/workings.rs; src/world/workings.rs; base/workings.toml; src/tests/workings.rs,base_roster_is_eight_wand_workings_and_four_rituals; every_magical_route_keeps_a_bounded_niche_below_bulk_technology; draw_and_ordinary_flow_conserve_exact_heat_dross_and_fixed_point_remainders; crash_after_current_settlement_replays_world_effect_exactly_once_on_restart; ward_is_closed_supplied_ire_costed_and_breaks_without_rewriting_construction,proven,goals 1-8 implementation plus Goal 9 integrated audit,docs/magic-qualification-implementation.md
docs/magic-workings-plan.md:264,Fieldmend,"produces ordinary residue plus dross,",6,src/workings.rs; src/world/workings.rs; base/workings.toml; src/tests/workings.rs,base_roster_is_eight_wand_workings_and_four_rituals; every_magical_route_keeps_a_bounded_niche_below_bulk_technology; draw_and_ordinary_flow_conserve_exact_heat_dross_and_fixed_point_remainders; crash_after_current_settlement_replays_world_effect_exactly_once_on_restart; ward_is_closed_supplied_ire_costed_and_breaks_without_rewriting_construction,proven,goals 1-8 implementation plus Goal 9 integrated audit,docs/magic-qualification-implementation.md
docs/magic-workings-plan.md:265,Fieldmend,cannot repair structures or machines remotely.,6,src/workings.rs; src/world/workings.rs; base/workings.toml; src/tests/workings.rs,base_roster_is_eight_wand_workings_and_four_rituals; every_magical_route_keeps_a_bounded_niche_below_bulk_technology; draw_and_ordinary_flow_conserve_exact_heat_dross_and_fixed_point_remainders; crash_after_current_settlement_replays_world_effect_exactly_once_on_restart; ward_is_closed_supplied_ire_costed_and_breaks_without_rewriting_construction,proven,goals 1-8 implementation plus Goal 9 integrated audit,docs/magic-qualification-implementation.md
docs/magic-workings-plan.md:273,Holdfast,"intended for heart seeds, charged botanical specimens, reactive samples,",6,src/workings.rs; src/world/workings.rs; base/workings.toml; src/tests/workings.rs,base_roster_is_eight_wand_workings_and_four_rituals; every_magical_route_keeps_a_bounded_niche_below_bulk_technology; draw_and_ordinary_flow_conserve_exact_heat_dross_and_fixed_point_remainders; crash_after_current_settlement_replays_world_effect_exactly_once_on_restart; ward_is_closed_supplied_ire_costed_and_breaks_without_rewriting_construction,proven,goals 1-8 implementation plus Goal 9 integrated audit,docs/magic-qualification-implementation.md
docs/magic-workings-plan.md:275,Holdfast,"debits charge continuously,",6,src/workings.rs; src/world/workings.rs; base/workings.toml; src/tests/workings.rs,base_roster_is_eight_wand_workings_and_four_rituals; every_magical_route_keeps_a_bounded_niche_below_bulk_technology; draw_and_ordinary_flow_conserve_exact_heat_dross_and_fixed_point_remainders; crash_after_current_settlement_replays_world_effect_exactly_once_on_restart; ward_is_closed_supplied_ire_costed_and_breaks_without_rewriting_construction,proven,goals 1-8 implementation plus Goal 9 integrated audit,docs/magic-qualification-implementation.md
docs/magic-workings-plan.md:276,Holdfast,"slows rather than reverses spoilage/discharge,",6,src/workings.rs; src/world/workings.rs; base/workings.toml; src/tests/workings.rs,base_roster_is_eight_wand_workings_and_four_rituals; every_magical_route_keeps_a_bounded_niche_below_bulk_technology; draw_and_ordinary_flow_conserve_exact_heat_dross_and_fixed_point_remainders; crash_after_current_settlement_replays_world_effect_exactly_once_on_restart; ward_is_closed_supplied_ire_costed_and_breaks_without_rewriting_construction,proven,goals 1-8 implementation plus Goal 9 integrated audit,docs/magic-qualification-implementation.md
docs/magic-workings-plan.md:277,Holdfast,"ends on depletion and never resets elapsed age,",6,src/workings.rs; src/world/workings.rs; base/workings.toml; src/tests/workings.rs,base_roster_is_eight_wand_workings_and_four_rituals; every_magical_route_keeps_a_bounded_niche_below_bulk_technology; draw_and_ordinary_flow_conserve_exact_heat_dross_and_fixed_point_remainders; crash_after_current_settlement_replays_world_effect_exactly_once_on_restart; ward_is_closed_supplied_ire_costed_and_breaks_without_rewriting_construction,proven,goals 1-8 implementation plus Goal 9 integrated audit,docs/magic-qualification-implementation.md
docs/magic-workings-plan.md:278,Holdfast,"is too expensive and small-scale to replace cellars, salt, smoking,",6,src/workings.rs; src/world/workings.rs; base/workings.toml; src/tests/workings.rs,base_roster_is_eight_wand_workings_and_four_rituals; every_magical_route_keeps_a_bounded_niche_below_bulk_technology; draw_and_ordinary_flow_conserve_exact_heat_dross_and_fixed_point_remainders; crash_after_current_settlement_replays_world_effect_exactly_once_on_restart; ward_is_closed_supplied_ire_costed_and_breaks_without_rewriting_construction,proven,goals 1-8 implementation plus Goal 9 integrated audit,docs/magic-qualification-implementation.md
docs/magic-workings-plan.md:287,Settling rite,"lowers throughput and dross production for one adjacent magical process,",6,src/workings.rs; src/world/workings.rs; base/workings.toml; src/tests/workings.rs,base_roster_is_eight_wand_workings_and_four_rituals; every_magical_route_keeps_a_bounded_niche_below_bulk_technology; draw_and_ordinary_flow_conserve_exact_heat_dross_and_fixed_point_remainders; crash_after_current_settlement_replays_world_effect_exactly_once_on_restart; ward_is_closed_supplied_ire_costed_and_breaks_without_rewriting_construction,proven,goals 1-8 implementation plus Goal 9 integrated audit,docs/magic-qualification-implementation.md
docs/magic-workings-plan.md:288,Settling rite,"directs the produced dross into a real vessel,",6,src/workings.rs; src/world/workings.rs; base/workings.toml; src/tests/workings.rs,base_roster_is_eight_wand_workings_and_four_rituals; every_magical_route_keeps_a_bounded_niche_below_bulk_technology; draw_and_ordinary_flow_conserve_exact_heat_dross_and_fixed_point_remainders; crash_after_current_settlement_replays_world_effect_exactly_once_on_restart; ward_is_closed_supplied_ire_costed_and_breaks_without_rewriting_construction,proven,goals 1-8 implementation plus Goal 9 integrated audit,docs/magic-qualification-implementation.md
docs/magic-workings-plan.md:289,Settling rite,"consumes stabilizer wear and charge,",6,src/workings.rs; src/world/workings.rs; base/workings.toml; src/tests/workings.rs,base_roster_is_eight_wand_workings_and_four_rituals; every_magical_route_keeps_a_bounded_niche_below_bulk_technology; draw_and_ordinary_flow_conserve_exact_heat_dross_and_fixed_point_remainders; crash_after_current_settlement_replays_world_effect_exactly_once_on_restart; ward_is_closed_supplied_ire_costed_and_breaks_without_rewriting_construction,proven,goals 1-8 implementation plus Goal 9 integrated audit,docs/magic-qualification-implementation.md
docs/magic-workings-plan.md:290,Settling rite,"cannot cleanse the vessel or increase total output,",6,src/workings.rs; src/world/workings.rs; base/workings.toml; src/tests/workings.rs,base_roster_is_eight_wand_workings_and_four_rituals; every_magical_route_keeps_a_bounded_niche_below_bulk_technology; draw_and_ordinary_flow_conserve_exact_heat_dross_and_fixed_point_remainders; crash_after_current_settlement_replays_world_effect_exactly_once_on_restart; ward_is_closed_supplied_ire_costed_and_breaks_without_rewriting_construction,proven,goals 1-8 implementation plus Goal 9 integrated audit,docs/magic-qualification-implementation.md
docs/magic-workings-plan.md:291,Settling rite,visibly fails if the containment path is broken.,6,src/workings.rs; src/world/workings.rs; base/workings.toml; src/tests/workings.rs,base_roster_is_eight_wand_workings_and_four_rituals; every_magical_route_keeps_a_bounded_niche_below_bulk_technology; draw_and_ordinary_flow_conserve_exact_heat_dross_and_fixed_point_remainders; crash_after_current_settlement_replays_world_effect_exactly_once_on_restart; ward_is_closed_supplied_ire_costed_and_breaks_without_rewriting_construction,proven,goals 1-8 implementation plus Goal 9 integrated audit,docs/magic-qualification-implementation.md
docs/magic-workings-plan.md:297,Rooting bed,"applies Rootwake efficiently over a small bounded bed,",6,src/workings.rs; src/world/workings.rs; base/workings.toml; src/tests/workings.rs,base_roster_is_eight_wand_workings_and_four_rituals; every_magical_route_keeps_a_bounded_niche_below_bulk_technology; draw_and_ordinary_flow_conserve_exact_heat_dross_and_fixed_point_remainders; crash_after_current_settlement_replays_world_effect_exactly_once_on_restart; ward_is_closed_supplied_ire_costed_and_breaks_without_rewriting_construction,proven,goals 1-8 implementation plus Goal 9 integrated audit,docs/magic-qualification-implementation.md
docs/magic-workings-plan.md:298,Rooting bed,"reserves the bed's actual water and nutrient budget,",6,src/workings.rs; src/world/workings.rs; base/workings.toml; src/tests/workings.rs,base_roster_is_eight_wand_workings_and_four_rituals; every_magical_route_keeps_a_bounded_niche_below_bulk_technology; draw_and_ordinary_flow_conserve_exact_heat_dross_and_fixed_point_remainders; crash_after_current_settlement_replays_world_effect_exactly_once_on_restart; ward_is_closed_supplied_ire_costed_and_breaks_without_rewriting_construction,proven,goals 1-8 implementation plus Goal 9 integrated audit,docs/magic-qualification-implementation.md
docs/magic-workings-plan.md:299,Rooting bed,"advances unloaded crops through the same authoritative schedule,",6,src/workings.rs; src/world/workings.rs; base/workings.toml; src/tests/workings.rs,base_roster_is_eight_wand_workings_and_four_rituals; every_magical_route_keeps_a_bounded_niche_below_bulk_technology; draw_and_ordinary_flow_conserve_exact_heat_dross_and_fixed_point_remainders; crash_after_current_settlement_replays_world_effect_exactly_once_on_restart; ward_is_closed_supplied_ire_costed_and_breaks_without_rewriting_construction,proven,goals 1-8 implementation plus Goal 9 integrated audit,docs/magic-qualification-implementation.md
docs/magic-workings-plan.md:300,Rooting bed,"cannot exceed ecological carrying or reproductive rules,",6,src/workings.rs; src/world/workings.rs; base/workings.toml; src/tests/workings.rs,base_roster_is_eight_wand_workings_and_four_rituals; every_magical_route_keeps_a_bounded_niche_below_bulk_technology; draw_and_ordinary_flow_conserve_exact_heat_dross_and_fixed_point_remainders; crash_after_current_settlement_replays_world_effect_exactly_once_on_restart; ward_is_closed_supplied_ire_costed_and_breaks_without_rewriting_construction,proven,goals 1-8 implementation plus Goal 9 integrated audit,docs/magic-qualification-implementation.md
docs/magic-workings-plan.md:301,Rooting bed,makes intensive magical horticulture possible but materially demanding.,6,src/workings.rs; src/world/workings.rs; base/workings.toml; src/tests/workings.rs,base_roster_is_eight_wand_workings_and_four_rituals; every_magical_route_keeps_a_bounded_niche_below_bulk_technology; draw_and_ordinary_flow_conserve_exact_heat_dross_and_fixed_point_remainders; crash_after_current_settlement_replays_world_effect_exactly_once_on_restart; ward_is_closed_supplied_ire_costed_and_breaks_without_rewriting_construction,proven,goals 1-8 implementation plus Goal 9 integrated audit,docs/magic-qualification-implementation.md
docs/magic-workings-plan.md:308,Ward boundary,"protects only its validated interior and only while supplied,",6,src/workings.rs; src/world/workings.rs; base/workings.toml; src/tests/workings.rs,base_roster_is_eight_wand_workings_and_four_rituals; every_magical_route_keeps_a_bounded_niche_below_bulk_technology; draw_and_ordinary_flow_conserve_exact_heat_dross_and_fixed_point_remainders; crash_after_current_settlement_replays_world_effect_exactly_once_on_restart; ward_is_closed_supplied_ire_costed_and_breaks_without_rewriting_construction,proven,goals 1-8 implementation plus Goal 9 integrated audit,docs/magic-qualification-implementation.md
docs/magic-workings-plan.md:309,Ward boundary,"pressure from projectiles, wardens, wakes, or dross debits charge,",6,src/workings.rs; src/world/workings.rs; base/workings.toml; src/tests/workings.rs,base_roster_is_eight_wand_workings_and_four_rituals; every_magical_route_keeps_a_bounded_niche_below_bulk_technology; draw_and_ordinary_flow_conserve_exact_heat_dross_and_fixed_point_remainders; crash_after_current_settlement_replays_world_effect_exactly_once_on_restart; ward_is_closed_supplied_ire_costed_and_breaks_without_rewriting_construction,proven,goals 1-8 implementation plus Goal 9 integrated audit,docs/magic-qualification-implementation.md
docs/magic-workings-plan.md:310,Ward boundary,"leaks/fails at damaged segments and overloads predictably,",6,src/workings.rs; src/world/workings.rs; base/workings.toml; src/tests/workings.rs,base_roster_is_eight_wand_workings_and_four_rituals; every_magical_route_keeps_a_bounded_niche_below_bulk_technology; draw_and_ordinary_flow_conserve_exact_heat_dross_and_fixed_point_remainders; crash_after_current_settlement_replays_world_effect_exactly_once_on_restart; ward_is_closed_supplied_ire_costed_and_breaks_without_rewriting_construction,proven,goals 1-8 implementation plus Goal 9 integrated audit,docs/magic-qualification-implementation.md
docs/magic-workings-plan.md:311,Ward boundary,"does not lower Ire, stop heart withdrawal, prevent ordinary players or",6,src/workings.rs; src/world/workings.rs; base/workings.toml; src/tests/workings.rs,base_roster_is_eight_wand_workings_and_four_rituals; every_magical_route_keeps_a_bounded_niche_below_bulk_technology; draw_and_ordinary_flow_conserve_exact_heat_dross_and_fixed_point_remainders; crash_after_current_settlement_replays_world_effect_exactly_once_on_restart; ward_is_closed_supplied_ire_costed_and_breaks_without_rewriting_construction,proven,goals 1-8 implementation plus Goal 9 integrated audit,docs/magic-qualification-implementation.md
docs/magic-workings-plan.md:313,Ward boundary,"high Ire can make maintaining it ruinously expensive,",6,src/workings.rs; src/world/workings.rs; base/workings.toml; src/tests/workings.rs,base_roster_is_eight_wand_workings_and_four_rituals; every_magical_route_keeps_a_bounded_niche_below_bulk_technology; draw_and_ordinary_flow_conserve_exact_heat_dross_and_fixed_point_remainders; crash_after_current_settlement_replays_world_effect_exactly_once_on_restart; ward_is_closed_supplied_ire_costed_and_breaks_without_rewriting_construction,proven,goals 1-8 implementation plus Goal 9 integrated audit,docs/magic-qualification-implementation.md
docs/magic-workings-plan.md:314,Ward boundary,does not affect the Wild's right to withhold natural recovery.,6,src/workings.rs; src/world/workings.rs; base/workings.toml; src/tests/workings.rs,base_roster_is_eight_wand_workings_and_four_rituals; every_magical_route_keeps_a_bounded_niche_below_bulk_technology; draw_and_ordinary_flow_conserve_exact_heat_dross_and_fixed_point_remainders; crash_after_current_settlement_replays_world_effect_exactly_once_on_restart; ward_is_closed_supplied_ire_costed_and_breaks_without_rewriting_construction,proven,goals 1-8 implementation plus Goal 9 integrated audit,docs/magic-qualification-implementation.md
docs/magic-workings-plan.md:328,Explicitly forbidden handlers,"create an ordinary block or item from no material debit,",6,src/workings.rs; src/world/workings.rs; base/workings.toml; src/tests/workings.rs,base_roster_is_eight_wand_workings_and_four_rituals; every_magical_route_keeps_a_bounded_niche_below_bulk_technology; draw_and_ordinary_flow_conserve_exact_heat_dross_and_fixed_point_remainders; crash_after_current_settlement_replays_world_effect_exactly_once_on_restart; ward_is_closed_supplied_ire_costed_and_breaks_without_rewriting_construction,proven,goals 1-8 implementation plus Goal 9 integrated audit,docs/magic-qualification-implementation.md
docs/magic-workings-plan.md:329,Explicitly forbidden handlers,"convert one material identity into another,",6,src/workings.rs; src/world/workings.rs; base/workings.toml; src/tests/workings.rs,base_roster_is_eight_wand_workings_and_four_rituals; every_magical_route_keeps_a_bounded_niche_below_bulk_technology; draw_and_ordinary_flow_conserve_exact_heat_dross_and_fixed_point_remainders; crash_after_current_settlement_replays_world_effect_exactly_once_on_restart; ward_is_closed_supplied_ire_costed_and_breaks_without_rewriting_construction,proven,goals 1-8 implementation plus Goal 9 integrated audit,docs/magic-qualification-implementation.md
docs/magic-workings-plan.md:330,Explicitly forbidden handlers,"copy a block/entity/inventory state,",6,src/workings.rs; src/world/workings.rs; base/workings.toml; src/tests/workings.rs,base_roster_is_eight_wand_workings_and_four_rituals; every_magical_route_keeps_a_bounded_niche_below_bulk_technology; draw_and_ordinary_flow_conserve_exact_heat_dross_and_fixed_point_remainders; crash_after_current_settlement_replays_world_effect_exactly_once_on_restart; ward_is_closed_supplied_ire_costed_and_breaks_without_rewriting_construction,proven,goals 1-8 implementation plus Goal 9 integrated audit,docs/magic-qualification-implementation.md
docs/magic-workings-plan.md:331,Explicitly forbidden handlers,"delete waste, dross, water, salt, or tracked matter,",6,src/workings.rs; src/world/workings.rs; base/workings.toml; src/tests/workings.rs,base_roster_is_eight_wand_workings_and_four_rituals; every_magical_route_keeps_a_bounded_niche_below_bulk_technology; draw_and_ordinary_flow_conserve_exact_heat_dross_and_fixed_point_remainders; crash_after_current_settlement_replays_world_effect_exactly_once_on_restart; ward_is_closed_supplied_ire_costed_and_breaks_without_rewriting_construction,proven,goals 1-8 implementation plus Goal 9 integrated audit,docs/magic-qualification-implementation.md
docs/magic-workings-plan.md:332,Explicitly forbidden handlers,"teleport an entity/item or open a portal,",6,src/workings.rs; src/world/workings.rs; base/workings.toml; src/tests/workings.rs,base_roster_is_eight_wand_workings_and_four_rituals; every_magical_route_keeps_a_bounded_niche_below_bulk_technology; draw_and_ordinary_flow_conserve_exact_heat_dross_and_fixed_point_remainders; crash_after_current_settlement_replays_world_effect_exactly_once_on_restart; ward_is_closed_supplied_ire_costed_and_breaks_without_rewriting_construction,proven,goals 1-8 implementation plus Goal 9 integrated audit,docs/magic-qualification-implementation.md
docs/magic-workings-plan.md:333,Explicitly forbidden handlers,"bypass collision with permanent flight or phasing,",6,src/workings.rs; src/world/workings.rs; base/workings.toml; src/tests/workings.rs,base_roster_is_eight_wand_workings_and_four_rituals; every_magical_route_keeps_a_bounded_niche_below_bulk_technology; draw_and_ordinary_flow_conserve_exact_heat_dross_and_fixed_point_remainders; crash_after_current_settlement_replays_world_effect_exactly_once_on_restart; ward_is_closed_supplied_ire_costed_and_breaks_without_rewriting_construction,proven,goals 1-8 implementation plus Goal 9 integrated audit,docs/magic-qualification-implementation.md
docs/magic-workings-plan.md:334,Explicitly forbidden handlers,"set crop maturity without biological debits,",6,src/workings.rs; src/world/workings.rs; base/workings.toml; src/tests/workings.rs,base_roster_is_eight_wand_workings_and_four_rituals; every_magical_route_keeps_a_bounded_niche_below_bulk_technology; draw_and_ordinary_flow_conserve_exact_heat_dross_and_fixed_point_remainders; crash_after_current_settlement_replays_world_effect_exactly_once_on_restart; ward_is_closed_supplied_ire_costed_and_breaks_without_rewriting_construction,proven,goals 1-8 implementation plus Goal 9 integrated audit,docs/magic-qualification-implementation.md
docs/magic-workings-plan.md:335,Explicitly forbidden handlers,"refill food/health/durability without declared inputs,",6,src/workings.rs; src/world/workings.rs; base/workings.toml; src/tests/workings.rs,base_roster_is_eight_wand_workings_and_four_rituals; every_magical_route_keeps_a_bounded_niche_below_bulk_technology; draw_and_ordinary_flow_conserve_exact_heat_dross_and_fixed_point_remainders; crash_after_current_settlement_replays_world_effect_exactly_once_on_restart; ward_is_closed_supplied_ire_costed_and_breaks_without_rewriting_construction,proven,goals 1-8 implementation plus Goal 9 integrated audit,docs/magic-qualification-implementation.md
docs/magic-workings-plan.md:336,Explicitly forbidden handlers,set weather/rain/water storage rather than conservatively influence a,6,src/workings.rs; src/world/workings.rs; base/workings.toml; src/tests/workings.rs,base_roster_is_eight_wand_workings_and_four_rituals; every_magical_route_keeps_a_bounded_niche_below_bulk_technology; draw_and_ordinary_flow_conserve_exact_heat_dross_and_fixed_point_remainders; crash_after_current_settlement_replays_world_effect_exactly_once_on_restart; ward_is_closed_supplied_ire_costed_and_breaks_without_rewriting_construction,proven,goals 1-8 implementation plus Goal 9 integrated audit,docs/magic-qualification-implementation.md
docs/magic-workings-plan.md:338,Explicitly forbidden handlers,"reveal hidden server information,",6,src/workings.rs; src/world/workings.rs; base/workings.toml; src/tests/workings.rs,base_roster_is_eight_wand_workings_and_four_rituals; every_magical_route_keeps_a_bounded_niche_below_bulk_technology; draw_and_ordinary_flow_conserve_exact_heat_dross_and_fixed_point_remainders; crash_after_current_settlement_replays_world_effect_exactly_once_on_restart; ward_is_closed_supplied_ire_costed_and_breaks_without_rewriting_construction,proven,goals 1-8 implementation plus Goal 9 integrated audit,docs/magic-qualification-implementation.md
docs/magic-workings-plan.md:339,Explicitly forbidden handlers,"erase Ire, heart death, ownership history, or attribution.",6,src/workings.rs; src/world/workings.rs; base/workings.toml; src/tests/workings.rs,base_roster_is_eight_wand_workings_and_four_rituals; every_magical_route_keeps_a_bounded_niche_below_bulk_technology; draw_and_ordinary_flow_conserve_exact_heat_dross_and_fixed_point_remainders; crash_after_current_settlement_replays_world_effect_exactly_once_on_restart; ward_is_closed_supplied_ire_costed_and_breaks_without_rewriting_construction,proven,goals 1-8 implementation plus Goal 9 integrated audit,docs/magic-qualification-implementation.md
docs/magic-workings-plan.md:369,"Interaction, presentation, and accessibility",Holding use lets the wand settle/charge; release commits or cancels under,6,src/workings.rs; src/world/workings.rs; base/workings.toml; src/tests/workings.rs,base_roster_is_eight_wand_workings_and_four_rituals; every_magical_route_keeps_a_bounded_niche_below_bulk_technology; draw_and_ordinary_flow_conserve_exact_heat_dross_and_fixed_point_remainders; crash_after_current_settlement_replays_world_effect_exactly_once_on_restart; ward_is_closed_supplied_ire_costed_and_breaks_without_rewriting_construction,proven,goals 1-8 implementation plus Goal 9 integrated audit,docs/magic-qualification-implementation.md
docs/magic-workings-plan.md:371,"Interaction, presentation, and accessibility",Target outline communicates the exact supported target.,6,src/workings.rs; src/world/workings.rs; base/workings.toml; src/tests/workings.rs,base_roster_is_eight_wand_workings_and_four_rituals; every_magical_route_keeps_a_bounded_niche_below_bulk_technology; draw_and_ordinary_flow_conserve_exact_heat_dross_and_fixed_point_remainders; crash_after_current_settlement_replays_world_effect_exactly_once_on_restart; ward_is_closed_supplied_ire_costed_and_breaks_without_rewriting_construction,proven,goals 1-8 implementation plus Goal 9 integrated audit,docs/magic-qualification-implementation.md
docs/magic-workings-plan.md:372,"Interaction, presentation, and accessibility","Source, target, and containment paths have distinct restrained particles.",6,src/workings.rs; src/world/workings.rs; base/workings.toml; src/tests/workings.rs,base_roster_is_eight_wand_workings_and_four_rituals; every_magical_route_keeps_a_bounded_niche_below_bulk_technology; draw_and_ordinary_flow_conserve_exact_heat_dross_and_fixed_point_remainders; crash_after_current_settlement_replays_world_effect_exactly_once_on_restart; ward_is_closed_supplied_ire_costed_and_breaks_without_rewriting_construction,proven,goals 1-8 implementation plus Goal 9 integrated audit,docs/magic-qualification-implementation.md
docs/magic-workings-plan.md:373,"Interaction, presentation, and accessibility",Sound rises in discord with strain and has non-audio visual equivalents.,6,src/workings.rs; src/world/workings.rs; base/workings.toml; src/tests/workings.rs,base_roster_is_eight_wand_workings_and_four_rituals; every_magical_route_keeps_a_bounded_niche_below_bulk_technology; draw_and_ordinary_flow_conserve_exact_heat_dross_and_fixed_point_remainders; crash_after_current_settlement_replays_world_effect_exactly_once_on_restart; ward_is_closed_supplied_ire_costed_and_breaks_without_rewriting_construction,proven,goals 1-8 implementation plus Goal 9 integrated audit,docs/magic-qualification-implementation.md
docs/magic-workings-plan.md:374,"Interaction, presentation, and accessibility","Dangerous thresholds use persistent world cues, not only transient text.",6,src/workings.rs; src/world/workings.rs; base/workings.toml; src/tests/workings.rs,base_roster_is_eight_wand_workings_and_four_rituals; every_magical_route_keeps_a_bounded_niche_below_bulk_technology; draw_and_ordinary_flow_conserve_exact_heat_dross_and_fixed_point_remainders; crash_after_current_settlement_replays_world_effect_exactly_once_on_restart; ward_is_closed_supplied_ire_costed_and_breaks_without_rewriting_construction,proven,goals 1-8 implementation plus Goal 9 integrated audit,docs/magic-qualification-implementation.md
docs/magic-workings-plan.md:375,"Interaction, presentation, and accessibility","Remote players see working type, source object, target path, and completion.",6,src/workings.rs; src/world/workings.rs; base/workings.toml; src/tests/workings.rs,base_roster_is_eight_wand_workings_and_four_rituals; every_magical_route_keeps_a_bounded_niche_below_bulk_technology; draw_and_ordinary_flow_conserve_exact_heat_dross_and_fixed_point_remainders; crash_after_current_settlement_replays_world_effect_exactly_once_on_restart; ward_is_closed_supplied_ire_costed_and_breaks_without_rewriting_construction,proven,goals 1-8 implementation plus Goal 9 integrated audit,docs/magic-qualification-implementation.md
docs/magic-workings-plan.md:376,"Interaction, presentation, and accessibility",Camera shake is restrained and presentation-only.,6,src/workings.rs; src/world/workings.rs; base/workings.toml; src/tests/workings.rs,base_roster_is_eight_wand_workings_and_four_rituals; every_magical_route_keeps_a_bounded_niche_below_bulk_technology; draw_and_ordinary_flow_conserve_exact_heat_dross_and_fixed_point_remainders; crash_after_current_settlement_replays_world_effect_exactly_once_on_restart; ward_is_closed_supplied_ire_costed_and_breaks_without_rewriting_construction,proven,goals 1-8 implementation plus Goal 9 integrated audit,docs/magic-qualification-implementation.md
docs/magic-workings-plan.md:400,Mods and content,"source/target/disposition completeness,",6,src/workings.rs; src/world/workings.rs; base/workings.toml; src/tests/workings.rs,base_roster_is_eight_wand_workings_and_four_rituals; every_magical_route_keeps_a_bounded_niche_below_bulk_technology; draw_and_ordinary_flow_conserve_exact_heat_dross_and_fixed_point_remainders; crash_after_current_settlement_replays_world_effect_exactly_once_on_restart; ward_is_closed_supplied_ire_costed_and_breaks_without_rewriting_construction,proven,goals 1-8 implementation plus Goal 9 integrated audit,docs/magic-qualification-implementation.md
docs/magic-workings-plan.md:401,Mods and content,"cost and magnitude bounds,",6,src/workings.rs; src/world/workings.rs; base/workings.toml; src/tests/workings.rs,base_roster_is_eight_wand_workings_and_four_rituals; every_magical_route_keeps_a_bounded_niche_below_bulk_technology; draw_and_ordinary_flow_conserve_exact_heat_dross_and_fixed_point_remainders; crash_after_current_settlement_replays_world_effect_exactly_once_on_restart; ward_is_closed_supplied_ire_costed_and_breaks_without_rewriting_construction,proven,goals 1-8 implementation plus Goal 9 integrated audit,docs/magic-qualification-implementation.md
docs/magic-workings-plan.md:402,Mods and content,"permitted handler capabilities,",6,src/workings.rs; src/world/workings.rs; base/workings.toml; src/tests/workings.rs,base_roster_is_eight_wand_workings_and_four_rituals; every_magical_route_keeps_a_bounded_niche_below_bulk_technology; draw_and_ordinary_flow_conserve_exact_heat_dross_and_fixed_point_remainders; crash_after_current_settlement_replays_world_effect_exactly_once_on_restart; ward_is_closed_supplied_ire_costed_and_breaks_without_rewriting_construction,proven,goals 1-8 implementation plus Goal 9 integrated audit,docs/magic-qualification-implementation.md
docs/magic-workings-plan.md:403,Mods and content,"physical domain prerequisites,",6,src/workings.rs; src/world/workings.rs; base/workings.toml; src/tests/workings.rs,base_roster_is_eight_wand_workings_and_four_rituals; every_magical_route_keeps_a_bounded_niche_below_bulk_technology; draw_and_ordinary_flow_conserve_exact_heat_dross_and_fixed_point_remainders; crash_after_current_settlement_replays_world_effect_exactly_once_on_restart; ward_is_closed_supplied_ire_costed_and_breaks_without_rewriting_construction,proven,goals 1-8 implementation plus Goal 9 integrated audit,docs/magic-qualification-implementation.md
docs/magic-workings-plan.md:404,Mods and content,"deterministic interruption,",6,src/workings.rs; src/world/workings.rs; base/workings.toml; src/tests/workings.rs,base_roster_is_eight_wand_workings_and_four_rituals; every_magical_route_keeps_a_bounded_niche_below_bulk_technology; draw_and_ordinary_flow_conserve_exact_heat_dross_and_fixed_point_remainders; crash_after_current_settlement_replays_world_effect_exactly_once_on_restart; ward_is_closed_supplied_ire_costed_and_breaks_without_rewriting_construction,proven,goals 1-8 implementation plus Goal 9 integrated audit,docs/magic-qualification-implementation.md
docs/magic-workings-plan.md:405,Mods and content,"no forbidden semantic effect,",6,src/workings.rs; src/world/workings.rs; base/workings.toml; src/tests/workings.rs,base_roster_is_eight_wand_workings_and_four_rituals; every_magical_route_keeps_a_bounded_niche_below_bulk_technology; draw_and_ordinary_flow_conserve_exact_heat_dross_and_fixed_point_remainders; crash_after_current_settlement_replays_world_effect_exactly_once_on_restart; ward_is_closed_supplied_ire_costed_and_breaks_without_rewriting_construction,proven,goals 1-8 implementation plus Goal 9 integrated audit,docs/magic-qualification-implementation.md
docs/magic-workings-plan.md:406,Mods and content,browser/tooltip documentation.,6,src/workings.rs; src/world/workings.rs; base/workings.toml; src/tests/workings.rs,base_roster_is_eight_wand_workings_and_four_rituals; every_magical_route_keeps_a_bounded_niche_below_bulk_technology; draw_and_ordinary_flow_conserve_exact_heat_dross_and_fixed_point_remainders; crash_after_current_settlement_replays_world_effect_exactly_once_on_restart; ward_is_closed_supplied_ire_costed_and_breaks_without_rewriting_construction,proven,goals 1-8 implementation plus Goal 9 integrated audit,docs/magic-qualification-implementation.md
docs/magic-workings-plan.md:410,Multiplayer and agents,"Client requests specify working id, held instance, target, and intent only.",6,src/workings.rs; src/world/workings.rs; base/workings.toml; src/tests/workings.rs,base_roster_is_eight_wand_workings_and_four_rituals; every_magical_route_keeps_a_bounded_niche_below_bulk_technology; draw_and_ordinary_flow_conserve_exact_heat_dross_and_fixed_point_remainders; crash_after_current_settlement_replays_world_effect_exactly_once_on_restart; ward_is_closed_supplied_ire_costed_and_breaks_without_rewriting_construction,proven,goals 1-8 implementation plus Goal 9 integrated audit,docs/magic-qualification-implementation.md
docs/magic-workings-plan.md:411,Multiplayer and agents,"Host raycasts, validates knowledge-independent recipe/content, range,",6,src/workings.rs; src/world/workings.rs; base/workings.toml; src/tests/workings.rs,base_roster_is_eight_wand_workings_and_four_rituals; every_magical_route_keeps_a_bounded_niche_below_bulk_technology; draw_and_ordinary_flow_conserve_exact_heat_dross_and_fixed_point_remainders; crash_after_current_settlement_replays_world_effect_exactly_once_on_restart; ward_is_closed_supplied_ire_costed_and_breaks_without_rewriting_construction,proven,goals 1-8 implementation plus Goal 9 integrated audit,docs/magic-qualification-implementation.md
docs/magic-workings-plan.md:413,Multiplayer and agents,Multi-tick state belongs to the host and replicates by stable id.,6,src/workings.rs; src/world/workings.rs; base/workings.toml; src/tests/workings.rs,base_roster_is_eight_wand_workings_and_four_rituals; every_magical_route_keeps_a_bounded_niche_below_bulk_technology; draw_and_ordinary_flow_conserve_exact_heat_dross_and_fixed_point_remainders; crash_after_current_settlement_replays_world_effect_exactly_once_on_restart; ward_is_closed_supplied_ire_costed_and_breaks_without_rewriting_construction,proven,goals 1-8 implementation plus Goal 9 integrated audit,docs/magic-qualification-implementation.md
docs/magic-workings-plan.md:414,Multiplayer and agents,Prediction may animate charging but never apply world state.,6,src/workings.rs; src/world/workings.rs; base/workings.toml; src/tests/workings.rs,base_roster_is_eight_wand_workings_and_four_rituals; every_magical_route_keeps_a_bounded_niche_below_bulk_technology; draw_and_ordinary_flow_conserve_exact_heat_dross_and_fixed_point_remainders; crash_after_current_settlement_replays_world_effect_exactly_once_on_restart; ward_is_closed_supplied_ire_costed_and_breaks_without_rewriting_construction,proven,goals 1-8 implementation plus Goal 9 integrated audit,docs/magic-qualification-implementation.md
docs/magic-workings-plan.md:415,Multiplayer and agents,Simultaneous target transactions serialize or reject cleanly.,6,src/workings.rs; src/world/workings.rs; base/workings.toml; src/tests/workings.rs,base_roster_is_eight_wand_workings_and_four_rituals; every_magical_route_keeps_a_bounded_niche_below_bulk_technology; draw_and_ordinary_flow_conserve_exact_heat_dross_and_fixed_point_remainders; crash_after_current_settlement_replays_world_effect_exactly_once_on_restart; ward_is_closed_supplied_ire_costed_and_breaks_without_rewriting_construction,proven,goals 1-8 implementation plus Goal 9 integrated audit,docs/magic-qualification-implementation.md
docs/magic-workings-plan.md:416,Multiplayer and agents,Agents use aim/start/hold/release/cancel actions and receive ordinary cues.,6,src/workings.rs; src/world/workings.rs; base/workings.toml; src/tests/workings.rs,base_roster_is_eight_wand_workings_and_four_rituals; every_magical_route_keeps_a_bounded_niche_below_bulk_technology; draw_and_ordinary_flow_conserve_exact_heat_dross_and_fixed_point_remainders; crash_after_current_settlement_replays_world_effect_exactly_once_on_restart; ward_is_closed_supplied_ire_costed_and_breaks_without_rewriting_construction,proven,goals 1-8 implementation plus Goal 9 integrated audit,docs/magic-qualification-implementation.md
docs/magic-workings-plan.md:417,Multiplayer and agents,Moderation/audit records use stable player identity for harmful outcomes.,6,src/workings.rs; src/world/workings.rs; base/workings.toml; src/tests/workings.rs,base_roster_is_eight_wand_workings_and_four_rituals; every_magical_route_keeps_a_bounded_niche_below_bulk_technology; draw_and_ordinary_flow_conserve_exact_heat_dross_and_fixed_point_remainders; crash_after_current_settlement_replays_world_effect_exactly_once_on_restart; ward_is_closed_supplied_ire_costed_and_breaks_without_rewriting_construction,proven,goals 1-8 implementation plus Goal 9 integrated audit,docs/magic-qualification-implementation.md
docs/magic-workings-plan.md:423,Constitutional behavior,Every base working conserves Current.,6,src/workings.rs; src/world/workings.rs; base/workings.toml; src/tests/workings.rs,base_roster_is_eight_wand_workings_and_four_rituals; every_magical_route_keeps_a_bounded_niche_below_bulk_technology; draw_and_ordinary_flow_conserve_exact_heat_dross_and_fixed_point_remainders; crash_after_current_settlement_replays_world_effect_exactly_once_on_restart; ward_is_closed_supplied_ire_costed_and_breaks_without_rewriting_construction,proven,goals 1-8 implementation plus Goal 9 integrated audit,docs/magic-qualification-implementation.md
docs/magic-workings-plan.md:424,Constitutional behavior,"Draw conserves water, salt, temperature/dross carriers, and remainder.",6,src/workings.rs; src/world/workings.rs; base/workings.toml; src/tests/workings.rs,base_roster_is_eight_wand_workings_and_four_rituals; every_magical_route_keeps_a_bounded_niche_below_bulk_technology; draw_and_ordinary_flow_conserve_exact_heat_dross_and_fixed_point_remainders; crash_after_current_settlement_replays_world_effect_exactly_once_on_restart; ward_is_closed_supplied_ire_costed_and_breaks_without_rewriting_construction,proven,goals 1-8 implementation plus Goal 9 integrated audit,docs/magic-qualification-implementation.md
docs/magic-workings-plan.md:425,Constitutional behavior,Rootwake pays water/nutrients and never creates seed/biomass.,6,src/workings.rs; src/world/workings.rs; base/workings.toml; src/tests/workings.rs,base_roster_is_eight_wand_workings_and_four_rituals; every_magical_route_keeps_a_bounded_niche_below_bulk_technology; draw_and_ordinary_flow_conserve_exact_heat_dross_and_fixed_point_remainders; crash_after_current_settlement_replays_world_effect_exactly_once_on_restart; ward_is_closed_supplied_ire_costed_and_breaks_without_rewriting_construction,proven,goals 1-8 implementation plus Goal 9 integrated audit,docs/magic-qualification-implementation.md
docs/magic-workings-plan.md:426,Constitutional behavior,Fieldmend pays correct matching material and cannot upgrade/transmute.,6,src/workings.rs; src/world/workings.rs; base/workings.toml; src/tests/workings.rs,base_roster_is_eight_wand_workings_and_four_rituals; every_magical_route_keeps_a_bounded_niche_below_bulk_technology; draw_and_ordinary_flow_conserve_exact_heat_dross_and_fixed_point_remainders; crash_after_current_settlement_replays_world_effect_exactly_once_on_restart; ward_is_closed_supplied_ire_costed_and_breaks_without_rewriting_construction,proven,goals 1-8 implementation plus Goal 9 integrated audit,docs/magic-qualification-implementation.md
docs/magic-workings-plan.md:427,Constitutional behavior,Kindle uses ordinary fire fuel/provenance.,6,src/workings.rs; src/world/workings.rs; base/workings.toml; src/tests/workings.rs,base_roster_is_eight_wand_workings_and_four_rituals; every_magical_route_keeps_a_bounded_niche_below_bulk_technology; draw_and_ordinary_flow_conserve_exact_heat_dross_and_fixed_point_remainders; crash_after_current_settlement_replays_world_effect_exactly_once_on_restart; ward_is_closed_supplied_ire_costed_and_breaks_without_rewriting_construction,proven,goals 1-8 implementation plus Goal 9 integrated audit,docs/magic-qualification-implementation.md
docs/magic-workings-plan.md:428,Constitutional behavior,Holdfast never reverses age.,6,src/workings.rs; src/world/workings.rs; base/workings.toml; src/tests/workings.rs,base_roster_is_eight_wand_workings_and_four_rituals; every_magical_route_keeps_a_bounded_niche_below_bulk_technology; draw_and_ordinary_flow_conserve_exact_heat_dross_and_fixed_point_remainders; crash_after_current_settlement_replays_world_effect_exactly_once_on_restart; ward_is_closed_supplied_ire_costed_and_breaks_without_rewriting_construction,proven,goals 1-8 implementation plus Goal 9 integrated audit,docs/magic-qualification-implementation.md
docs/magic-workings-plan.md:429,Constitutional behavior,Forbidden fixture effects fail registration or transaction validation.,6,src/workings.rs; src/world/workings.rs; base/workings.toml; src/tests/workings.rs,base_roster_is_eight_wand_workings_and_four_rituals; every_magical_route_keeps_a_bounded_niche_below_bulk_technology; draw_and_ordinary_flow_conserve_exact_heat_dross_and_fixed_point_remainders; crash_after_current_settlement_replays_world_effect_exactly_once_on_restart; ward_is_closed_supplied_ire_costed_and_breaks_without_rewriting_construction,proven,goals 1-8 implementation plus Goal 9 integrated audit,docs/magic-qualification-implementation.md
docs/magic-workings-plan.md:433,Transactions and failure,"Start, complete, cancel, interrupt, disconnect, death, chunk unload,",6,src/workings.rs; src/world/workings.rs; base/workings.toml; src/tests/workings.rs,base_roster_is_eight_wand_workings_and_four_rituals; every_magical_route_keeps_a_bounded_niche_below_bulk_technology; draw_and_ordinary_flow_conserve_exact_heat_dross_and_fixed_point_remainders; crash_after_current_settlement_replays_world_effect_exactly_once_on_restart; ward_is_closed_supplied_ire_costed_and_breaks_without_rewriting_construction,proven,goals 1-8 implementation plus Goal 9 integrated audit,docs/magic-qualification-implementation.md
docs/magic-workings-plan.md:435,Transactions and failure,Competing actions cannot double-spend a source or target.,6,src/workings.rs; src/world/workings.rs; base/workings.toml; src/tests/workings.rs,base_roster_is_eight_wand_workings_and_four_rituals; every_magical_route_keeps_a_bounded_niche_below_bulk_technology; draw_and_ordinary_flow_conserve_exact_heat_dross_and_fixed_point_remainders; crash_after_current_settlement_replays_world_effect_exactly_once_on_restart; ward_is_closed_supplied_ire_costed_and_breaks_without_rewriting_construction,proven,goals 1-8 implementation plus Goal 9 integrated audit,docs/magic-qualification-implementation.md
docs/magic-workings-plan.md:436,Transactions and failure,Forced overdraw produces deterministic expected dross/strain/failure.,6,src/workings.rs; src/world/workings.rs; base/workings.toml; src/tests/workings.rs,base_roster_is_eight_wand_workings_and_four_rituals; every_magical_route_keeps_a_bounded_niche_below_bulk_technology; draw_and_ordinary_flow_conserve_exact_heat_dross_and_fixed_point_remainders; crash_after_current_settlement_replays_world_effect_exactly_once_on_restart; ward_is_closed_supplied_ire_costed_and_breaks_without_rewriting_construction,proven,goals 1-8 implementation plus Goal 9 integrated audit,docs/magic-qualification-implementation.md
docs/magic-workings-plan.md:437,Transactions and failure,Damaged apparatus changes behavior according to visible state.,6,src/workings.rs; src/world/workings.rs; base/workings.toml; src/tests/workings.rs,base_roster_is_eight_wand_workings_and_four_rituals; every_magical_route_keeps_a_bounded_niche_below_bulk_technology; draw_and_ordinary_flow_conserve_exact_heat_dross_and_fixed_point_remainders; crash_after_current_settlement_replays_world_effect_exactly_once_on_restart; ward_is_closed_supplied_ire_costed_and_breaks_without_rewriting_construction,proven,goals 1-8 implementation plus Goal 9 integrated audit,docs/magic-qualification-implementation.md
docs/magic-workings-plan.md:438,Transactions and failure,No failure rewrites player-built blocks.,6,src/workings.rs; src/world/workings.rs; base/workings.toml; src/tests/workings.rs,base_roster_is_eight_wand_workings_and_four_rituals; every_magical_route_keeps_a_bounded_niche_below_bulk_technology; draw_and_ordinary_flow_conserve_exact_heat_dross_and_fixed_point_remainders; crash_after_current_settlement_replays_world_effect_exactly_once_on_restart; ward_is_closed_supplied_ire_costed_and_breaks_without_rewriting_construction,proven,goals 1-8 implementation plus Goal 9 integrated audit,docs/magic-qualification-implementation.md
docs/magic-workings-plan.md:442,Balance and integration,Each magical route remains worse than its mundane counterpart at bulk,6,src/workings.rs; src/world/workings.rs; base/workings.toml; src/tests/workings.rs,base_roster_is_eight_wand_workings_and_four_rituals; every_magical_route_keeps_a_bounded_niche_below_bulk_technology; draw_and_ordinary_flow_conserve_exact_heat_dross_and_fixed_point_remainders; crash_after_current_settlement_replays_world_effect_exactly_once_on_restart; ward_is_closed_supplied_ire_costed_and_breaks_without_rewriting_construction,proven,goals 1-8 implementation plus Goal 9 integrated audit,docs/magic-qualification-implementation.md
docs/magic-workings-plan.md:444,Balance and integration,"Ward pressure scales, overloads, and never changes stored Ire.",6,src/workings.rs; src/world/workings.rs; base/workings.toml; src/tests/workings.rs,base_roster_is_eight_wand_workings_and_four_rituals; every_magical_route_keeps_a_bounded_niche_below_bulk_technology; draw_and_ordinary_flow_conserve_exact_heat_dross_and_fixed_point_remainders; crash_after_current_settlement_replays_world_effect_exactly_once_on_restart; ward_is_closed_supplied_ire_costed_and_breaks_without_rewriting_construction,proven,goals 1-8 implementation plus Goal 9 integrated audit,docs/magic-qualification-implementation.md
docs/magic-workings-plan.md:445,Balance and integration,"Dead hearts, seasons, climate, and habitat remain authoritative.",6,src/workings.rs; src/world/workings.rs; base/workings.toml; src/tests/workings.rs,base_roster_is_eight_wand_workings_and_four_rituals; every_magical_route_keeps_a_bounded_niche_below_bulk_technology; draw_and_ordinary_flow_conserve_exact_heat_dross_and_fixed_point_remainders; crash_after_current_settlement_replays_world_effect_exactly_once_on_restart; ward_is_closed_supplied_ire_costed_and_breaks_without_rewriting_construction,proven,goals 1-8 implementation plus Goal 9 integrated audit,docs/magic-qualification-implementation.md
docs/magic-workings-plan.md:446,Balance and integration,Local/host/dedicated/guest/agent results are identical.,6,src/workings.rs; src/world/workings.rs; base/workings.toml; src/tests/workings.rs,base_roster_is_eight_wand_workings_and_four_rituals; every_magical_route_keeps_a_bounded_niche_below_bulk_technology; draw_and_ordinary_flow_conserve_exact_heat_dross_and_fixed_point_remainders; crash_after_current_settlement_replays_world_effect_exactly_once_on_restart; ward_is_closed_supplied_ire_costed_and_breaks_without_rewriting_construction,proven,goals 1-8 implementation plus Goal 9 integrated audit,docs/magic-qualification-implementation.md
docs/magic-workings-plan.md:447,Balance and integration,Valid fixture-mod workings use approved handlers; raw mutation is denied.,6,src/workings.rs; src/world/workings.rs; base/workings.toml; src/tests/workings.rs,base_roster_is_eight_wand_workings_and_four_rituals; every_magical_route_keeps_a_bounded_niche_below_bulk_technology; draw_and_ordinary_flow_conserve_exact_heat_dross_and_fixed_point_remainders; crash_after_current_settlement_replays_world_effect_exactly_once_on_restart; ward_is_closed_supplied_ire_costed_and_breaks_without_rewriting_construction,proven,goals 1-8 implementation plus Goal 9 integrated audit,docs/magic-qualification-implementation.md
docs/magic-workings-plan.md:448,Balance and integration,Performance stays bounded under maximum legal active workings and rituals.,6,src/workings.rs; src/world/workings.rs; base/workings.toml; src/tests/workings.rs,base_roster_is_eight_wand_workings_and_four_rituals; every_magical_route_keeps_a_bounded_niche_below_bulk_technology; draw_and_ordinary_flow_conserve_exact_heat_dross_and_fixed_point_remainders; crash_after_current_settlement_replays_world_effect_exactly_once_on_restart; ward_is_closed_supplied_ire_costed_and_breaks_without_rewriting_construction,proven,goals 1-8 implementation plus Goal 9 integrated audit,docs/magic-qualification-implementation.md
docs/magic-workings-plan.md:454,Completion criteria,"the base wand and ritual roster works through atomic linked transactions,",6,src/workings.rs; src/world/workings.rs; base/workings.toml; src/tests/workings.rs,base_roster_is_eight_wand_workings_and_four_rituals; every_magical_route_keeps_a_bounded_niche_below_bulk_technology; draw_and_ordinary_flow_conserve_exact_heat_dross_and_fixed_point_remainders; crash_after_current_settlement_replays_world_effect_exactly_once_on_restart; ward_is_closed_supplied_ire_costed_and_breaks_without_rewriting_construction,proven,goals 1-8 implementation plus Goal 9 integrated audit,docs/magic-qualification-implementation.md
docs/magic-workings-plan.md:455,Completion criteria,"every effect pays Current and all relevant physical ledgers,",6,src/workings.rs; src/world/workings.rs; base/workings.toml; src/tests/workings.rs,base_roster_is_eight_wand_workings_and_four_rituals; every_magical_route_keeps_a_bounded_niche_below_bulk_technology; draw_and_ordinary_flow_conserve_exact_heat_dross_and_fixed_point_remainders; crash_after_current_settlement_replays_world_effect_exactly_once_on_restart; ward_is_closed_supplied_ire_costed_and_breaks_without_rewriting_construction,proven,goals 1-8 implementation plus Goal 9 integrated audit,docs/magic-qualification-implementation.md
docs/magic-workings-plan.md:456,Completion criteria,"forced misuse is legible, deterministic, and produces accounted dross,",6,src/workings.rs; src/world/workings.rs; base/workings.toml; src/tests/workings.rs,base_roster_is_eight_wand_workings_and_four_rituals; every_magical_route_keeps_a_bounded_niche_below_bulk_technology; draw_and_ordinary_flow_conserve_exact_heat_dross_and_fixed_point_remainders; crash_after_current_settlement_replays_world_effect_exactly_once_on_restart; ward_is_closed_supplied_ire_costed_and_breaks_without_rewriting_construction,proven,goals 1-8 implementation plus Goal 9 integrated audit,docs/magic-qualification-implementation.md
docs/magic-workings-plan.md:457,Completion criteria,"no base or mod path can conjure, transmute, teleport, duplicate, or reveal",6,src/workings.rs; src/world/workings.rs; base/workings.toml; src/tests/workings.rs,base_roster_is_eight_wand_workings_and_four_rituals; every_magical_route_keeps_a_bounded_niche_below_bulk_technology; draw_and_ordinary_flow_conserve_exact_heat_dross_and_fixed_point_remainders; crash_after_current_settlement_replays_world_effect_exactly_once_on_restart; ward_is_closed_supplied_ire_costed_and_breaks_without_rewriting_construction,proven,goals 1-8 implementation plus Goal 9 integrated audit,docs/magic-qualification-implementation.md
docs/magic-workings-plan.md:459,Completion criteria,"technology remains the reliable bulk answer,",6,src/workings.rs; src/world/workings.rs; base/workings.toml; src/tests/workings.rs,base_roster_is_eight_wand_workings_and_four_rituals; every_magical_route_keeps_a_bounded_niche_below_bulk_technology; draw_and_ordinary_flow_conserve_exact_heat_dross_and_fixed_point_remainders; crash_after_current_settlement_replays_world_effect_exactly_once_on_restart; ward_is_closed_supplied_ire_costed_and_breaks_without_rewriting_construction,proven,goals 1-8 implementation plus Goal 9 integrated audit,docs/magic-qualification-implementation.md
docs/magic-workings-plan.md:460,Completion criteria,"persistence, crash, multiplayer, agents, mods, presentation, and",6,src/workings.rs; src/world/workings.rs; base/workings.toml; src/tests/workings.rs,base_roster_is_eight_wand_workings_and_four_rituals; every_magical_route_keeps_a_bounded_niche_below_bulk_technology; draw_and_ordinary_flow_conserve_exact_heat_dross_and_fixed_point_remainders; crash_after_current_settlement_replays_world_effect_exactly_once_on_restart; ward_is_closed_supplied_ire_costed_and_breaks_without_rewriting_construction,proven,goals 1-8 implementation plus Goal 9 integrated audit,docs/magic-qualification-implementation.md
docs/magic-workings-plan.md:462,Completion criteria,"constitutional, balance, abuse, performance, and repository gates pass.",6,src/workings.rs; src/world/workings.rs; base/workings.toml; src/tests/workings.rs,base_roster_is_eight_wand_workings_and_four_rituals; every_magical_route_keeps_a_bounded_niche_below_bulk_technology; draw_and_ordinary_flow_conserve_exact_heat_dross_and_fixed_point_remainders; crash_after_current_settlement_replays_world_effect_exactly_once_on_restart; ward_is_closed_supplied_ire_costed_and_breaks_without_rewriting_construction,proven,goals 1-8 implementation plus Goal 9 integrated audit,docs/magic-qualification-implementation.md
docs/magic-workings-plan.md:catalog-1,named catalog,working: Trace,6,src/workings.rs; src/world/workings.rs; base/workings.toml; src/tests/workings.rs,base_roster_is_eight_wand_workings_and_four_rituals; every_magical_route_keeps_a_bounded_niche_below_bulk_technology; draw_and_ordinary_flow_conserve_exact_heat_dross_and_fixed_point_remainders; crash_after_current_settlement_replays_world_effect_exactly_once_on_restart; ward_is_closed_supplied_ire_costed_and_breaks_without_rewriting_construction,proven,goals 1-8 implementation plus Goal 9 integrated audit,docs/magic-qualification-implementation.md
docs/magic-workings-plan.md:catalog-2,named catalog,working: Gleam,6,src/workings.rs; src/world/workings.rs; base/workings.toml; src/tests/workings.rs,base_roster_is_eight_wand_workings_and_four_rituals; every_magical_route_keeps_a_bounded_niche_below_bulk_technology; draw_and_ordinary_flow_conserve_exact_heat_dross_and_fixed_point_remainders; crash_after_current_settlement_replays_world_effect_exactly_once_on_restart; ward_is_closed_supplied_ire_costed_and_breaks_without_rewriting_construction,proven,goals 1-8 implementation plus Goal 9 integrated audit,docs/magic-qualification-implementation.md
docs/magic-workings-plan.md:catalog-3,named catalog,working: Kindle,6,src/workings.rs; src/world/workings.rs; base/workings.toml; src/tests/workings.rs,base_roster_is_eight_wand_workings_and_four_rituals; every_magical_route_keeps_a_bounded_niche_below_bulk_technology; draw_and_ordinary_flow_conserve_exact_heat_dross_and_fixed_point_remainders; crash_after_current_settlement_replays_world_effect_exactly_once_on_restart; ward_is_closed_supplied_ire_costed_and_breaks_without_rewriting_construction,proven,goals 1-8 implementation plus Goal 9 integrated audit,docs/magic-qualification-implementation.md
docs/magic-workings-plan.md:catalog-4,named catalog,working: Nudge,6,src/workings.rs; src/world/workings.rs; base/workings.toml; src/tests/workings.rs,base_roster_is_eight_wand_workings_and_four_rituals; every_magical_route_keeps_a_bounded_niche_below_bulk_technology; draw_and_ordinary_flow_conserve_exact_heat_dross_and_fixed_point_remainders; crash_after_current_settlement_replays_world_effect_exactly_once_on_restart; ward_is_closed_supplied_ire_costed_and_breaks_without_rewriting_construction,proven,goals 1-8 implementation plus Goal 9 integrated audit,docs/magic-qualification-implementation.md
docs/magic-workings-plan.md:catalog-5,named catalog,working: Rootwake,6,src/workings.rs; src/world/workings.rs; base/workings.toml; src/tests/workings.rs,base_roster_is_eight_wand_workings_and_four_rituals; every_magical_route_keeps_a_bounded_niche_below_bulk_technology; draw_and_ordinary_flow_conserve_exact_heat_dross_and_fixed_point_remainders; crash_after_current_settlement_replays_world_effect_exactly_once_on_restart; ward_is_closed_supplied_ire_costed_and_breaks_without_rewriting_construction,proven,goals 1-8 implementation plus Goal 9 integrated audit,docs/magic-qualification-implementation.md
docs/magic-workings-plan.md:catalog-6,named catalog,working: Draw,6,src/workings.rs; src/world/workings.rs; base/workings.toml; src/tests/workings.rs,base_roster_is_eight_wand_workings_and_four_rituals; every_magical_route_keeps_a_bounded_niche_below_bulk_technology; draw_and_ordinary_flow_conserve_exact_heat_dross_and_fixed_point_remainders; crash_after_current_settlement_replays_world_effect_exactly_once_on_restart; ward_is_closed_supplied_ire_costed_and_breaks_without_rewriting_construction,proven,goals 1-8 implementation plus Goal 9 integrated audit,docs/magic-qualification-implementation.md
docs/magic-workings-plan.md:catalog-7,named catalog,working: Fieldmend,6,src/workings.rs; src/world/workings.rs; base/workings.toml; src/tests/workings.rs,base_roster_is_eight_wand_workings_and_four_rituals; every_magical_route_keeps_a_bounded_niche_below_bulk_technology; draw_and_ordinary_flow_conserve_exact_heat_dross_and_fixed_point_remainders; crash_after_current_settlement_replays_world_effect_exactly_once_on_restart; ward_is_closed_supplied_ire_costed_and_breaks_without_rewriting_construction,proven,goals 1-8 implementation plus Goal 9 integrated audit,docs/magic-qualification-implementation.md
docs/magic-workings-plan.md:catalog-8,named catalog,working: Holdfast,6,src/workings.rs; src/world/workings.rs; base/workings.toml; src/tests/workings.rs,base_roster_is_eight_wand_workings_and_four_rituals; every_magical_route_keeps_a_bounded_niche_below_bulk_technology; draw_and_ordinary_flow_conserve_exact_heat_dross_and_fixed_point_remainders; crash_after_current_settlement_replays_world_effect_exactly_once_on_restart; ward_is_closed_supplied_ire_costed_and_breaks_without_rewriting_construction,proven,goals 1-8 implementation plus Goal 9 integrated audit,docs/magic-qualification-implementation.md
docs/magic-workings-plan.md:catalog-9,named catalog,ritual: Settling Rite,6,src/workings.rs; src/world/workings.rs; base/workings.toml; src/tests/workings.rs,base_roster_is_eight_wand_workings_and_four_rituals; every_magical_route_keeps_a_bounded_niche_below_bulk_technology; draw_and_ordinary_flow_conserve_exact_heat_dross_and_fixed_point_remainders; crash_after_current_settlement_replays_world_effect_exactly_once_on_restart; ward_is_closed_supplied_ire_costed_and_breaks_without_rewriting_construction,proven,goals 1-8 implementation plus Goal 9 integrated audit,docs/magic-qualification-implementation.md
docs/magic-workings-plan.md:catalog-10,named catalog,ritual: Rooting Bed,6,src/workings.rs; src/world/workings.rs; base/workings.toml; src/tests/workings.rs,base_roster_is_eight_wand_workings_and_four_rituals; every_magical_route_keeps_a_bounded_niche_below_bulk_technology; draw_and_ordinary_flow_conserve_exact_heat_dross_and_fixed_point_remainders; crash_after_current_settlement_replays_world_effect_exactly_once_on_restart; ward_is_closed_supplied_ire_costed_and_breaks_without_rewriting_construction,proven,goals 1-8 implementation plus Goal 9 integrated audit,docs/magic-qualification-implementation.md
docs/magic-workings-plan.md:catalog-11,named catalog,ritual: Ward Boundary,6,src/workings.rs; src/world/workings.rs; base/workings.toml; src/tests/workings.rs,base_roster_is_eight_wand_workings_and_four_rituals; every_magical_route_keeps_a_bounded_niche_below_bulk_technology; draw_and_ordinary_flow_conserve_exact_heat_dross_and_fixed_point_remainders; crash_after_current_settlement_replays_world_effect_exactly_once_on_restart; ward_is_closed_supplied_ire_costed_and_breaks_without_rewriting_construction,proven,goals 1-8 implementation plus Goal 9 integrated audit,docs/magic-qualification-implementation.md
docs/magic-workings-plan.md:catalog-12,named catalog,ritual: Transfer Circle,6,src/workings.rs; src/world/workings.rs; base/workings.toml; src/tests/workings.rs,base_roster_is_eight_wand_workings_and_four_rituals; every_magical_route_keeps_a_bounded_niche_below_bulk_technology; draw_and_ordinary_flow_conserve_exact_heat_dross_and_fixed_point_remainders; crash_after_current_settlement_replays_world_effect_exactly_once_on_restart; ward_is_closed_supplied_ire_costed_and_breaks_without_rewriting_construction,proven,goals 1-8 implementation plus Goal 9 integrated audit,docs/magic-qualification-implementation.md
docs/magic-workings-plan.md:catalog-13,named catalog,command: --workings-audit,6,src/workings.rs; src/world/workings.rs; base/workings.toml; src/tests/workings.rs,base_roster_is_eight_wand_workings_and_four_rituals; every_magical_route_keeps_a_bounded_niche_below_bulk_technology; draw_and_ordinary_flow_conserve_exact_heat_dross_and_fixed_point_remainders; crash_after_current_settlement_replays_world_effect_exactly_once_on_restart; ward_is_closed_supplied_ire_costed_and_breaks_without_rewriting_construction,proven,goals 1-8 implementation plus Goal 9 integrated audit,docs/magic-qualification-implementation.md
docs/magic-alchemy-plan.md:58,Mortar and grinding slab,Reduces plants/minerals to measured mash or powder.,7,src/alchemy.rs; src/world/alchemy.rs; base/preparations.toml; src/tests/alchemy.rs,every_base_preparation_completes_through_its_real_apparatus_sequence; embodied_hearth_batch_is_exact_transactional_and_cannot_overfill; ordinary_automation_uses_the_same_timing_inputs_and_yield_as_manual_control; closed_world_alchemy_audit_reconciles_all_parent_ledgers,proven,goals 1-8 implementation plus Goal 9 integrated audit,docs/magic-qualification-implementation.md
docs/magic-alchemy-plan.md:59,Mortar and grinding slab,Consumes durability and may lose a declared ordinary fraction as dust.,7,src/alchemy.rs; src/world/alchemy.rs; base/preparations.toml; src/tests/alchemy.rs,every_base_preparation_completes_through_its_real_apparatus_sequence; embodied_hearth_batch_is_exact_transactional_and_cannot_overfill; ordinary_automation_uses_the_same_timing_inputs_and_yield_as_manual_control; closed_world_alchemy_audit_reconciles_all_parent_ledgers,proven,goals 1-8 implementation plus Goal 9 integrated audit,docs/magic-qualification-implementation.md
docs/magic-alchemy-plan.md:60,Mortar and grinding slab,Releases or retains charge according to material; careless grinding of a,7,src/alchemy.rs; src/world/alchemy.rs; base/preparations.toml; src/tests/alchemy.rs,every_base_preparation_completes_through_its_real_apparatus_sequence; embodied_hearth_batch_is_exact_transactional_and_cannot_overfill; ordinary_automation_uses_the_same_timing_inputs_and_yield_as_manual_control; closed_world_alchemy_audit_reconciles_all_parent_ledgers,proven,goals 1-8 implementation plus Goal 9 integrated audit,docs/magic-qualification-implementation.md
docs/magic-alchemy-plan.md:65,Infusion basin,Holds a finite solvent batch and mounted ingredients.,7,src/alchemy.rs; src/world/alchemy.rs; base/preparations.toml; src/tests/alchemy.rs,every_base_preparation_completes_through_its_real_apparatus_sequence; embodied_hearth_batch_is_exact_transactional_and_cannot_overfill; ordinary_automation_uses_the_same_timing_inputs_and_yield_as_manual_control; closed_world_alchemy_audit_reconciles_all_parent_ledgers,proven,goals 1-8 implementation plus Goal 9 integrated audit,docs/magic-qualification-implementation.md
docs/magic-alchemy-plan.md:66,Infusion basin,Draws charge through an adjacent vessel/conductor.,7,src/alchemy.rs; src/world/alchemy.rs; base/preparations.toml; src/tests/alchemy.rs,every_base_preparation_completes_through_its_real_apparatus_sequence; embodied_hearth_batch_is_exact_transactional_and_cannot_overfill; ordinary_automation_uses_the_same_timing_inputs_and_yield_as_manual_control; closed_world_alchemy_audit_reconciles_all_parent_ledgers,proven,goals 1-8 implementation plus Goal 9 integrated audit,docs/magic-qualification-implementation.md
docs/magic-alchemy-plan.md:67,Infusion basin,Requires a controlled interval and permits sampling.,7,src/alchemy.rs; src/world/alchemy.rs; base/preparations.toml; src/tests/alchemy.rs,every_base_preparation_completes_through_its_real_apparatus_sequence; embodied_hearth_batch_is_exact_transactional_and_cannot_overfill; ordinary_automation_uses_the_same_timing_inputs_and_yield_as_manual_control; closed_world_alchemy_audit_reconciles_all_parent_ledgers,proven,goals 1-8 implementation plus Goal 9 integrated audit,docs/magic-qualification-implementation.md
docs/magic-alchemy-plan.md:68,Infusion basin,"Has an actual liquid/container state, not three abstract slots and an arrow.",7,src/alchemy.rs; src/world/alchemy.rs; base/preparations.toml; src/tests/alchemy.rs,every_base_preparation_completes_through_its_real_apparatus_sequence; embodied_hearth_batch_is_exact_transactional_and_cannot_overfill; ordinary_automation_uses_the_same_timing_inputs_and_yield_as_manual_control; closed_world_alchemy_audit_reconciles_all_parent_ledgers,proven,goals 1-8 implementation plus Goal 9 integrated audit,docs/magic-qualification-implementation.md
docs/magic-alchemy-plan.md:72,Alembic/still,Uses existing heat sources and glass/metal components.,7,src/alchemy.rs; src/world/alchemy.rs; base/preparations.toml; src/tests/alchemy.rs,every_base_preparation_completes_through_its_real_apparatus_sequence; embodied_hearth_batch_is_exact_transactional_and_cannot_overfill; ordinary_automation_uses_the_same_timing_inputs_and_yield_as_manual_control; closed_world_alchemy_audit_reconciles_all_parent_ledgers,proven,goals 1-8 implementation plus Goal 9 integrated audit,docs/magic-qualification-implementation.md
docs/magic-alchemy-plan.md:73,Alembic/still,Separates volatile fractions and returns condensate through real vessels.,7,src/alchemy.rs; src/world/alchemy.rs; base/preparations.toml; src/tests/alchemy.rs,every_base_preparation_completes_through_its_real_apparatus_sequence; embodied_hearth_batch_is_exact_transactional_and_cannot_overfill; ordinary_automation_uses_the_same_timing_inputs_and_yield_as_manual_control; closed_world_alchemy_audit_reconciles_all_parent_ledgers,proven,goals 1-8 implementation plus Goal 9 integrated audit,docs/magic-qualification-implementation.md
docs/magic-alchemy-plan.md:74,Alembic/still,"Conserves water/solvent, salt/nonvolatile matter, charge, and residues.",7,src/alchemy.rs; src/world/alchemy.rs; base/preparations.toml; src/tests/alchemy.rs,every_base_preparation_completes_through_its_real_apparatus_sequence; embodied_hearth_batch_is_exact_transactional_and_cannot_overfill; ordinary_automation_uses_the_same_timing_inputs_and_yield_as_manual_control; closed_world_alchemy_audit_reconciles_all_parent_ledgers,proven,goals 1-8 implementation plus Goal 9 integrated audit,docs/magic-qualification-implementation.md
docs/magic-alchemy-plan.md:75,Alembic/still,"Can leak vapor/charge/dross if cracked, overheated, or poorly cooled.",7,src/alchemy.rs; src/world/alchemy.rs; base/preparations.toml; src/tests/alchemy.rs,every_base_preparation_completes_through_its_real_apparatus_sequence; embodied_hearth_batch_is_exact_transactional_and_cannot_overfill; ordinary_automation_uses_the_same_timing_inputs_and_yield_as_manual_control; closed_world_alchemy_audit_reconciles_all_parent_ledgers,proven,goals 1-8 implementation plus Goal 9 integrated audit,docs/magic-qualification-implementation.md
docs/magic-alchemy-plan.md:79,Filter stand,"Passes liquid/air samples through Ashlace, charcoal, cloth, still salt, or",7,src/alchemy.rs; src/world/alchemy.rs; base/preparations.toml; src/tests/alchemy.rs,every_base_preparation_completes_through_its_real_apparatus_sequence; embodied_hearth_batch_is_exact_transactional_and_cannot_overfill; ordinary_automation_uses_the_same_timing_inputs_and_yield_as_manual_control; closed_world_alchemy_audit_reconciles_all_parent_ledgers,proven,goals 1-8 implementation plus Goal 9 integrated audit,docs/magic-qualification-implementation.md
docs/magic-alchemy-plan.md:81,Filter stand,Transfers contaminants into a finite filter burden.,7,src/alchemy.rs; src/world/alchemy.rs; base/preparations.toml; src/tests/alchemy.rs,every_base_preparation_completes_through_its_real_apparatus_sequence; embodied_hearth_batch_is_exact_transactional_and_cannot_overfill; ordinary_automation_uses_the_same_timing_inputs_and_yield_as_manual_control; closed_world_alchemy_audit_reconciles_all_parent_ledgers,proven,goals 1-8 implementation plus Goal 9 integrated audit,docs/magic-qualification-implementation.md
docs/magic-alchemy-plan.md:82,Filter stand,A spent filter remains hazardous and must be treated or stored.,7,src/alchemy.rs; src/world/alchemy.rs; base/preparations.toml; src/tests/alchemy.rs,every_base_preparation_completes_through_its_real_apparatus_sequence; embodied_hearth_batch_is_exact_transactional_and_cannot_overfill; ordinary_automation_uses_the_same_timing_inputs_and_yield_as_manual_control; closed_world_alchemy_audit_reconciles_all_parent_ledgers,proven,goals 1-8 implementation plus Goal 9 integrated audit,docs/magic-qualification-implementation.md
docs/magic-alchemy-plan.md:91,Solvents and vessels,"fresh water,",7,src/alchemy.rs; src/world/alchemy.rs; base/preparations.toml; src/tests/alchemy.rs,every_base_preparation_completes_through_its_real_apparatus_sequence; embodied_hearth_batch_is_exact_transactional_and_cannot_overfill; ordinary_automation_uses_the_same_timing_inputs_and_yield_as_manual_control; closed_world_alchemy_audit_reconciles_all_parent_ledgers,proven,goals 1-8 implementation plus Goal 9 integrated audit,docs/magic-qualification-implementation.md
docs/magic-alchemy-plan.md:92,Solvents and vessels,"brine where the process calls for it,",7,src/alchemy.rs; src/world/alchemy.rs; base/preparations.toml; src/tests/alchemy.rs,every_base_preparation_completes_through_its_real_apparatus_sequence; embodied_hearth_batch_is_exact_transactional_and_cannot_overfill; ordinary_automation_uses_the_same_timing_inputs_and_yield_as_manual_control; closed_world_alchemy_audit_reconciles_all_parent_ledgers,proven,goals 1-8 implementation plus Goal 9 integrated audit,docs/magic-qualification-implementation.md
docs/magic-alchemy-plan.md:93,Solvents and vessels,"fermented alcohol introduced through an ordinary food process,",7,src/alchemy.rs; src/world/alchemy.rs; base/preparations.toml; src/tests/alchemy.rs,every_base_preparation_completes_through_its_real_apparatus_sequence; embodied_hearth_batch_is_exact_transactional_and_cannot_overfill; ordinary_automation_uses_the_same_timing_inputs_and_yield_as_manual_control; closed_world_alchemy_audit_reconciles_all_parent_ledgers,proven,goals 1-8 implementation plus Goal 9 integrated audit,docs/magic-qualification-implementation.md
docs/magic-alchemy-plan.md:94,Solvents and vessels,plant oil/fat where available.,7,src/alchemy.rs; src/world/alchemy.rs; base/preparations.toml; src/tests/alchemy.rs,every_base_preparation_completes_through_its_real_apparatus_sequence; embodied_hearth_batch_is_exact_transactional_and_cannot_overfill; ordinary_automation_uses_the_same_timing_inputs_and_yield_as_manual_control; closed_world_alchemy_audit_reconciles_all_parent_ledgers,proven,goals 1-8 implementation plus Goal 9 integrated audit,docs/magic-qualification-implementation.md
docs/magic-alchemy-plan.md:102,Solvents and vessels,"filling transfers exact volume and batch state,",7,src/alchemy.rs; src/world/alchemy.rs; base/preparations.toml; src/tests/alchemy.rs,every_base_preparation_completes_through_its_real_apparatus_sequence; embodied_hearth_batch_is_exact_transactional_and_cannot_overfill; ordinary_automation_uses_the_same_timing_inputs_and_yield_as_manual_control; closed_world_alchemy_audit_reconciles_all_parent_ledgers,proven,goals 1-8 implementation plus Goal 9 integrated audit,docs/magic-qualification-implementation.md
docs/magic-alchemy-plan.md:103,Solvents and vessels,"drinking returns an empty vessel,",7,src/alchemy.rs; src/world/alchemy.rs; base/preparations.toml; src/tests/alchemy.rs,every_base_preparation_completes_through_its_real_apparatus_sequence; embodied_hearth_batch_is_exact_transactional_and_cannot_overfill; ordinary_automation_uses_the_same_timing_inputs_and_yield_as_manual_control; closed_world_alchemy_audit_reconciles_all_parent_ledgers,proven,goals 1-8 implementation plus Goal 9 integrated audit,docs/magic-qualification-implementation.md
docs/magic-alchemy-plan.md:104,Solvents and vessels,"throwing/breaking credits liquid, charge, dross, and glass disposition to",7,src/alchemy.rs; src/world/alchemy.rs; base/preparations.toml; src/tests/alchemy.rs,every_base_preparation_completes_through_its_real_apparatus_sequence; embodied_hearth_batch_is_exact_transactional_and_cannot_overfill; ordinary_automation_uses_the_same_timing_inputs_and_yield_as_manual_control; closed_world_alchemy_audit_reconciles_all_parent_ledgers,proven,goals 1-8 implementation plus Goal 9 integrated audit,docs/magic-qualification-implementation.md
docs/magic-alchemy-plan.md:106,Solvents and vessels,partial containers either use bounded exact fill levels or are disallowed,7,src/alchemy.rs; src/world/alchemy.rs; base/preparations.toml; src/tests/alchemy.rs,every_base_preparation_completes_through_its_real_apparatus_sequence; embodied_hearth_batch_is_exact_transactional_and_cannot_overfill; ordinary_automation_uses_the_same_timing_inputs_and_yield_as_manual_control; closed_world_alchemy_audit_reconciles_all_parent_ledgers,proven,goals 1-8 implementation plus Goal 9 integrated audit,docs/magic-qualification-implementation.md
docs/magic-alchemy-plan.md:108,Solvents and vessels,stackability requires identical batch and remaining-life state.,7,src/alchemy.rs; src/world/alchemy.rs; base/preparations.toml; src/tests/alchemy.rs,every_base_preparation_completes_through_its_real_apparatus_sequence; embodied_hearth_batch_is_exact_transactional_and_cannot_overfill; ordinary_automation_uses_the_same_timing_inputs_and_yield_as_manual_control; closed_world_alchemy_audit_reconciles_all_parent_ledgers,proven,goals 1-8 implementation plus Goal 9 integrated audit,docs/magic-qualification-implementation.md
docs/magic-alchemy-plan.md:114,Process control,"temperature band,",7,src/alchemy.rs; src/world/alchemy.rs; base/preparations.toml; src/tests/alchemy.rs,every_base_preparation_completes_through_its_real_apparatus_sequence; embodied_hearth_batch_is_exact_transactional_and_cannot_overfill; ordinary_automation_uses_the_same_timing_inputs_and_yield_as_manual_control; closed_world_alchemy_audit_reconciles_all_parent_ledgers,proven,goals 1-8 implementation plus Goal 9 integrated audit,docs/magic-qualification-implementation.md
docs/magic-alchemy-plan.md:115,Process control,"order of operations,",7,src/alchemy.rs; src/world/alchemy.rs; base/preparations.toml; src/tests/alchemy.rs,every_base_preparation_completes_through_its_real_apparatus_sequence; embodied_hearth_batch_is_exact_transactional_and_cannot_overfill; ordinary_automation_uses_the_same_timing_inputs_and_yield_as_manual_control; closed_world_alchemy_audit_reconciles_all_parent_ledgers,proven,goals 1-8 implementation plus Goal 9 integrated audit,docs/magic-qualification-implementation.md
docs/magic-alchemy-plan.md:116,Process control,"time,",7,src/alchemy.rs; src/world/alchemy.rs; base/preparations.toml; src/tests/alchemy.rs,every_base_preparation_completes_through_its_real_apparatus_sequence; embodied_hearth_batch_is_exact_transactional_and_cannot_overfill; ordinary_automation_uses_the_same_timing_inputs_and_yield_as_manual_control; closed_world_alchemy_audit_reconciles_all_parent_ledgers,proven,goals 1-8 implementation plus Goal 9 integrated audit,docs/magic-qualification-implementation.md
docs/magic-alchemy-plan.md:117,Process control,"charge rate and resonance,",7,src/alchemy.rs; src/world/alchemy.rs; base/preparations.toml; src/tests/alchemy.rs,every_base_preparation_completes_through_its_real_apparatus_sequence; embodied_hearth_batch_is_exact_transactional_and_cannot_overfill; ordinary_automation_uses_the_same_timing_inputs_and_yield_as_manual_control; closed_world_alchemy_audit_reconciles_all_parent_ledgers,proven,goals 1-8 implementation plus Goal 9 integrated audit,docs/magic-qualification-implementation.md
docs/magic-alchemy-plan.md:118,Process control,"vessel cleanliness,",7,src/alchemy.rs; src/world/alchemy.rs; base/preparations.toml; src/tests/alchemy.rs,every_base_preparation_completes_through_its_real_apparatus_sequence; embodied_hearth_batch_is_exact_transactional_and_cannot_overfill; ordinary_automation_uses_the_same_timing_inputs_and_yield_as_manual_control; closed_world_alchemy_audit_reconciles_all_parent_ledgers,proven,goals 1-8 implementation plus Goal 9 integrated audit,docs/magic-qualification-implementation.md
docs/magic-alchemy-plan.md:119,Process control,"ingredient condition,",7,src/alchemy.rs; src/world/alchemy.rs; base/preparations.toml; src/tests/alchemy.rs,every_base_preparation_completes_through_its_real_apparatus_sequence; embodied_hearth_batch_is_exact_transactional_and_cannot_overfill; ordinary_automation_uses_the_same_timing_inputs_and_yield_as_manual_control; closed_world_alchemy_audit_reconciles_all_parent_ledgers,proven,goals 1-8 implementation plus Goal 9 integrated audit,docs/magic-qualification-implementation.md
docs/magic-alchemy-plan.md:120,Process control,stabilization and filtration.,7,src/alchemy.rs; src/world/alchemy.rs; base/preparations.toml; src/tests/alchemy.rs,every_base_preparation_completes_through_its_real_apparatus_sequence; embodied_hearth_batch_is_exact_transactional_and_cannot_overfill; ordinary_automation_uses_the_same_timing_inputs_and_yield_as_manual_control; closed_world_alchemy_audit_reconciles_all_parent_ledgers,proven,goals 1-8 implementation plus Goal 9 integrated audit,docs/magic-qualification-implementation.md
docs/magic-alchemy-plan.md:148,Clear-eye tincture,"improves low-light adaptation and weak trace visibility,",7,src/alchemy.rs; src/world/alchemy.rs; base/preparations.toml; src/tests/alchemy.rs,every_base_preparation_completes_through_its_real_apparatus_sequence; embodied_hearth_batch_is_exact_transactional_and_cannot_overfill; ordinary_automation_uses_the_same_timing_inputs_and_yield_as_manual_control; closed_world_alchemy_audit_reconciles_all_parent_ledgers,proven,goals 1-8 implementation plus Goal 9 integrated audit,docs/magic-qualification-implementation.md
docs/magic-alchemy-plan.md:149,Clear-eye tincture,"never reveals ores, inventories, exact hidden entities, or global state,",7,src/alchemy.rs; src/world/alchemy.rs; base/preparations.toml; src/tests/alchemy.rs,every_base_preparation_completes_through_its_real_apparatus_sequence; embodied_hearth_batch_is_exact_transactional_and_cannot_overfill; ordinary_automation_uses_the_same_timing_inputs_and_yield_as_manual_control; closed_world_alchemy_audit_reconciles_all_parent_ledgers,proven,goals 1-8 implementation plus Goal 9 integrated audit,docs/magic-qualification-implementation.md
docs/magic-alchemy-plan.md:150,Clear-eye tincture,"does not replace a tuning lens for measurement,",7,src/alchemy.rs; src/world/alchemy.rs; base/preparations.toml; src/tests/alchemy.rs,every_base_preparation_completes_through_its_real_apparatus_sequence; embodied_hearth_batch_is_exact_transactional_and_cannot_overfill; ordinary_automation_uses_the_same_timing_inputs_and_yield_as_manual_control; closed_world_alchemy_audit_reconciles_all_parent_ledgers,proven,goals 1-8 implementation plus Goal 9 integrated audit,docs/magic-qualification-implementation.md
docs/magic-alchemy-plan.md:151,Clear-eye tincture,ends by returning/disordering active charge.,7,src/alchemy.rs; src/world/alchemy.rs; base/preparations.toml; src/tests/alchemy.rs,every_base_preparation_completes_through_its_real_apparatus_sequence; embodied_hearth_batch_is_exact_transactional_and_cannot_overfill; ordinary_automation_uses_the_same_timing_inputs_and_yield_as_manual_control; closed_world_alchemy_audit_reconciles_all_parent_ledgers,proven,goals 1-8 implementation plus Goal 9 integrated audit,docs/magic-qualification-implementation.md
docs/magic-alchemy-plan.md:157,Hearth tonic,"accelerates natural health recovery over time,",7,src/alchemy.rs; src/world/alchemy.rs; base/preparations.toml; src/tests/alchemy.rs,every_base_preparation_completes_through_its_real_apparatus_sequence; embodied_hearth_batch_is_exact_transactional_and_cannot_overfill; ordinary_automation_uses_the_same_timing_inputs_and_yield_as_manual_control; closed_world_alchemy_audit_reconciles_all_parent_ledgers,proven,goals 1-8 implementation plus Goal 9 integrated audit,docs/magic-qualification-implementation.md
docs/magic-alchemy-plan.md:158,Hearth tonic,"consumes hunger/nutrient reserve while healing,",7,src/alchemy.rs; src/world/alchemy.rs; base/preparations.toml; src/tests/alchemy.rs,every_base_preparation_completes_through_its_real_apparatus_sequence; embodied_hearth_batch_is_exact_transactional_and_cannot_overfill; ordinary_automation_uses_the_same_timing_inputs_and_yield_as_manual_control; closed_world_alchemy_audit_reconciles_all_parent_ledgers,proven,goals 1-8 implementation plus Goal 9 integrated audit,docs/magic-qualification-implementation.md
docs/magic-alchemy-plan.md:159,Hearth tonic,"cannot heal a starving body beyond a small stabilization floor,",7,src/alchemy.rs; src/world/alchemy.rs; base/preparations.toml; src/tests/alchemy.rs,every_base_preparation_completes_through_its_real_apparatus_sequence; embodied_hearth_batch_is_exact_transactional_and_cannot_overfill; ordinary_automation_uses_the_same_timing_inputs_and_yield_as_manual_control; closed_world_alchemy_audit_reconciles_all_parent_ledgers,proven,goals 1-8 implementation plus Goal 9 integrated audit,docs/magic-qualification-implementation.md
docs/magic-alchemy-plan.md:160,Hearth tonic,"does not regrow equipment, replace food, or grant permanent maximum health,",7,src/alchemy.rs; src/world/alchemy.rs; base/preparations.toml; src/tests/alchemy.rs,every_base_preparation_completes_through_its_real_apparatus_sequence; embodied_hearth_batch_is_exact_transactional_and_cannot_overfill; ordinary_automation_uses_the_same_timing_inputs_and_yield_as_manual_control; closed_world_alchemy_audit_reconciles_all_parent_ledgers,proven,goals 1-8 implementation plus Goal 9 integrated audit,docs/magic-qualification-implementation.md
docs/magic-alchemy-plan.md:161,Hearth tonic,excessive dosing provides no stacked effect and causes a bounded sickness.,7,src/alchemy.rs; src/world/alchemy.rs; base/preparations.toml; src/tests/alchemy.rs,every_base_preparation_completes_through_its_real_apparatus_sequence; embodied_hearth_batch_is_exact_transactional_and_cannot_overfill; ordinary_automation_uses_the_same_timing_inputs_and_yield_as_manual_control; closed_world_alchemy_audit_reconciles_all_parent_ledgers,proven,goals 1-8 implementation plus Goal 9 integrated audit,docs/magic-qualification-implementation.md
docs/magic-alchemy-plan.md:167,Root wash,"is applied to one plot/plant or rooting-bed batch,",7,src/alchemy.rs; src/world/alchemy.rs; base/preparations.toml; src/tests/alchemy.rs,every_base_preparation_completes_through_its_real_apparatus_sequence; embodied_hearth_batch_is_exact_transactional_and_cannot_overfill; ordinary_automation_uses_the_same_timing_inputs_and_yield_as_manual_control; closed_world_alchemy_audit_reconciles_all_parent_ledgers,proven,goals 1-8 implementation plus Goal 9 integrated audit,docs/magic-qualification-implementation.md
docs/magic-alchemy-plan.md:168,Root wash,"supplies only its declared water and nutrients,",7,src/alchemy.rs; src/world/alchemy.rs; base/preparations.toml; src/tests/alchemy.rs,every_base_preparation_completes_through_its_real_apparatus_sequence; embodied_hearth_batch_is_exact_transactional_and_cannot_overfill; ordinary_automation_uses_the_same_timing_inputs_and_yield_as_manual_control; closed_world_alchemy_audit_reconciles_all_parent_ledgers,proven,goals 1-8 implementation plus Goal 9 integrated audit,docs/magic-qualification-implementation.md
docs/magic-alchemy-plan.md:169,Root wash,"improves uptake or enables efficient Rootwake,",7,src/alchemy.rs; src/world/alchemy.rs; base/preparations.toml; src/tests/alchemy.rs,every_base_preparation_completes_through_its_real_apparatus_sequence; embodied_hearth_batch_is_exact_transactional_and_cannot_overfill; ordinary_automation_uses_the_same_timing_inputs_and_yield_as_manual_control; closed_world_alchemy_audit_reconciles_all_parent_ledgers,proven,goals 1-8 implementation plus Goal 9 integrated audit,docs/magic-qualification-implementation.md
docs/magic-alchemy-plan.md:170,Root wash,"does not itself set crop age or create seed,",7,src/alchemy.rs; src/world/alchemy.rs; base/preparations.toml; src/tests/alchemy.rs,every_base_preparation_completes_through_its_real_apparatus_sequence; embodied_hearth_batch_is_exact_transactional_and_cannot_overfill; ordinary_automation_uses_the_same_timing_inputs_and_yield_as_manual_control; closed_world_alchemy_audit_reconciles_all_parent_ledgers,proven,goals 1-8 implementation plus Goal 9 integrated audit,docs/magic-qualification-implementation.md
docs/magic-alchemy-plan.md:171,Root wash,can burn/salt plants if overconcentrated.,7,src/alchemy.rs; src/world/alchemy.rs; base/preparations.toml; src/tests/alchemy.rs,every_base_preparation_completes_through_its_real_apparatus_sequence; embodied_hearth_batch_is_exact_transactional_and_cannot_overfill; ordinary_automation_uses_the_same_timing_inputs_and_yield_as_manual_control; closed_world_alchemy_audit_reconciles_all_parent_ledgers,proven,goals 1-8 implementation plus Goal 9 integrated audit,docs/magic-qualification-implementation.md
docs/magic-alchemy-plan.md:177,Settling draught,"reduces the user's bodily strain while sustaining a working,",7,src/alchemy.rs; src/world/alchemy.rs; base/preparations.toml; src/tests/alchemy.rs,every_base_preparation_completes_through_its_real_apparatus_sequence; embodied_hearth_batch_is_exact_transactional_and_cannot_overfill; ordinary_automation_uses_the_same_timing_inputs_and_yield_as_manual_control; closed_world_alchemy_audit_reconciles_all_parent_ledgers,proven,goals 1-8 implementation plus Goal 9 integrated audit,docs/magic-qualification-implementation.md
docs/magic-alchemy-plan.md:178,Settling draught,"does not reduce apparatus dross below its actual transaction result,",7,src/alchemy.rs; src/world/alchemy.rs; base/preparations.toml; src/tests/alchemy.rs,every_base_preparation_completes_through_its_real_apparatus_sequence; embodied_hearth_batch_is_exact_transactional_and_cannot_overfill; ordinary_automation_uses_the_same_timing_inputs_and_yield_as_manual_control; closed_world_alchemy_audit_reconciles_all_parent_ledgers,proven,goals 1-8 implementation plus Goal 9 integrated audit,docs/magic-qualification-implementation.md
docs/magic-alchemy-plan.md:179,Settling draught,"lowers maximum throughput slightly,",7,src/alchemy.rs; src/world/alchemy.rs; base/preparations.toml; src/tests/alchemy.rs,every_base_preparation_completes_through_its_real_apparatus_sequence; embodied_hearth_batch_is_exact_transactional_and_cannot_overfill; ordinary_automation_uses_the_same_timing_inputs_and_yield_as_manual_control; closed_world_alchemy_audit_reconciles_all_parent_ledgers,proven,goals 1-8 implementation plus Goal 9 integrated audit,docs/magic-qualification-implementation.md
docs/magic-alchemy-plan.md:180,Settling draught,does not stack and has a recovery interval.,7,src/alchemy.rs; src/world/alchemy.rs; base/preparations.toml; src/tests/alchemy.rs,every_base_preparation_completes_through_its_real_apparatus_sequence; embodied_hearth_batch_is_exact_transactional_and_cannot_overfill; ordinary_automation_uses_the_same_timing_inputs_and_yield_as_manual_control; closed_world_alchemy_audit_reconciles_all_parent_ledgers,proven,goals 1-8 implementation plus Goal 9 integrated audit,docs/magic-qualification-implementation.md
docs/magic-alchemy-plan.md:186,Ashlace wash,"transfers mobile dross into a recoverable sludge/filter burden,",7,src/alchemy.rs; src/world/alchemy.rs; base/preparations.toml; src/tests/alchemy.rs,every_base_preparation_completes_through_its_real_apparatus_sequence; embodied_hearth_batch_is_exact_transactional_and_cannot_overfill; ordinary_automation_uses_the_same_timing_inputs_and_yield_as_manual_control; closed_world_alchemy_audit_reconciles_all_parent_ledgers,proven,goals 1-8 implementation plus Goal 9 integrated audit,docs/magic-qualification-implementation.md
docs/magic-alchemy-plan.md:187,Ashlace wash,"never converts dross directly into nothing or Ambient Current,",7,src/alchemy.rs; src/world/alchemy.rs; base/preparations.toml; src/tests/alchemy.rs,every_base_preparation_completes_through_its_real_apparatus_sequence; embodied_hearth_batch_is_exact_transactional_and_cannot_overfill; ordinary_automation_uses_the_same_timing_inputs_and_yield_as_manual_control; closed_world_alchemy_audit_reconciles_all_parent_ledgers,proven,goals 1-8 implementation plus Goal 9 integrated audit,docs/magic-qualification-implementation.md
docs/magic-alchemy-plan.md:188,Ashlace wash,"has strictly bounded capacity per dose,",7,src/alchemy.rs; src/world/alchemy.rs; base/preparations.toml; src/tests/alchemy.rs,every_base_preparation_completes_through_its_real_apparatus_sequence; embodied_hearth_batch_is_exact_transactional_and_cannot_overfill; ordinary_automation_uses_the_same_timing_inputs_and_yield_as_manual_control; closed_world_alchemy_audit_reconciles_all_parent_ledgers,proven,goals 1-8 implementation plus Goal 9 integrated audit,docs/magic-qualification-implementation.md
docs/magic-alchemy-plan.md:189,Ashlace wash,leaves physical wastewater/residue with the correct water and dross state.,7,src/alchemy.rs; src/world/alchemy.rs; base/preparations.toml; src/tests/alchemy.rs,every_base_preparation_completes_through_its_real_apparatus_sequence; embodied_hearth_batch_is_exact_transactional_and_cannot_overfill; ordinary_automation_uses_the_same_timing_inputs_and_yield_as_manual_control; closed_world_alchemy_audit_reconciles_all_parent_ledgers,proven,goals 1-8 implementation plus Goal 9 integrated audit,docs/magic-qualification-implementation.md
docs/magic-alchemy-plan.md:195,Frostlace suspension,"slows decay and leakage during a journey,",7,src/alchemy.rs; src/world/alchemy.rs; base/preparations.toml; src/tests/alchemy.rs,every_base_preparation_completes_through_its_real_apparatus_sequence; embodied_hearth_batch_is_exact_transactional_and_cannot_overfill; ordinary_automation_uses_the_same_timing_inputs_and_yield_as_manual_control; closed_world_alchemy_audit_reconciles_all_parent_ledgers,proven,goals 1-8 implementation plus Goal 9 integrated audit,docs/magic-qualification-implementation.md
docs/magic-alchemy-plan.md:196,Frostlace suspension,"has finite duration and temperature tolerance,",7,src/alchemy.rs; src/world/alchemy.rs; base/preparations.toml; src/tests/alchemy.rs,every_base_preparation_completes_through_its_real_apparatus_sequence; embodied_hearth_batch_is_exact_transactional_and_cannot_overfill; ordinary_automation_uses_the_same_timing_inputs_and_yield_as_manual_control; closed_world_alchemy_audit_reconciles_all_parent_ledgers,proven,goals 1-8 implementation plus Goal 9 integrated audit,docs/magic-qualification-implementation.md
docs/magic-alchemy-plan.md:197,Frostlace suspension,"does not reset age or preserve bulk food economically,",7,src/alchemy.rs; src/world/alchemy.rs; base/preparations.toml; src/tests/alchemy.rs,every_base_preparation_completes_through_its_real_apparatus_sequence; embodied_hearth_batch_is_exact_transactional_and_cannot_overfill; ordinary_automation_uses_the_same_timing_inputs_and_yield_as_manual_control; closed_world_alchemy_audit_reconciles_all_parent_ledgers,proven,goals 1-8 implementation plus Goal 9 integrated audit,docs/magic-qualification-implementation.md
docs/magic-alchemy-plan.md:198,Frostlace suspension,leaves reusable vessel plus spent carrier/residue.,7,src/alchemy.rs; src/world/alchemy.rs; base/preparations.toml; src/tests/alchemy.rs,every_base_preparation_completes_through_its_real_apparatus_sequence; embodied_hearth_batch_is_exact_transactional_and_cannot_overfill; ordinary_automation_uses_the_same_timing_inputs_and_yield_as_manual_control; closed_world_alchemy_audit_reconciles_all_parent_ledgers,proven,goals 1-8 implementation plus Goal 9 integrated audit,docs/magic-qualification-implementation.md
docs/magic-alchemy-plan.md:204,Storm cordial,"temporarily increases safe personal wand throughput,",7,src/alchemy.rs; src/world/alchemy.rs; base/preparations.toml; src/tests/alchemy.rs,every_base_preparation_completes_through_its_real_apparatus_sequence; embodied_hearth_batch_is_exact_transactional_and_cannot_overfill; ordinary_automation_uses_the_same_timing_inputs_and_yield_as_manual_control; closed_world_alchemy_audit_reconciles_all_parent_ledgers,proven,goals 1-8 implementation plus Goal 9 integrated audit,docs/magic-qualification-implementation.md
docs/magic-alchemy-plan.md:205,Storm cordial,"increases reservoir drain and makes overdraw escalate faster,",7,src/alchemy.rs; src/world/alchemy.rs; base/preparations.toml; src/tests/alchemy.rs,every_base_preparation_completes_through_its_real_apparatus_sequence; embodied_hearth_batch_is_exact_transactional_and_cannot_overfill; ordinary_automation_uses_the_same_timing_inputs_and_yield_as_manual_control; closed_world_alchemy_audit_reconciles_all_parent_ledgers,proven,goals 1-8 implementation plus Goal 9 integrated audit,docs/magic-qualification-implementation.md
docs/magic-alchemy-plan.md:206,Storm cordial,"gives clear pulse/vision/audio warnings,",7,src/alchemy.rs; src/world/alchemy.rs; base/preparations.toml; src/tests/alchemy.rs,every_base_preparation_completes_through_its_real_apparatus_sequence; embodied_hearth_batch_is_exact_transactional_and_cannot_overfill; ordinary_automation_uses_the_same_timing_inputs_and_yield_as_manual_control; closed_world_alchemy_audit_reconciles_all_parent_ledgers,proven,goals 1-8 implementation plus Goal 9 integrated audit,docs/magic-qualification-implementation.md
docs/magic-alchemy-plan.md:207,Storm cordial,cannot stack and carries a meaningful recovery cost.,7,src/alchemy.rs; src/world/alchemy.rs; base/preparations.toml; src/tests/alchemy.rs,every_base_preparation_completes_through_its_real_apparatus_sequence; embodied_hearth_batch_is_exact_transactional_and_cannot_overfill; ordinary_automation_uses_the_same_timing_inputs_and_yield_as_manual_control; closed_world_alchemy_audit_reconciles_all_parent_ledgers,proven,goals 1-8 implementation plus Goal 9 integrated audit,docs/magic-qualification-implementation.md
docs/magic-alchemy-plan.md:213,Scouring antidote,reduces ongoing harm and moves the dose's contained burden into a declared,7,src/alchemy.rs; src/world/alchemy.rs; base/preparations.toml; src/tests/alchemy.rs,every_base_preparation_completes_through_its_real_apparatus_sequence; embodied_hearth_batch_is_exact_transactional_and_cannot_overfill; ordinary_automation_uses_the_same_timing_inputs_and_yield_as_manual_control; closed_world_alchemy_audit_reconciles_all_parent_ledgers,proven,goals 1-8 implementation plus Goal 9 integrated audit,docs/magic-qualification-implementation.md
docs/magic-alchemy-plan.md:215,Scouring antidote,"does not clean the region or erase scar exposure,",7,src/alchemy.rs; src/world/alchemy.rs; base/preparations.toml; src/tests/alchemy.rs,every_base_preparation_completes_through_its_real_apparatus_sequence; embodied_hearth_batch_is_exact_transactional_and_cannot_overfill; ordinary_automation_uses_the_same_timing_inputs_and_yield_as_manual_control; closed_world_alchemy_audit_reconciles_all_parent_ledgers,proven,goals 1-8 implementation plus Goal 9 integrated audit,docs/magic-qualification-implementation.md
docs/magic-alchemy-plan.md:216,Scouring antidote,"needs Ashlace-derived or equivalent sequestration material,",7,src/alchemy.rs; src/world/alchemy.rs; base/preparations.toml; src/tests/alchemy.rs,every_base_preparation_completes_through_its_real_apparatus_sequence; embodied_hearth_batch_is_exact_transactional_and_cannot_overfill; ordinary_automation_uses_the_same_timing_inputs_and_yield_as_manual_control; closed_world_alchemy_audit_reconciles_all_parent_ledgers,proven,goals 1-8 implementation plus Goal 9 integrated audit,docs/magic-qualification-implementation.md
docs/magic-alchemy-plan.md:217,Scouring antidote,cannot make polluted laboratories safe to inhabit indefinitely.,7,src/alchemy.rs; src/world/alchemy.rs; base/preparations.toml; src/tests/alchemy.rs,every_base_preparation_completes_through_its_real_apparatus_sequence; embodied_hearth_batch_is_exact_transactional_and_cannot_overfill; ordinary_automation_uses_the_same_timing_inputs_and_yield_as_manual_control; closed_world_alchemy_audit_reconciles_all_parent_ledgers,proven,goals 1-8 implementation plus Goal 9 integrated audit,docs/magic-qualification-implementation.md
docs/magic-alchemy-plan.md:235,Body and status accounting,"duplicate effects refresh only through declared bounded logic,",7,src/alchemy.rs; src/world/alchemy.rs; base/preparations.toml; src/tests/alchemy.rs,every_base_preparation_completes_through_its_real_apparatus_sequence; embodied_hearth_batch_is_exact_transactional_and_cannot_overfill; ordinary_automation_uses_the_same_timing_inputs_and_yield_as_manual_control; closed_world_alchemy_audit_reconciles_all_parent_ledgers,proven,goals 1-8 implementation plus Goal 9 integrated audit,docs/magic-qualification-implementation.md
docs/magic-alchemy-plan.md:236,Body and status accounting,"incompatible preparations may refuse or produce a documented interaction,",7,src/alchemy.rs; src/world/alchemy.rs; base/preparations.toml; src/tests/alchemy.rs,every_base_preparation_completes_through_its_real_apparatus_sequence; embodied_hearth_batch_is_exact_transactional_and_cannot_overfill; ordinary_automation_uses_the_same_timing_inputs_and_yield_as_manual_control; closed_world_alchemy_audit_reconciles_all_parent_ledgers,proven,goals 1-8 implementation plus Goal 9 integrated audit,docs/magic-qualification-implementation.md
docs/magic-alchemy-plan.md:237,Body and status accounting,"logout/save/death settles or persists state consistently,",7,src/alchemy.rs; src/world/alchemy.rs; base/preparations.toml; src/tests/alchemy.rs,every_base_preparation_completes_through_its_real_apparatus_sequence; embodied_hearth_batch_is_exact_transactional_and_cannot_overfill; ordinary_automation_uses_the_same_timing_inputs_and_yield_as_manual_control; closed_world_alchemy_audit_reconciles_all_parent_ledgers,proven,goals 1-8 implementation plus Goal 9 integrated audit,docs/magic-qualification-implementation.md
docs/magic-alchemy-plan.md:238,Body and status accounting,"health restoration uses existing server damage/healing gates,",7,src/alchemy.rs; src/world/alchemy.rs; base/preparations.toml; src/tests/alchemy.rs,every_base_preparation_completes_through_its_real_apparatus_sequence; embodied_hearth_batch_is_exact_transactional_and_cannot_overfill; ordinary_automation_uses_the_same_timing_inputs_and_yield_as_manual_control; closed_world_alchemy_audit_reconciles_all_parent_ledgers,proven,goals 1-8 implementation plus Goal 9 integrated audit,docs/magic-qualification-implementation.md
docs/magic-alchemy-plan.md:239,Body and status accounting,"hunger/nutrients are debited as healing occurs, not only promised,",7,src/alchemy.rs; src/world/alchemy.rs; base/preparations.toml; src/tests/alchemy.rs,every_base_preparation_completes_through_its_real_apparatus_sequence; embodied_hearth_batch_is_exact_transactional_and_cannot_overfill; ordinary_automation_uses_the_same_timing_inputs_and_yield_as_manual_control; closed_world_alchemy_audit_reconciles_all_parent_ledgers,proven,goals 1-8 implementation plus Goal 9 integrated audit,docs/magic-qualification-implementation.md
docs/magic-alchemy-plan.md:240,Body and status accounting,liquid consumption follows the planetary potable-water return model rather,7,src/alchemy.rs; src/world/alchemy.rs; base/preparations.toml; src/tests/alchemy.rs,every_base_preparation_completes_through_its_real_apparatus_sequence; embodied_hearth_batch_is_exact_transactional_and_cannot_overfill; ordinary_automation_uses_the_same_timing_inputs_and_yield_as_manual_control; closed_world_alchemy_audit_reconciles_all_parent_ledgers,proven,goals 1-8 implementation plus Goal 9 integrated audit,docs/magic-qualification-implementation.md
docs/magic-alchemy-plan.md:242,Body and status accounting,milk/unrelated common items do not universally clear magical effects.,7,src/alchemy.rs; src/world/alchemy.rs; base/preparations.toml; src/tests/alchemy.rs,every_base_preparation_completes_through_its_real_apparatus_sequence; embodied_hearth_batch_is_exact_transactional_and_cannot_overfill; ordinary_automation_uses_the_same_timing_inputs_and_yield_as_manual_control; closed_world_alchemy_audit_reconciles_all_parent_ledgers,proven,goals 1-8 implementation plus Goal 9 integrated audit,docs/magic-qualification-implementation.md
docs/magic-alchemy-plan.md:251,Spoilage and storage,"temperature and storage affect remaining life,",7,src/alchemy.rs; src/world/alchemy.rs; base/preparations.toml; src/tests/alchemy.rs,every_base_preparation_completes_through_its_real_apparatus_sequence; embodied_hearth_batch_is_exact_transactional_and_cannot_overfill; ordinary_automation_uses_the_same_timing_inputs_and_yield_as_manual_control; closed_world_alchemy_audit_reconciles_all_parent_ledgers,proven,goals 1-8 implementation plus Goal 9 integrated audit,docs/magic-qualification-implementation.md
docs/magic-alchemy-plan.md:252,Spoilage and storage,"distilled/mineral preparations may be stable,",7,src/alchemy.rs; src/world/alchemy.rs; base/preparations.toml; src/tests/alchemy.rs,every_base_preparation_completes_through_its_real_apparatus_sequence; embodied_hearth_batch_is_exact_transactional_and_cannot_overfill; ordinary_automation_uses_the_same_timing_inputs_and_yield_as_manual_control; closed_world_alchemy_audit_reconciles_all_parent_ledgers,proven,goals 1-8 implementation plus Goal 9 integrated audit,docs/magic-qualification-implementation.md
docs/magic-alchemy-plan.md:253,Spoilage and storage,spoiled batches become named residue/weak or harmful preparations rather,7,src/alchemy.rs; src/world/alchemy.rs; base/preparations.toml; src/tests/alchemy.rs,every_base_preparation_completes_through_its_real_apparatus_sequence; embodied_hearth_batch_is_exact_transactional_and_cannot_overfill; ordinary_automation_uses_the_same_timing_inputs_and_yield_as_manual_control; closed_world_alchemy_audit_reconciles_all_parent_ledgers,proven,goals 1-8 implementation plus Goal 9 integrated audit,docs/magic-qualification-implementation.md
docs/magic-alchemy-plan.md:255,Spoilage and storage,"combining stacks uses the established age rule and cannot refresh old stock,",7,src/alchemy.rs; src/world/alchemy.rs; base/preparations.toml; src/tests/alchemy.rs,every_base_preparation_completes_through_its_real_apparatus_sequence; embodied_hearth_batch_is_exact_transactional_and_cannot_overfill; ordinary_automation_uses_the_same_timing_inputs_and_yield_as_manual_control; closed_world_alchemy_audit_reconciles_all_parent_ledgers,proven,goals 1-8 implementation plus Goal 9 integrated audit,docs/magic-qualification-implementation.md
docs/magic-alchemy-plan.md:256,Spoilage and storage,"Holdfast slows but does not reset the clock,",7,src/alchemy.rs; src/world/alchemy.rs; base/preparations.toml; src/tests/alchemy.rs,every_base_preparation_completes_through_its_real_apparatus_sequence; embodied_hearth_batch_is_exact_transactional_and_cannot_overfill; ordinary_automation_uses_the_same_timing_inputs_and_yield_as_manual_control; closed_world_alchemy_audit_reconciles_all_parent_ledgers,proven,goals 1-8 implementation plus Goal 9 integrated audit,docs/magic-qualification-implementation.md
docs/magic-alchemy-plan.md:257,Spoilage and storage,refrigeration/cellars remain useful.,7,src/alchemy.rs; src/world/alchemy.rs; base/preparations.toml; src/tests/alchemy.rs,every_base_preparation_completes_through_its_real_apparatus_sequence; embodied_hearth_batch_is_exact_transactional_and_cannot_overfill; ordinary_automation_uses_the_same_timing_inputs_and_yield_as_manual_control; closed_world_alchemy_audit_reconciles_all_parent_ledgers,proven,goals 1-8 implementation plus Goal 9 integrated audit,docs/magic-qualification-implementation.md
docs/magic-alchemy-plan.md:265,Waste and laboratory responsibility,"plant/mineral residue,",7,src/alchemy.rs; src/world/alchemy.rs; base/preparations.toml; src/tests/alchemy.rs,every_base_preparation_completes_through_its_real_apparatus_sequence; embodied_hearth_batch_is_exact_transactional_and_cannot_overfill; ordinary_automation_uses_the_same_timing_inputs_and_yield_as_manual_control; closed_world_alchemy_audit_reconciles_all_parent_ledgers,proven,goals 1-8 implementation plus Goal 9 integrated audit,docs/magic-qualification-implementation.md
docs/magic-alchemy-plan.md:266,Waste and laboratory responsibility,"wastewater or recovered solvent,",7,src/alchemy.rs; src/world/alchemy.rs; base/preparations.toml; src/tests/alchemy.rs,every_base_preparation_completes_through_its_real_apparatus_sequence; embodied_hearth_batch_is_exact_transactional_and_cannot_overfill; ordinary_automation_uses_the_same_timing_inputs_and_yield_as_manual_control; closed_world_alchemy_audit_reconciles_all_parent_ledgers,proven,goals 1-8 implementation plus Goal 9 integrated audit,docs/magic-qualification-implementation.md
docs/magic-alchemy-plan.md:267,Waste and laboratory responsibility,"spent filters,",7,src/alchemy.rs; src/world/alchemy.rs; base/preparations.toml; src/tests/alchemy.rs,every_base_preparation_completes_through_its_real_apparatus_sequence; embodied_hearth_batch_is_exact_transactional_and_cannot_overfill; ordinary_automation_uses_the_same_timing_inputs_and_yield_as_manual_control; closed_world_alchemy_audit_reconciles_all_parent_ledgers,proven,goals 1-8 implementation plus Goal 9 integrated audit,docs/magic-qualification-implementation.md
docs/magic-alchemy-plan.md:268,Waste and laboratory responsibility,"fumes if any,",7,src/alchemy.rs; src/world/alchemy.rs; base/preparations.toml; src/tests/alchemy.rs,every_base_preparation_completes_through_its_real_apparatus_sequence; embodied_hearth_batch_is_exact_transactional_and_cannot_overfill; ordinary_automation_uses_the_same_timing_inputs_and_yield_as_manual_control; closed_world_alchemy_audit_reconciles_all_parent_ledgers,proven,goals 1-8 implementation plus Goal 9 integrated audit,docs/magic-qualification-implementation.md
docs/magic-alchemy-plan.md:269,Waste and laboratory responsibility,"dross generated,",7,src/alchemy.rs; src/world/alchemy.rs; base/preparations.toml; src/tests/alchemy.rs,every_base_preparation_completes_through_its_real_apparatus_sequence; embodied_hearth_batch_is_exact_transactional_and_cannot_overfill; ordinary_automation_uses_the_same_timing_inputs_and_yield_as_manual_control; closed_world_alchemy_audit_reconciles_all_parent_ledgers,proven,goals 1-8 implementation plus Goal 9 integrated audit,docs/magic-qualification-implementation.md
docs/magic-alchemy-plan.md:270,Waste and laboratory responsibility,safe disposal or reuse paths.,7,src/alchemy.rs; src/world/alchemy.rs; base/preparations.toml; src/tests/alchemy.rs,every_base_preparation_completes_through_its_real_apparatus_sequence; embodied_hearth_batch_is_exact_transactional_and_cannot_overfill; ordinary_automation_uses_the_same_timing_inputs_and_yield_as_manual_control; closed_world_alchemy_audit_reconciles_all_parent_ledgers,proven,goals 1-8 implementation plus Goal 9 integrated audit,docs/magic-qualification-implementation.md
docs/magic-alchemy-plan.md:304,Multiplayer and agents,Apparatus operations and liquid transfers are transactional host requests.,7,src/alchemy.rs; src/world/alchemy.rs; base/preparations.toml; src/tests/alchemy.rs,every_base_preparation_completes_through_its_real_apparatus_sequence; embodied_hearth_batch_is_exact_transactional_and_cannot_overfill; ordinary_automation_uses_the_same_timing_inputs_and_yield_as_manual_control; closed_world_alchemy_audit_reconciles_all_parent_ledgers,proven,goals 1-8 implementation plus Goal 9 integrated audit,docs/magic-qualification-implementation.md
docs/magic-alchemy-plan.md:305,Multiplayer and agents,Batch and container states use stable ids and reliable deltas.,7,src/alchemy.rs; src/world/alchemy.rs; base/preparations.toml; src/tests/alchemy.rs,every_base_preparation_completes_through_its_real_apparatus_sequence; embodied_hearth_batch_is_exact_transactional_and_cannot_overfill; ordinary_automation_uses_the_same_timing_inputs_and_yield_as_manual_control; closed_world_alchemy_audit_reconciles_all_parent_ledgers,proven,goals 1-8 implementation plus Goal 9 integrated audit,docs/magic-qualification-implementation.md
docs/magic-alchemy-plan.md:306,Multiplayer and agents,Concurrent filling/decanting cannot duplicate volume or charge.,7,src/alchemy.rs; src/world/alchemy.rs; base/preparations.toml; src/tests/alchemy.rs,every_base_preparation_completes_through_its_real_apparatus_sequence; embodied_hearth_batch_is_exact_transactional_and_cannot_overfill; ordinary_automation_uses_the_same_timing_inputs_and_yield_as_manual_control; closed_world_alchemy_audit_reconciles_all_parent_ledgers,proven,goals 1-8 implementation plus Goal 9 integrated audit,docs/magic-qualification-implementation.md
docs/magic-alchemy-plan.md:307,Multiplayer and agents,Timed effects live on authoritative player profiles/entities.,7,src/alchemy.rs; src/world/alchemy.rs; base/preparations.toml; src/tests/alchemy.rs,every_base_preparation_completes_through_its_real_apparatus_sequence; embodied_hearth_batch_is_exact_transactional_and_cannot_overfill; ordinary_automation_uses_the_same_timing_inputs_and_yield_as_manual_control; closed_world_alchemy_audit_reconciles_all_parent_ledgers,proven,goals 1-8 implementation plus Goal 9 integrated audit,docs/magic-qualification-implementation.md
docs/magic-alchemy-plan.md:308,Multiplayer and agents,"Remote visuals show drinking, throwing, apparatus operation, leaks, and",7,src/alchemy.rs; src/world/alchemy.rs; base/preparations.toml; src/tests/alchemy.rs,every_base_preparation_completes_through_its_real_apparatus_sequence; embodied_hearth_batch_is_exact_transactional_and_cannot_overfill; ordinary_automation_uses_the_same_timing_inputs_and_yield_as_manual_control; closed_world_alchemy_audit_reconciles_all_parent_ledgers,proven,goals 1-8 implementation plus Goal 9 integrated audit,docs/magic-qualification-implementation.md
docs/magic-alchemy-plan.md:310,Multiplayer and agents,"Agents can grind, load, heat, sample, decant, drink/apply, and clean through",7,src/alchemy.rs; src/world/alchemy.rs; base/preparations.toml; src/tests/alchemy.rs,every_base_preparation_completes_through_its_real_apparatus_sequence; embodied_hearth_batch_is_exact_transactional_and_cannot_overfill; ordinary_automation_uses_the_same_timing_inputs_and_yield_as_manual_control; closed_world_alchemy_audit_reconciles_all_parent_ledgers,proven,goals 1-8 implementation plus Goal 9 integrated audit,docs/magic-qualification-implementation.md
docs/magic-alchemy-plan.md:312,Multiplayer and agents,Host moderation/audit attributes harmful dumping to stable player and,7,src/alchemy.rs; src/world/alchemy.rs; base/preparations.toml; src/tests/alchemy.rs,every_base_preparation_completes_through_its_real_apparatus_sequence; embodied_hearth_batch_is_exact_transactional_and_cannot_overfill; ordinary_automation_uses_the_same_timing_inputs_and_yield_as_manual_control; closed_world_alchemy_audit_reconciles_all_parent_ledgers,proven,goals 1-8 implementation plus Goal 9 integrated audit,docs/magic-qualification-implementation.md
docs/magic-alchemy-plan.md:319,Batch conservation,"Every base recipe balances ordinary material, water/solvent, salt, charge,",7,src/alchemy.rs; src/world/alchemy.rs; base/preparations.toml; src/tests/alchemy.rs,every_base_preparation_completes_through_its_real_apparatus_sequence; embodied_hearth_batch_is_exact_transactional_and_cannot_overfill; ordinary_automation_uses_the_same_timing_inputs_and_yield_as_manual_control; closed_world_alchemy_audit_reconciles_all_parent_ledgers,proven,goals 1-8 implementation plus Goal 9 integrated audit,docs/magic-qualification-implementation.md
docs/magic-alchemy-plan.md:321,Batch conservation,"Grinding, infusing, distilling, filtering, filling, partial use, pouring,",7,src/alchemy.rs; src/world/alchemy.rs; base/preparations.toml; src/tests/alchemy.rs,every_base_preparation_completes_through_its_real_apparatus_sequence; embodied_hearth_batch_is_exact_transactional_and_cannot_overfill; ordinary_automation_uses_the_same_timing_inputs_and_yield_as_manual_control; closed_world_alchemy_audit_reconciles_all_parent_ledgers,proven,goals 1-8 implementation plus Goal 9 integrated audit,docs/magic-qualification-implementation.md
docs/magic-alchemy-plan.md:323,Batch conservation,Fixed-point fill and proportional solute/dross remainders survive repeated,7,src/alchemy.rs; src/world/alchemy.rs; base/preparations.toml; src/tests/alchemy.rs,every_base_preparation_completes_through_its_real_apparatus_sequence; embodied_hearth_batch_is_exact_transactional_and_cannot_overfill; ordinary_automation_uses_the_same_timing_inputs_and_yield_as_manual_control; closed_world_alchemy_audit_reconciles_all_parent_ledgers,proven,goals 1-8 implementation plus Goal 9 integrated audit,docs/magic-qualification-implementation.md
docs/magic-alchemy-plan.md:325,Batch conservation,A batch cannot fill more doses than its exact volume.,7,src/alchemy.rs; src/world/alchemy.rs; base/preparations.toml; src/tests/alchemy.rs,every_base_preparation_completes_through_its_real_apparatus_sequence; embodied_hearth_batch_is_exact_transactional_and_cannot_overfill; ordinary_automation_uses_the_same_timing_inputs_and_yield_as_manual_control; closed_world_alchemy_audit_reconciles_all_parent_ledgers,proven,goals 1-8 implementation plus Goal 9 integrated audit,docs/magic-qualification-implementation.md
docs/magic-alchemy-plan.md:329,Effects,Healing pays hunger/nutrients as health is restored.,7,src/alchemy.rs; src/world/alchemy.rs; base/preparations.toml; src/tests/alchemy.rs,every_base_preparation_completes_through_its_real_apparatus_sequence; embodied_hearth_batch_is_exact_transactional_and_cannot_overfill; ordinary_automation_uses_the_same_timing_inputs_and_yield_as_manual_control; closed_world_alchemy_audit_reconciles_all_parent_ledgers,proven,goals 1-8 implementation plus Goal 9 integrated audit,docs/magic-qualification-implementation.md
docs/magic-alchemy-plan.md:330,Effects,Root wash supplies but does not conjure growth inputs.,7,src/alchemy.rs; src/world/alchemy.rs; base/preparations.toml; src/tests/alchemy.rs,every_base_preparation_completes_through_its_real_apparatus_sequence; embodied_hearth_batch_is_exact_transactional_and_cannot_overfill; ordinary_automation_uses_the_same_timing_inputs_and_yield_as_manual_control; closed_world_alchemy_audit_reconciles_all_parent_ledgers,proven,goals 1-8 implementation plus Goal 9 integrated audit,docs/magic-qualification-implementation.md
docs/magic-alchemy-plan.md:331,Effects,Ashlace wash transfers rather than deletes dross.,7,src/alchemy.rs; src/world/alchemy.rs; base/preparations.toml; src/tests/alchemy.rs,every_base_preparation_completes_through_its_real_apparatus_sequence; embodied_hearth_batch_is_exact_transactional_and_cannot_overfill; ordinary_automation_uses_the_same_timing_inputs_and_yield_as_manual_control; closed_world_alchemy_audit_reconciles_all_parent_ledgers,proven,goals 1-8 implementation plus Goal 9 integrated audit,docs/magic-qualification-implementation.md
docs/magic-alchemy-plan.md:332,Effects,Preservation never reverses age.,7,src/alchemy.rs; src/world/alchemy.rs; base/preparations.toml; src/tests/alchemy.rs,every_base_preparation_completes_through_its_real_apparatus_sequence; embodied_hearth_batch_is_exact_transactional_and_cannot_overfill; ordinary_automation_uses_the_same_timing_inputs_and_yield_as_manual_control; closed_world_alchemy_audit_reconciles_all_parent_ledgers,proven,goals 1-8 implementation plus Goal 9 integrated audit,docs/magic-qualification-implementation.md
docs/magic-alchemy-plan.md:333,Effects,Vision effects reveal only allowed state.,7,src/alchemy.rs; src/world/alchemy.rs; base/preparations.toml; src/tests/alchemy.rs,every_base_preparation_completes_through_its_real_apparatus_sequence; embodied_hearth_batch_is_exact_transactional_and_cannot_overfill; ordinary_automation_uses_the_same_timing_inputs_and_yield_as_manual_control; closed_world_alchemy_audit_reconciles_all_parent_ledgers,proven,goals 1-8 implementation plus Goal 9 integrated audit,docs/magic-qualification-implementation.md
docs/magic-alchemy-plan.md:334,Effects,"stacking, recovery intervals, logout, death, and save/load are deterministic.",7,src/alchemy.rs; src/world/alchemy.rs; base/preparations.toml; src/tests/alchemy.rs,every_base_preparation_completes_through_its_real_apparatus_sequence; embodied_hearth_batch_is_exact_transactional_and_cannot_overfill; ordinary_automation_uses_the_same_timing_inputs_and_yield_as_manual_control; closed_world_alchemy_audit_reconciles_all_parent_ledgers,proven,goals 1-8 implementation plus Goal 9 integrated audit,docs/magic-qualification-implementation.md
docs/magic-alchemy-plan.md:338,Process and failure,Valid heat/time/order/charge produces the declared batch.,7,src/alchemy.rs; src/world/alchemy.rs; base/preparations.toml; src/tests/alchemy.rs,every_base_preparation_completes_through_its_real_apparatus_sequence; embodied_hearth_batch_is_exact_transactional_and_cannot_overfill; ordinary_automation_uses_the_same_timing_inputs_and_yield_as_manual_control; closed_world_alchemy_audit_reconciles_all_parent_ledgers,proven,goals 1-8 implementation plus Goal 9 integrated audit,docs/magic-qualification-implementation.md
docs/magic-alchemy-plan.md:339,Process and failure,Each invalid band produces its named balanced failure output.,7,src/alchemy.rs; src/world/alchemy.rs; base/preparations.toml; src/tests/alchemy.rs,every_base_preparation_completes_through_its_real_apparatus_sequence; embodied_hearth_batch_is_exact_transactional_and_cannot_overfill; ordinary_automation_uses_the_same_timing_inputs_and_yield_as_manual_control; closed_world_alchemy_audit_reconciles_all_parent_ledgers,proven,goals 1-8 implementation plus Goal 9 integrated audit,docs/magic-qualification-implementation.md
docs/magic-alchemy-plan.md:340,Process and failure,Apparatus leaks/failure/dismantling balance and remain legible.,7,src/alchemy.rs; src/world/alchemy.rs; base/preparations.toml; src/tests/alchemy.rs,every_base_preparation_completes_through_its_real_apparatus_sequence; embodied_hearth_batch_is_exact_transactional_and_cannot_overfill; ordinary_automation_uses_the_same_timing_inputs_and_yield_as_manual_control; closed_world_alchemy_audit_reconciles_all_parent_ledgers,proven,goals 1-8 implementation plus Goal 9 integrated audit,docs/magic-qualification-implementation.md
docs/magic-alchemy-plan.md:341,Process and failure,Ordinary automation controls the same process without special yield.,7,src/alchemy.rs; src/world/alchemy.rs; base/preparations.toml; src/tests/alchemy.rs,every_base_preparation_completes_through_its_real_apparatus_sequence; embodied_hearth_batch_is_exact_transactional_and_cannot_overfill; ordinary_automation_uses_the_same_timing_inputs_and_yield_as_manual_control; closed_world_alchemy_audit_reconciles_all_parent_ledgers,proven,goals 1-8 implementation plus Goal 9 integrated audit,docs/magic-qualification-implementation.md
docs/magic-alchemy-plan.md:345,"Authority, mods, and budgets",Concurrent host/guest actions commit each transfer once.,7,src/alchemy.rs; src/world/alchemy.rs; base/preparations.toml; src/tests/alchemy.rs,every_base_preparation_completes_through_its_real_apparatus_sequence; embodied_hearth_batch_is_exact_transactional_and_cannot_overfill; ordinary_automation_uses_the_same_timing_inputs_and_yield_as_manual_control; closed_world_alchemy_audit_reconciles_all_parent_ledgers,proven,goals 1-8 implementation plus Goal 9 integrated audit,docs/magic-qualification-implementation.md
docs/magic-alchemy-plan.md:346,"Authority, mods, and budgets","Hostile clients cannot forge batch ids, volume, effect, charge, or time.",7,src/alchemy.rs; src/world/alchemy.rs; base/preparations.toml; src/tests/alchemy.rs,every_base_preparation_completes_through_its_real_apparatus_sequence; embodied_hearth_batch_is_exact_transactional_and_cannot_overfill; ordinary_automation_uses_the_same_timing_inputs_and_yield_as_manual_control; closed_world_alchemy_audit_reconciles_all_parent_ledgers,proven,goals 1-8 implementation plus Goal 9 integrated audit,docs/magic-qualification-implementation.md
docs/magic-alchemy-plan.md:347,"Authority, mods, and budgets",Valid fixture preparations use approved handlers.,7,src/alchemy.rs; src/world/alchemy.rs; base/preparations.toml; src/tests/alchemy.rs,every_base_preparation_completes_through_its_real_apparatus_sequence; embodied_hearth_batch_is_exact_transactional_and_cannot_overfill; ordinary_automation_uses_the_same_timing_inputs_and_yield_as_manual_control; closed_world_alchemy_audit_reconciles_all_parent_ledgers,proven,goals 1-8 implementation plus Goal 9 integrated audit,docs/magic-qualification-implementation.md
docs/magic-alchemy-plan.md:348,"Authority, mods, and budgets","Free-volume, free-healing, hidden-state, unbalanced, and raw-mutation",7,src/alchemy.rs; src/world/alchemy.rs; base/preparations.toml; src/tests/alchemy.rs,every_base_preparation_completes_through_its_real_apparatus_sequence; embodied_hearth_batch_is_exact_transactional_and_cannot_overfill; ordinary_automation_uses_the_same_timing_inputs_and_yield_as_manual_control; closed_world_alchemy_audit_reconciles_all_parent_ledgers,proven,goals 1-8 implementation plus Goal 9 integrated audit,docs/magic-qualification-implementation.md
docs/magic-alchemy-plan.md:350,"Authority, mods, and budgets","Large active laboratories/status populations remain within measured server,",7,src/alchemy.rs; src/world/alchemy.rs; base/preparations.toml; src/tests/alchemy.rs,every_base_preparation_completes_through_its_real_apparatus_sequence; embodied_hearth_batch_is_exact_transactional_and_cannot_overfill; ordinary_automation_uses_the_same_timing_inputs_and_yield_as_manual_control; closed_world_alchemy_audit_reconciles_all_parent_ledgers,proven,goals 1-8 implementation plus Goal 9 integrated audit,docs/magic-qualification-implementation.md
docs/magic-alchemy-plan.md:357,Completion criteria,"physical apparatus supports extraction, infusion, distillation, and",7,src/alchemy.rs; src/world/alchemy.rs; base/preparations.toml; src/tests/alchemy.rs,every_base_preparation_completes_through_its_real_apparatus_sequence; embodied_hearth_batch_is_exact_transactional_and_cannot_overfill; ordinary_automation_uses_the_same_timing_inputs_and_yield_as_manual_control; closed_world_alchemy_audit_reconciles_all_parent_ledgers,proven,goals 1-8 implementation plus Goal 9 integrated audit,docs/magic-qualification-implementation.md
docs/magic-alchemy-plan.md:359,Completion criteria,"the initial preparation roster is useful without bypassing food, health,",7,src/alchemy.rs; src/world/alchemy.rs; base/preparations.toml; src/tests/alchemy.rs,every_base_preparation_completes_through_its_real_apparatus_sequence; embodied_hearth_batch_is_exact_transactional_and_cannot_overfill; ordinary_automation_uses_the_same_timing_inputs_and_yield_as_manual_control; closed_world_alchemy_audit_reconciles_all_parent_ledgers,proven,goals 1-8 implementation plus Goal 9 integrated audit,docs/magic-qualification-implementation.md
docs/magic-alchemy-plan.md:361,Completion criteria,"every batch, dose, effect, vessel, residue, failure, and disposal path",7,src/alchemy.rs; src/world/alchemy.rs; base/preparations.toml; src/tests/alchemy.rs,every_base_preparation_completes_through_its_real_apparatus_sequence; embodied_hearth_batch_is_exact_transactional_and_cannot_overfill; ordinary_automation_uses_the_same_timing_inputs_and_yield_as_manual_control; closed_world_alchemy_audit_reconciles_all_parent_ledgers,proven,goals 1-8 implementation plus Goal 9 integrated audit,docs/magic-qualification-implementation.md
docs/magic-alchemy-plan.md:363,Completion criteria,"spoilage, storage, automation, multiplayer, agents, mods, UI, audio, and",7,src/alchemy.rs; src/world/alchemy.rs; base/preparations.toml; src/tests/alchemy.rs,every_base_preparation_completes_through_its_real_apparatus_sequence; embodied_hearth_batch_is_exact_transactional_and_cannot_overfill; ordinary_automation_uses_the_same_timing_inputs_and_yield_as_manual_control; closed_world_alchemy_audit_reconciles_all_parent_ledgers,proven,goals 1-8 implementation plus Goal 9 integrated audit,docs/magic-qualification-implementation.md
docs/magic-alchemy-plan.md:365,Completion criteria,"conservation, process, effect, abuse, performance, and repository gates",7,src/alchemy.rs; src/world/alchemy.rs; base/preparations.toml; src/tests/alchemy.rs,every_base_preparation_completes_through_its_real_apparatus_sequence; embodied_hearth_batch_is_exact_transactional_and_cannot_overfill; ordinary_automation_uses_the_same_timing_inputs_and_yield_as_manual_control; closed_world_alchemy_audit_reconciles_all_parent_ledgers,proven,goals 1-8 implementation plus Goal 9 integrated audit,docs/magic-qualification-implementation.md
docs/magic-alchemy-plan.md:catalog-1,named catalog,apparatus: mortar,7,src/alchemy.rs; src/world/alchemy.rs; base/preparations.toml; src/tests/alchemy.rs,every_base_preparation_completes_through_its_real_apparatus_sequence; embodied_hearth_batch_is_exact_transactional_and_cannot_overfill; ordinary_automation_uses_the_same_timing_inputs_and_yield_as_manual_control; closed_world_alchemy_audit_reconciles_all_parent_ledgers,proven,goals 1-8 implementation plus Goal 9 integrated audit,docs/magic-qualification-implementation.md
docs/magic-alchemy-plan.md:catalog-2,named catalog,apparatus: infusion basin,7,src/alchemy.rs; src/world/alchemy.rs; base/preparations.toml; src/tests/alchemy.rs,every_base_preparation_completes_through_its_real_apparatus_sequence; embodied_hearth_batch_is_exact_transactional_and_cannot_overfill; ordinary_automation_uses_the_same_timing_inputs_and_yield_as_manual_control; closed_world_alchemy_audit_reconciles_all_parent_ledgers,proven,goals 1-8 implementation plus Goal 9 integrated audit,docs/magic-qualification-implementation.md
docs/magic-alchemy-plan.md:catalog-3,named catalog,apparatus: alembic,7,src/alchemy.rs; src/world/alchemy.rs; base/preparations.toml; src/tests/alchemy.rs,every_base_preparation_completes_through_its_real_apparatus_sequence; embodied_hearth_batch_is_exact_transactional_and_cannot_overfill; ordinary_automation_uses_the_same_timing_inputs_and_yield_as_manual_control; closed_world_alchemy_audit_reconciles_all_parent_ledgers,proven,goals 1-8 implementation plus Goal 9 integrated audit,docs/magic-qualification-implementation.md
docs/magic-alchemy-plan.md:catalog-4,named catalog,apparatus: filter stand,7,src/alchemy.rs; src/world/alchemy.rs; base/preparations.toml; src/tests/alchemy.rs,every_base_preparation_completes_through_its_real_apparatus_sequence; embodied_hearth_batch_is_exact_transactional_and_cannot_overfill; ordinary_automation_uses_the_same_timing_inputs_and_yield_as_manual_control; closed_world_alchemy_audit_reconciles_all_parent_ledgers,proven,goals 1-8 implementation plus Goal 9 integrated audit,docs/magic-qualification-implementation.md
docs/magic-alchemy-plan.md:catalog-5,named catalog,preparation: Clear-eye Tincture,7,src/alchemy.rs; src/world/alchemy.rs; base/preparations.toml; src/tests/alchemy.rs,every_base_preparation_completes_through_its_real_apparatus_sequence; embodied_hearth_batch_is_exact_transactional_and_cannot_overfill; ordinary_automation_uses_the_same_timing_inputs_and_yield_as_manual_control; closed_world_alchemy_audit_reconciles_all_parent_ledgers,proven,goals 1-8 implementation plus Goal 9 integrated audit,docs/magic-qualification-implementation.md
docs/magic-alchemy-plan.md:catalog-6,named catalog,preparation: Hearth Tonic,7,src/alchemy.rs; src/world/alchemy.rs; base/preparations.toml; src/tests/alchemy.rs,every_base_preparation_completes_through_its_real_apparatus_sequence; embodied_hearth_batch_is_exact_transactional_and_cannot_overfill; ordinary_automation_uses_the_same_timing_inputs_and_yield_as_manual_control; closed_world_alchemy_audit_reconciles_all_parent_ledgers,proven,goals 1-8 implementation plus Goal 9 integrated audit,docs/magic-qualification-implementation.md
docs/magic-alchemy-plan.md:catalog-7,named catalog,preparation: Root Wash,7,src/alchemy.rs; src/world/alchemy.rs; base/preparations.toml; src/tests/alchemy.rs,every_base_preparation_completes_through_its_real_apparatus_sequence; embodied_hearth_batch_is_exact_transactional_and_cannot_overfill; ordinary_automation_uses_the_same_timing_inputs_and_yield_as_manual_control; closed_world_alchemy_audit_reconciles_all_parent_ledgers,proven,goals 1-8 implementation plus Goal 9 integrated audit,docs/magic-qualification-implementation.md
docs/magic-alchemy-plan.md:catalog-8,named catalog,preparation: Settling Draught,7,src/alchemy.rs; src/world/alchemy.rs; base/preparations.toml; src/tests/alchemy.rs,every_base_preparation_completes_through_its_real_apparatus_sequence; embodied_hearth_batch_is_exact_transactional_and_cannot_overfill; ordinary_automation_uses_the_same_timing_inputs_and_yield_as_manual_control; closed_world_alchemy_audit_reconciles_all_parent_ledgers,proven,goals 1-8 implementation plus Goal 9 integrated audit,docs/magic-qualification-implementation.md
docs/magic-alchemy-plan.md:catalog-9,named catalog,preparation: Ashlace Wash,7,src/alchemy.rs; src/world/alchemy.rs; base/preparations.toml; src/tests/alchemy.rs,every_base_preparation_completes_through_its_real_apparatus_sequence; embodied_hearth_batch_is_exact_transactional_and_cannot_overfill; ordinary_automation_uses_the_same_timing_inputs_and_yield_as_manual_control; closed_world_alchemy_audit_reconciles_all_parent_ledgers,proven,goals 1-8 implementation plus Goal 9 integrated audit,docs/magic-qualification-implementation.md
docs/magic-alchemy-plan.md:catalog-10,named catalog,preparation: Frostlace Suspension,7,src/alchemy.rs; src/world/alchemy.rs; base/preparations.toml; src/tests/alchemy.rs,every_base_preparation_completes_through_its_real_apparatus_sequence; embodied_hearth_batch_is_exact_transactional_and_cannot_overfill; ordinary_automation_uses_the_same_timing_inputs_and_yield_as_manual_control; closed_world_alchemy_audit_reconciles_all_parent_ledgers,proven,goals 1-8 implementation plus Goal 9 integrated audit,docs/magic-qualification-implementation.md
docs/magic-alchemy-plan.md:catalog-11,named catalog,preparation: Storm Cordial,7,src/alchemy.rs; src/world/alchemy.rs; base/preparations.toml; src/tests/alchemy.rs,every_base_preparation_completes_through_its_real_apparatus_sequence; embodied_hearth_batch_is_exact_transactional_and_cannot_overfill; ordinary_automation_uses_the_same_timing_inputs_and_yield_as_manual_control; closed_world_alchemy_audit_reconciles_all_parent_ledgers,proven,goals 1-8 implementation plus Goal 9 integrated audit,docs/magic-qualification-implementation.md
docs/magic-alchemy-plan.md:catalog-12,named catalog,preparation: Scouring Antidote,7,src/alchemy.rs; src/world/alchemy.rs; base/preparations.toml; src/tests/alchemy.rs,every_base_preparation_completes_through_its_real_apparatus_sequence; embodied_hearth_batch_is_exact_transactional_and_cannot_overfill; ordinary_automation_uses_the_same_timing_inputs_and_yield_as_manual_control; closed_world_alchemy_audit_reconciles_all_parent_ledgers,proven,goals 1-8 implementation plus Goal 9 integrated audit,docs/magic-qualification-implementation.md
docs/magic-alchemy-plan.md:catalog-13,named catalog,command: --alchemy-audit,7,src/alchemy.rs; src/world/alchemy.rs; base/preparations.toml; src/tests/alchemy.rs,every_base_preparation_completes_through_its_real_apparatus_sequence; embodied_hearth_batch_is_exact_transactional_and_cannot_overfill; ordinary_automation_uses_the_same_timing_inputs_and_yield_as_manual_control; closed_world_alchemy_audit_reconciles_all_parent_ledgers,proven,goals 1-8 implementation plus Goal 9 integrated audit,docs/magic-qualification-implementation.md
docs/magic-dross-plan.md:15,Implementation record — 2026-08-04,"seven explicit carriers—air, water, soil/sediment, organisms, containers,",8,src/dross.rs; src/world/dross.rs; src/tests/dross.rs,air_and_water_cross_every_directed_cube_seam_without_privilege_or_loss; scenario_careless_laboratory_warns_through_every_band_before_breach; scenario_dead_heart_recovery_remains_possible_and_reawakening_accelerates_it; scenario_planetary_abuse_is_regional_not_self_replicating_and_recovers_when_stopped; century_equivalent_magic_use_and_stopped_abuse_are_exact_and_bounded,proven,goals 1-8 implementation plus Goal 9 integrated audit,docs/magic-qualification-implementation.md
docs/magic-dross-plan.md:19,Implementation record — 2026-08-04,"source accounting on charms, implements, wand workings, constructed rites,",8,src/dross.rs; src/world/dross.rs; src/tests/dross.rs,air_and_water_cross_every_directed_cube_seam_without_privilege_or_loss; scenario_careless_laboratory_warns_through_every_band_before_breach; scenario_dead_heart_recovery_remains_possible_and_reawakening_accelerates_it; scenario_planetary_abuse_is_regional_not_self_replicating_and_recovers_when_stopped; century_equivalent_magic_use_and_stopped_abuse_are_exact_and_bounded,proven,goals 1-8 implementation plus Goal 9 integrated audit,docs/magic-qualification-implementation.md
docs/magic-dross-plan.md:23,Implementation record — 2026-08-04,"clear, trace, strained, seep, scar, and breach-risk bands with hysteresis.",8,src/dross.rs; src/world/dross.rs; src/tests/dross.rs,air_and_water_cross_every_directed_cube_seam_without_privilege_or_loss; scenario_careless_laboratory_warns_through_every_band_before_breach; scenario_dead_heart_recovery_remains_possible_and_reawakening_accelerates_it; scenario_planetary_abuse_is_regional_not_self_replicating_and_recovers_when_stopped; century_equivalent_magic_use_and_stopped_abuse_are_exact_and_bounded,proven,goals 1-8 implementation plus Goal 9 integrated audit,docs/magic-qualification-implementation.md
docs/magic-dross-plan.md:27,Implementation record — 2026-08-04,seven climate/habitat-specific scar definitions. Closed native handlers,8,src/dross.rs; src/world/dross.rs; src/tests/dross.rs,air_and_water_cross_every_directed_cube_seam_without_privilege_or_loss; scenario_careless_laboratory_warns_through_every_band_before_breach; scenario_dead_heart_recovery_remains_possible_and_reawakening_accelerates_it; scenario_planetary_abuse_is_regional_not_self_replicating_and_recovers_when_stopped; century_equivalent_magic_use_and_stopped_abuse_are_exact_and_bounded,proven,goals 1-8 implementation plus Goal 9 integrated audit,docs/magic-qualification-implementation.md
docs/magic-dross-plan.md:32,Implementation record — 2026-08-04,"real exposure, crop refusal/stall, ecological harm, and working-instability",8,src/dross.rs; src/world/dross.rs; src/tests/dross.rs,air_and_water_cross_every_directed_cube_seam_without_privilege_or_loss; scenario_careless_laboratory_warns_through_every_band_before_breach; scenario_dead_heart_recovery_remains_possible_and_reawakening_accelerates_it; scenario_planetary_abuse_is_regional_not_self_replicating_and_recovers_when_stopped; century_equivalent_magic_use_and_stopped_abuse_are_exact_and_bounded,proven,goals 1-8 implementation plus Goal 9 integrated audit,docs/magic-qualification-implementation.md
docs/magic-dross-plan.md:35,Implementation record — 2026-08-04,"finite vessels, filters, excavation residue, Ashlace washing, settling, and",8,src/dross.rs; src/world/dross.rs; src/tests/dross.rs,air_and_water_cross_every_directed_cube_seam_without_privilege_or_loss; scenario_careless_laboratory_warns_through_every_band_before_breach; scenario_dead_heart_recovery_remains_possible_and_reawakening_accelerates_it; scenario_planetary_abuse_is_regional_not_self_replicating_and_recovers_when_stopped; century_equivalent_magic_use_and_stopped_abuse_are_exact_and_bounded,proven,goals 1-8 implementation plus Goal 9 integrated audit,docs/magic-qualification-implementation.md
docs/magic-dross-plan.md:39,Implementation record — 2026-08-04,bounded likely/consistent/inconclusive source signatures that degrade with,8,src/dross.rs; src/world/dross.rs; src/tests/dross.rs,air_and_water_cross_every_directed_cube_seam_without_privilege_or_loss; scenario_careless_laboratory_warns_through_every_band_before_breach; scenario_dead_heart_recovery_remains_possible_and_reawakening_accelerates_it; scenario_planetary_abuse_is_regional_not_self_replicating_and_recovers_when_stopped; century_equivalent_magic_use_and_stopped_abuse_are_exact_and_bounded,proven,goals 1-8 implementation plus Goal 9 integrated audit,docs/magic-qualification-implementation.md
docs/magic-dross-plan.md:43,Implementation record — 2026-08-04,"host-authoritative local, guest, and agent presentation; interest-managed",8,src/dross.rs; src/world/dross.rs; src/tests/dross.rs,air_and_water_cross_every_directed_cube_seam_without_privilege_or_loss; scenario_careless_laboratory_warns_through_every_band_before_breach; scenario_dead_heart_recovery_remains_possible_and_reawakening_accelerates_it; scenario_planetary_abuse_is_regional_not_self_replicating_and_recovers_when_stopped; century_equivalent_magic_use_and_stopped_abuse_are_exact_and_bounded,proven,goals 1-8 implementation plus Goal 9 integrated audit,docs/magic-qualification-implementation.md
docs/magic-dross-plan.md:47,Implementation record — 2026-08-04,`--arcane-audit` Dross reconciliation and four-view `--arcane-atlas ...,8,src/dross.rs; src/world/dross.rs; src/tests/dross.rs,air_and_water_cross_every_directed_cube_seam_without_privilege_or_loss; scenario_careless_laboratory_warns_through_every_band_before_breach; scenario_dead_heart_recovery_remains_possible_and_reawakening_accelerates_it; scenario_planetary_abuse_is_regional_not_self_replicating_and_recovers_when_stopped; century_equivalent_magic_use_and_stopped_abuse_are_exact_and_bounded,proven,goals 1-8 implementation plus Goal 9 integrated audit,docs/magic-qualification-implementation.md
docs/magic-dross-plan.md:103,Dross is not Ire,"Dross responds to throughput, stability, containment, transport, and time.",8,src/dross.rs; src/world/dross.rs; src/tests/dross.rs,air_and_water_cross_every_directed_cube_seam_without_privilege_or_loss; scenario_careless_laboratory_warns_through_every_band_before_breach; scenario_dead_heart_recovery_remains_possible_and_reawakening_accelerates_it; scenario_planetary_abuse_is_regional_not_self_replicating_and_recovers_when_stopped; century_equivalent_magic_use_and_stopped_abuse_are_exact_and_bounded,proven,goals 1-8 implementation plus Goal 9 integrated audit,docs/magic-qualification-implementation.md
docs/magic-dross-plan.md:104,Dross is not Ire,"Ire responds to what players take, damage, tend, and return.",8,src/dross.rs; src/world/dross.rs; src/tests/dross.rs,air_and_water_cross_every_directed_cube_seam_without_privilege_or_loss; scenario_careless_laboratory_warns_through_every_band_before_breach; scenario_dead_heart_recovery_remains_possible_and_reawakening_accelerates_it; scenario_planetary_abuse_is_regional_not_self_replicating_and_recovers_when_stopped; century_equivalent_magic_use_and_stopped_abuse_are_exact_and_bounded,proven,goals 1-8 implementation plus Goal 9 integrated audit,docs/magic-qualification-implementation.md
docs/magic-dross-plan.md:105,Dross is not Ire,Producing dross inside a sealed vessel does not itself raise Ire.,8,src/dross.rs; src/world/dross.rs; src/tests/dross.rs,air_and_water_cross_every_directed_cube_seam_without_privilege_or_loss; scenario_careless_laboratory_warns_through_every_band_before_breach; scenario_dead_heart_recovery_remains_possible_and_reawakening_accelerates_it; scenario_planetary_abuse_is_regional_not_self_replicating_and_recovers_when_stopped; century_equivalent_magic_use_and_stopped_abuse_are_exact_and_bounded,proven,goals 1-8 implementation plus Goal 9 integrated audit,docs/magic-qualification-implementation.md
docs/magic-dross-plan.md:106,Dross is not Ire,Releasing it into habitat may damage life; that harmful act raises Ire,8,src/dross.rs; src/world/dross.rs; src/tests/dross.rs,air_and_water_cross_every_directed_cube_seam_without_privilege_or_loss; scenario_careless_laboratory_warns_through_every_band_before_breach; scenario_dead_heart_recovery_remains_possible_and_reawakening_accelerates_it; scenario_planetary_abuse_is_regional_not_self_replicating_and_recovers_when_stopped; century_equivalent_magic_use_and_stopped_abuse_are_exact_and_bounded,proven,goals 1-8 implementation plus Goal 9 integrated audit,docs/magic-qualification-implementation.md
docs/magic-dross-plan.md:108,Dross is not Ire,"Cleaning an old anonymous scar does not erase someone's Ire, though the work",8,src/dross.rs; src/world/dross.rs; src/tests/dross.rs,air_and_water_cross_every_directed_cube_seam_without_privilege_or_loss; scenario_careless_laboratory_warns_through_every_band_before_breach; scenario_dead_heart_recovery_remains_possible_and_reawakening_accelerates_it; scenario_planetary_abuse_is_regional_not_self_replicating_and_recovers_when_stopped; century_equivalent_magic_use_and_stopped_abuse_are_exact_and_bounded,proven,goals 1-8 implementation plus Goal 9 integrated audit,docs/magic-qualification-implementation.md
docs/magic-dross-plan.md:110,Dross is not Ire,A calm country can be polluted and an angry country can be clean.,8,src/dross.rs; src/world/dross.rs; src/tests/dross.rs,air_and_water_cross_every_directed_cube_seam_without_privilege_or_loss; scenario_careless_laboratory_warns_through_every_band_before_breach; scenario_dead_heart_recovery_remains_possible_and_reawakening_accelerates_it; scenario_planetary_abuse_is_regional_not_self_replicating_and_recovers_when_stopped; century_equivalent_magic_use_and_stopped_abuse_are_exact_and_bounded,proven,goals 1-8 implementation plus Goal 9 integrated audit,docs/magic-qualification-implementation.md
docs/magic-dross-plan.md:132,Dross compartments,"airborne dross diffuses and advects with weather,",8,src/dross.rs; src/world/dross.rs; src/tests/dross.rs,air_and_water_cross_every_directed_cube_seam_without_privilege_or_loss; scenario_careless_laboratory_warns_through_every_band_before_breach; scenario_dead_heart_recovery_remains_possible_and_reawakening_accelerates_it; scenario_planetary_abuse_is_regional_not_self_replicating_and_recovers_when_stopped; century_equivalent_magic_use_and_stopped_abuse_are_exact_and_bounded,proven,goals 1-8 implementation plus Goal 9 integrated audit,docs/magic-qualification-implementation.md
docs/magic-dross-plan.md:133,Dross compartments,"waterborne dross follows exact water movement and watershed routing,",8,src/dross.rs; src/world/dross.rs; src/tests/dross.rs,air_and_water_cross_every_directed_cube_seam_without_privilege_or_loss; scenario_careless_laboratory_warns_through_every_band_before_breach; scenario_dead_heart_recovery_remains_possible_and_reawakening_accelerates_it; scenario_planetary_abuse_is_regional_not_self_replicating_and_recovers_when_stopped; century_equivalent_magic_use_and_stopped_abuse_are_exact_and_bounded,proven,goals 1-8 implementation plus Goal 9 integrated audit,docs/magic-qualification-implementation.md
docs/magic-dross-plan.md:134,Dross compartments,evaporation leaves nonvolatile dross behind unless a content process,8,src/dross.rs; src/world/dross.rs; src/tests/dross.rs,air_and_water_cross_every_directed_cube_seam_without_privilege_or_loss; scenario_careless_laboratory_warns_through_every_band_before_breach; scenario_dead_heart_recovery_remains_possible_and_reawakening_accelerates_it; scenario_planetary_abuse_is_regional_not_self_replicating_and_recovers_when_stopped; century_equivalent_magic_use_and_stopped_abuse_are_exact_and_bounded,proven,goals 1-8 implementation plus Goal 9 integrated audit,docs/magic-qualification-implementation.md
docs/magic-dross-plan.md:136,Dross compartments,"freezing and thawing partition it by declared coefficients without gain,",8,src/dross.rs; src/world/dross.rs; src/tests/dross.rs,air_and_water_cross_every_directed_cube_seam_without_privilege_or_loss; scenario_careless_laboratory_warns_through_every_band_before_breach; scenario_dead_heart_recovery_remains_possible_and_reawakening_accelerates_it; scenario_planetary_abuse_is_regional_not_self_replicating_and_recovers_when_stopped; century_equivalent_magic_use_and_stopped_abuse_are_exact_and_bounded,proven,goals 1-8 implementation plus Goal 9 integrated audit,docs/magic-qualification-implementation.md
docs/magic-dross-plan.md:137,Dross compartments,"soil/sediment sorbs it and erosion can move it,",8,src/dross.rs; src/world/dross.rs; src/tests/dross.rs,air_and_water_cross_every_directed_cube_seam_without_privilege_or_loss; scenario_careless_laboratory_warns_through_every_band_before_breach; scenario_dead_heart_recovery_remains_possible_and_reawakening_accelerates_it; scenario_planetary_abuse_is_regional_not_self_replicating_and_recovers_when_stopped; century_equivalent_magic_use_and_stopped_abuse_are_exact_and_bounded,proven,goals 1-8 implementation plus Goal 9 integrated audit,docs/magic-qualification-implementation.md
docs/magic-dross-plan.md:138,Dross compartments,"organisms sequester rather than erase it,",8,src/dross.rs; src/world/dross.rs; src/tests/dross.rs,air_and_water_cross_every_directed_cube_seam_without_privilege_or_loss; scenario_careless_laboratory_warns_through_every_band_before_breach; scenario_dead_heart_recovery_remains_possible_and_reawakening_accelerates_it; scenario_planetary_abuse_is_regional_not_self_replicating_and_recovers_when_stopped; century_equivalent_magic_use_and_stopped_abuse_are_exact_and_bounded,proven,goals 1-8 implementation plus Goal 9 integrated audit,docs/magic-qualification-implementation.md
docs/magic-dross-plan.md:139,Dross compartments,"contained dross leaks only through capacity/damage rules,",8,src/dross.rs; src/world/dross.rs; src/tests/dross.rs,air_and_water_cross_every_directed_cube_seam_without_privilege_or_loss; scenario_careless_laboratory_warns_through_every_band_before_breach; scenario_dead_heart_recovery_remains_possible_and_reawakening_accelerates_it; scenario_planetary_abuse_is_regional_not_self_replicating_and_recovers_when_stopped; century_equivalent_magic_use_and_stopped_abuse_are_exact_and_bounded,proven,goals 1-8 implementation plus Goal 9 integrated audit,docs/magic-qualification-implementation.md
docs/magic-dross-plan.md:140,Dross compartments,manifestations remain ledger owners until removed or transformed.,8,src/dross.rs; src/world/dross.rs; src/tests/dross.rs,air_and_water_cross_every_directed_cube_seam_without_privilege_or_loss; scenario_careless_laboratory_warns_through_every_band_before_breach; scenario_dead_heart_recovery_remains_possible_and_reawakening_accelerates_it; scenario_planetary_abuse_is_regional_not_self_replicating_and_recovers_when_stopped; century_equivalent_magic_use_and_stopped_abuse_are_exact_and_bounded,proven,goals 1-8 implementation plus Goal 9 integrated audit,docs/magic-qualification-implementation.md
docs/magic-dross-plan.md:149,Sources,"wand and ritual inefficiency,",8,src/dross.rs; src/world/dross.rs; src/tests/dross.rs,air_and_water_cross_every_directed_cube_seam_without_privilege_or_loss; scenario_careless_laboratory_warns_through_every_band_before_breach; scenario_dead_heart_recovery_remains_possible_and_reawakening_accelerates_it; scenario_planetary_abuse_is_regional_not_self_replicating_and_recovers_when_stopped; century_equivalent_magic_use_and_stopped_abuse_are_exact_and_bounded,proven,goals 1-8 implementation plus Goal 9 integrated audit,docs/magic-qualification-implementation.md
docs/magic-dross-plan.md:150,Sources,"resonance mismatch,",8,src/dross.rs; src/world/dross.rs; src/tests/dross.rs,air_and_water_cross_every_directed_cube_seam_without_privilege_or_loss; scenario_careless_laboratory_warns_through_every_band_before_breach; scenario_dead_heart_recovery_remains_possible_and_reawakening_accelerates_it; scenario_planetary_abuse_is_regional_not_self_replicating_and_recovers_when_stopped; century_equivalent_magic_use_and_stopped_abuse_are_exact_and_bounded,proven,goals 1-8 implementation plus Goal 9 integrated audit,docs/magic-qualification-implementation.md
docs/magic-dross-plan.md:151,Sources,"Ambient Current overdraw,",8,src/dross.rs; src/world/dross.rs; src/tests/dross.rs,air_and_water_cross_every_directed_cube_seam_without_privilege_or_loss; scenario_careless_laboratory_warns_through_every_band_before_breach; scenario_dead_heart_recovery_remains_possible_and_reawakening_accelerates_it; scenario_planetary_abuse_is_regional_not_self_replicating_and_recovers_when_stopped; century_equivalent_magic_use_and_stopped_abuse_are_exact_and_bounded,proven,goals 1-8 implementation plus Goal 9 integrated audit,docs/magic-qualification-implementation.md
docs/magic-dross-plan.md:152,Sources,"damaged, dirty, or overfilled apparatus,",8,src/dross.rs; src/world/dross.rs; src/tests/dross.rs,air_and_water_cross_every_directed_cube_seam_without_privilege_or_loss; scenario_careless_laboratory_warns_through_every_band_before_breach; scenario_dead_heart_recovery_remains_possible_and_reawakening_accelerates_it; scenario_planetary_abuse_is_regional_not_self_replicating_and_recovers_when_stopped; century_equivalent_magic_use_and_stopped_abuse_are_exact_and_bounded,proven,goals 1-8 implementation plus Goal 9 integrated audit,docs/magic-qualification-implementation.md
docs/magic-dross-plan.md:153,Sources,"charm leakage and forced activation,",8,src/dross.rs; src/world/dross.rs; src/tests/dross.rs,air_and_water_cross_every_directed_cube_seam_without_privilege_or_loss; scenario_careless_laboratory_warns_through_every_band_before_breach; scenario_dead_heart_recovery_remains_possible_and_reawakening_accelerates_it; scenario_planetary_abuse_is_regional_not_self_replicating_and_recovers_when_stopped; century_equivalent_magic_use_and_stopped_abuse_are_exact_and_bounded,proven,goals 1-8 implementation plus Goal 9 integrated audit,docs/magic-qualification-implementation.md
docs/magic-dross-plan.md:154,Sources,"crystal overcharge/destructive harvest,",8,src/dross.rs; src/world/dross.rs; src/tests/dross.rs,air_and_water_cross_every_directed_cube_seam_without_privilege_or_loss; scenario_careless_laboratory_warns_through_every_band_before_breach; scenario_dead_heart_recovery_remains_possible_and_reawakening_accelerates_it; scenario_planetary_abuse_is_regional_not_self_replicating_and_recovers_when_stopped; century_equivalent_magic_use_and_stopped_abuse_are_exact_and_bounded,proven,goals 1-8 implementation plus Goal 9 integrated audit,docs/magic-qualification-implementation.md
docs/magic-dross-plan.md:155,Sources,"charged organism/mineral processing,",8,src/dross.rs; src/world/dross.rs; src/tests/dross.rs,air_and_water_cross_every_directed_cube_seam_without_privilege_or_loss; scenario_careless_laboratory_warns_through_every_band_before_breach; scenario_dead_heart_recovery_remains_possible_and_reawakening_accelerates_it; scenario_planetary_abuse_is_regional_not_self_replicating_and_recovers_when_stopped; century_equivalent_magic_use_and_stopped_abuse_are_exact_and_bounded,proven,goals 1-8 implementation plus Goal 9 integrated audit,docs/magic-qualification-implementation.md
docs/magic-dross-plan.md:156,Sources,"alchemy heat, vapor, wastewater, and spent filters,",8,src/dross.rs; src/world/dross.rs; src/tests/dross.rs,air_and_water_cross_every_directed_cube_seam_without_privilege_or_loss; scenario_careless_laboratory_warns_through_every_band_before_breach; scenario_dead_heart_recovery_remains_possible_and_reawakening_accelerates_it; scenario_planetary_abuse_is_regional_not_self_replicating_and_recovers_when_stopped; century_equivalent_magic_use_and_stopped_abuse_are_exact_and_bounded,proven,goals 1-8 implementation plus Goal 9 integrated audit,docs/magic-qualification-implementation.md
docs/magic-dross-plan.md:157,Sources,"warden death and unrecovered manifestation charge,",8,src/dross.rs; src/world/dross.rs; src/tests/dross.rs,air_and_water_cross_every_directed_cube_seam_without_privilege_or_loss; scenario_careless_laboratory_warns_through_every_band_before_breach; scenario_dead_heart_recovery_remains_possible_and_reawakening_accelerates_it; scenario_planetary_abuse_is_regional_not_self_replicating_and_recovers_when_stopped; century_equivalent_magic_use_and_stopped_abuse_are_exact_and_bounded,proven,goals 1-8 implementation plus Goal 9 integrated audit,docs/magic-qualification-implementation.md
docs/magic-dross-plan.md:158,Sources,"interrupted/crashed workings,",8,src/dross.rs; src/world/dross.rs; src/tests/dross.rs,air_and_water_cross_every_directed_cube_seam_without_privilege_or_loss; scenario_careless_laboratory_warns_through_every_band_before_breach; scenario_dead_heart_recovery_remains_possible_and_reawakening_accelerates_it; scenario_planetary_abuse_is_regional_not_self_replicating_and_recovers_when_stopped; century_equivalent_magic_use_and_stopped_abuse_are_exact_and_bounded,proven,goals 1-8 implementation plus Goal 9 integrated audit,docs/magic-qualification-implementation.md
docs/magic-dross-plan.md:159,Sources,"scar/breach activity,",8,src/dross.rs; src/world/dross.rs; src/tests/dross.rs,air_and_water_cross_every_directed_cube_seam_without_privilege_or_loss; scenario_careless_laboratory_warns_through_every_band_before_breach; scenario_dead_heart_recovery_remains_possible_and_reawakening_accelerates_it; scenario_planetary_abuse_is_regional_not_self_replicating_and_recovers_when_stopped; century_equivalent_magic_use_and_stopped_abuse_are_exact_and_bounded,proven,goals 1-8 implementation plus Goal 9 integrated audit,docs/magic-qualification-implementation.md
docs/magic-dross-plan.md:160,Sources,deliberate discharge and transport.,8,src/dross.rs; src/world/dross.rs; src/tests/dross.rs,air_and_water_cross_every_directed_cube_seam_without_privilege_or_loss; scenario_careless_laboratory_warns_through_every_band_before_breach; scenario_dead_heart_recovery_remains_possible_and_reawakening_accelerates_it; scenario_planetary_abuse_is_regional_not_self_replicating_and_recovers_when_stopped; century_equivalent_magic_use_and_stopped_abuse_are_exact_and_bounded,proven,goals 1-8 implementation plus Goal 9 integrated audit,docs/magic-qualification-implementation.md
docs/magic-dross-plan.md:203,Trace,Tuning lens and sensitive indicator species detect it.,8,src/dross.rs; src/world/dross.rs; src/tests/dross.rs,air_and_water_cross_every_directed_cube_seam_without_privilege_or_loss; scenario_careless_laboratory_warns_through_every_band_before_breach; scenario_dead_heart_recovery_remains_possible_and_reawakening_accelerates_it; scenario_planetary_abuse_is_regional_not_self_replicating_and_recovers_when_stopped; century_equivalent_magic_use_and_stopped_abuse_are_exact_and_bounded,proven,goals 1-8 implementation plus Goal 9 integrated audit,docs/magic-qualification-implementation.md
docs/magic-dross-plan.md:204,Trace,Charged glass shows internal haze or asymmetry.,8,src/dross.rs; src/world/dross.rs; src/tests/dross.rs,air_and_water_cross_every_directed_cube_seam_without_privilege_or_loss; scenario_careless_laboratory_warns_through_every_band_before_breach; scenario_dead_heart_recovery_remains_possible_and_reawakening_accelerates_it; scenario_planetary_abuse_is_regional_not_self_replicating_and_recovers_when_stopped; century_equivalent_magic_use_and_stopped_abuse_are_exact_and_bounded,proven,goals 1-8 implementation plus Goal 9 integrated audit,docs/magic-qualification-implementation.md
docs/magic-dross-plan.md:205,Trace,No direct hazard.,8,src/dross.rs; src/world/dross.rs; src/tests/dross.rs,air_and_water_cross_every_directed_cube_seam_without_privilege_or_loss; scenario_careless_laboratory_warns_through_every_band_before_breach; scenario_dead_heart_recovery_remains_possible_and_reawakening_accelerates_it; scenario_planetary_abuse_is_regional_not_self_replicating_and_recovers_when_stopped; century_equivalent_magic_use_and_stopped_abuse_are_exact_and_bounded,proven,goals 1-8 implementation plus Goal 9 integrated audit,docs/magic-qualification-implementation.md
docs/magic-dross-plan.md:209,Strained,Charms hum or pulse under use.,8,src/dross.rs; src/world/dross.rs; src/tests/dross.rs,air_and_water_cross_every_directed_cube_seam_without_privilege_or_loss; scenario_careless_laboratory_warns_through_every_band_before_breach; scenario_dead_heart_recovery_remains_possible_and_reawakening_accelerates_it; scenario_planetary_abuse_is_regional_not_self_replicating_and_recovers_when_stopped; century_equivalent_magic_use_and_stopped_abuse_are_exact_and_bounded,proven,goals 1-8 implementation plus Goal 9 integrated audit,docs/magic-qualification-implementation.md
docs/magic-dross-plan.md:210,Strained,Conductor/vessel sound becomes discordant.,8,src/dross.rs; src/world/dross.rs; src/tests/dross.rs,air_and_water_cross_every_directed_cube_seam_without_privilege_or_loss; scenario_careless_laboratory_warns_through_every_band_before_breach; scenario_dead_heart_recovery_remains_possible_and_reawakening_accelerates_it; scenario_planetary_abuse_is_regional_not_self_replicating_and_recovers_when_stopped; century_equivalent_magic_use_and_stopped_abuse_are_exact_and_bounded,proven,goals 1-8 implementation plus Goal 9 integrated audit,docs/magic-qualification-implementation.md
docs/magic-dross-plan.md:211,Strained,"Magical plants close, lean away, or change growth.",8,src/dross.rs; src/world/dross.rs; src/tests/dross.rs,air_and_water_cross_every_directed_cube_seam_without_privilege_or_loss; scenario_careless_laboratory_warns_through_every_band_before_breach; scenario_dead_heart_recovery_remains_possible_and_reawakening_accelerates_it; scenario_planetary_abuse_is_regional_not_self_replicating_and_recovers_when_stopped; century_equivalent_magic_use_and_stopped_abuse_are_exact_and_bounded,proven,goals 1-8 implementation plus Goal 9 integrated audit,docs/magic-qualification-implementation.md
docs/magic-dross-plan.md:212,Strained,Recharge and workings produce more dross through the real stability,8,src/dross.rs; src/world/dross.rs; src/tests/dross.rs,air_and_water_cross_every_directed_cube_seam_without_privilege_or_loss; scenario_careless_laboratory_warns_through_every_band_before_breach; scenario_dead_heart_recovery_remains_possible_and_reawakening_accelerates_it; scenario_planetary_abuse_is_regional_not_self_replicating_and_recovers_when_stopped; century_equivalent_magic_use_and_stopped_abuse_are_exact_and_bounded,proven,goals 1-8 implementation plus Goal 9 integrated audit,docs/magic-qualification-implementation.md
docs/magic-dross-plan.md:214,Strained,A player can identify the problem before damage.,8,src/dross.rs; src/world/dross.rs; src/tests/dross.rs,air_and_water_cross_every_directed_cube_seam_without_privilege_or_loss; scenario_careless_laboratory_warns_through_every_band_before_breach; scenario_dead_heart_recovery_remains_possible_and_reawakening_accelerates_it; scenario_planetary_abuse_is_regional_not_self_replicating_and_recovers_when_stopped; century_equivalent_magic_use_and_stopped_abuse_are_exact_and_bounded,proven,goals 1-8 implementation plus Goal 9 integrated audit,docs/magic-qualification-implementation.md
docs/magic-dross-plan.md:218,Seep,"Removable filament, soot-like branching, mineral bloom, oily refraction, or",8,src/dross.rs; src/world/dross.rs; src/tests/dross.rs,air_and_water_cross_every_directed_cube_seam_without_privilege_or_loss; scenario_careless_laboratory_warns_through_every_band_before_breach; scenario_dead_heart_recovery_remains_possible_and_reawakening_accelerates_it; scenario_planetary_abuse_is_regional_not_self_replicating_and_recovers_when_stopped; century_equivalent_magic_use_and_stopped_abuse_are_exact_and_bounded,proven,goals 1-8 implementation plus Goal 9 integrated audit,docs/magic-qualification-implementation.md
docs/magic-dross-plan.md:221,Seep,Water and soil samples read fouled.,8,src/dross.rs; src/world/dross.rs; src/tests/dross.rs,air_and_water_cross_every_directed_cube_seam_without_privilege_or_loss; scenario_careless_laboratory_warns_through_every_band_before_breach; scenario_dead_heart_recovery_remains_possible_and_reawakening_accelerates_it; scenario_planetary_abuse_is_regional_not_self_replicating_and_recovers_when_stopped; century_equivalent_magic_use_and_stopped_abuse_are_exact_and_bounded,proven,goals 1-8 implementation plus Goal 9 integrated audit,docs/magic-qualification-implementation.md
docs/magic-dross-plan.md:222,Seep,Long exposure applies bounded symptoms.,8,src/dross.rs; src/world/dross.rs; src/tests/dross.rs,air_and_water_cross_every_directed_cube_seam_without_privilege_or_loss; scenario_careless_laboratory_warns_through_every_band_before_breach; scenario_dead_heart_recovery_remains_possible_and_reawakening_accelerates_it; scenario_planetary_abuse_is_regional_not_self_replicating_and_recovers_when_stopped; century_equivalent_magic_use_and_stopped_abuse_are_exact_and_bounded,proven,goals 1-8 implementation plus Goal 9 integrated audit,docs/magic-qualification-implementation.md
docs/magic-dross-plan.md:223,Seep,Sensitive plants stall or sequester burden.,8,src/dross.rs; src/world/dross.rs; src/tests/dross.rs,air_and_water_cross_every_directed_cube_seam_without_privilege_or_loss; scenario_careless_laboratory_warns_through_every_band_before_breach; scenario_dead_heart_recovery_remains_possible_and_reawakening_accelerates_it; scenario_planetary_abuse_is_regional_not_self_replicating_and_recovers_when_stopped; century_equivalent_magic_use_and_stopped_abuse_are_exact_and_bounded,proven,goals 1-8 implementation plus Goal 9 integrated audit,docs/magic-qualification-implementation.md
docs/magic-dross-plan.md:227,Scar,Persistent scar growths claim empty cells and attach removable overlays to,8,src/dross.rs; src/world/dross.rs; src/tests/dross.rs,air_and_water_cross_every_directed_cube_seam_without_privilege_or_loss; scenario_careless_laboratory_warns_through_every_band_before_breach; scenario_dead_heart_recovery_remains_possible_and_reawakening_accelerates_it; scenario_planetary_abuse_is_regional_not_self_replicating_and_recovers_when_stopped; century_equivalent_magic_use_and_stopped_abuse_are_exact_and_bounded,proven,goals 1-8 implementation plus Goal 9 integrated audit,docs/magic-qualification-implementation.md
docs/magic-dross-plan.md:229,Scar,"Magical organisms may become malformed, dormant, or dangerous.",8,src/dross.rs; src/world/dross.rs; src/tests/dross.rs,air_and_water_cross_every_directed_cube_seam_without_privilege_or_loss; scenario_careless_laboratory_warns_through_every_band_before_breach; scenario_dead_heart_recovery_remains_possible_and_reawakening_accelerates_it; scenario_planetary_abuse_is_regional_not_self_replicating_and_recovers_when_stopped; century_equivalent_magic_use_and_stopped_abuse_are_exact_and_bounded,proven,goals 1-8 implementation plus Goal 9 integrated audit,docs/magic-qualification-implementation.md
docs/magic-dross-plan.md:230,Scar,Scar entities and local arcane weather become possible.,8,src/dross.rs; src/world/dross.rs; src/tests/dross.rs,air_and_water_cross_every_directed_cube_seam_without_privilege_or_loss; scenario_careless_laboratory_warns_through_every_band_before_breach; scenario_dead_heart_recovery_remains_possible_and_reawakening_accelerates_it; scenario_planetary_abuse_is_regional_not_self_replicating_and_recovers_when_stopped; century_equivalent_magic_use_and_stopped_abuse_are_exact_and_bounded,proven,goals 1-8 implementation plus Goal 9 integrated audit,docs/magic-qualification-implementation.md
docs/magic-dross-plan.md:231,Scar,Cultivated plants may wilt/stall; structural construction remains.,8,src/dross.rs; src/world/dross.rs; src/tests/dross.rs,air_and_water_cross_every_directed_cube_seam_without_privilege_or_loss; scenario_careless_laboratory_warns_through_every_band_before_breach; scenario_dead_heart_recovery_remains_possible_and_reawakening_accelerates_it; scenario_planetary_abuse_is_regional_not_self_replicating_and_recovers_when_stopped; century_equivalent_magic_use_and_stopped_abuse_are_exact_and_bounded,proven,goals 1-8 implementation plus Goal 9 integrated audit,docs/magic-qualification-implementation.md
docs/magic-dross-plan.md:232,Scar,Apparatus leakage/failure pressure rises.,8,src/dross.rs; src/world/dross.rs; src/tests/dross.rs,air_and_water_cross_every_directed_cube_seam_without_privilege_or_loss; scenario_careless_laboratory_warns_through_every_band_before_breach; scenario_dead_heart_recovery_remains_possible_and_reawakening_accelerates_it; scenario_planetary_abuse_is_regional_not_self_replicating_and_recovers_when_stopped; century_equivalent_magic_use_and_stopped_abuse_are_exact_and_bounded,proven,goals 1-8 implementation plus Goal 9 integrated audit,docs/magic-qualification-implementation.md
docs/magic-dross-plan.md:236,Breach,"A local field discontinuity releases stored pressure as a storm, shear,",8,src/dross.rs; src/world/dross.rs; src/tests/dross.rs,air_and_water_cross_every_directed_cube_seam_without_privilege_or_loss; scenario_careless_laboratory_warns_through_every_band_before_breach; scenario_dead_heart_recovery_remains_possible_and_reawakening_accelerates_it; scenario_planetary_abuse_is_regional_not_self_replicating_and_recovers_when_stopped; century_equivalent_magic_use_and_stopped_abuse_are_exact_and_bounded,proven,goals 1-8 implementation plus Goal 9 integrated audit,docs/magic-qualification-implementation.md
docs/magic-dross-plan.md:238,Breach,It is not a portal and does not connect another dimension.,8,src/dross.rs; src/world/dross.rs; src/tests/dross.rs,air_and_water_cross_every_directed_cube_seam_without_privilege_or_loss; scenario_careless_laboratory_warns_through_every_band_before_breach; scenario_dead_heart_recovery_remains_possible_and_reawakening_accelerates_it; scenario_planetary_abuse_is_regional_not_self_replicating_and_recovers_when_stopped; century_equivalent_magic_use_and_stopped_abuse_are_exact_and_bounded,proven,goals 1-8 implementation plus Goal 9 integrated audit,docs/magic-qualification-implementation.md
docs/magic-dross-plan.md:239,Breach,It transfers existing Dross/Current among explicit owners.,8,src/dross.rs; src/world/dross.rs; src/tests/dross.rs,air_and_water_cross_every_directed_cube_seam_without_privilege_or_loss; scenario_careless_laboratory_warns_through_every_band_before_breach; scenario_dead_heart_recovery_remains_possible_and_reawakening_accelerates_it; scenario_planetary_abuse_is_regional_not_self_replicating_and_recovers_when_stopped; century_equivalent_magic_use_and_stopped_abuse_are_exact_and_bounded,proven,goals 1-8 implementation plus Goal 9 integrated audit,docs/magic-qualification-implementation.md
docs/magic-dross-plan.md:240,Breach,Forecast cues persist long enough for evacuation or emergency containment.,8,src/dross.rs; src/world/dross.rs; src/tests/dross.rs,air_and_water_cross_every_directed_cube_seam_without_privilege_or_loss; scenario_careless_laboratory_warns_through_every_band_before_breach; scenario_dead_heart_recovery_remains_possible_and_reawakening_accelerates_it; scenario_planetary_abuse_is_regional_not_self_replicating_and_recovers_when_stopped; century_equivalent_magic_use_and_stopped_abuse_are_exact_and_bounded,proven,goals 1-8 implementation plus Goal 9 integrated audit,docs/magic-qualification-implementation.md
docs/magic-dross-plan.md:241,Breach,"One breach is regional, not an automatic self-replicating planet death.",8,src/dross.rs; src/world/dross.rs; src/tests/dross.rs,air_and_water_cross_every_directed_cube_seam_without_privilege_or_loss; scenario_careless_laboratory_warns_through_every_band_before_breach; scenario_dead_heart_recovery_remains_possible_and_reawakening_accelerates_it; scenario_planetary_abuse_is_regional_not_self_replicating_and_recovers_when_stopped; century_equivalent_magic_use_and_stopped_abuse_are_exact_and_bounded,proven,goals 1-8 implementation plus Goal 9 integrated audit,docs/magic-qualification-implementation.md
docs/magic-dross-plan.md:250,Manifestation rules,"occupy air/replace an earlier scar manifestation,",8,src/dross.rs; src/world/dross.rs; src/tests/dross.rs,air_and_water_cross_every_directed_cube_seam_without_privilege_or_loss; scenario_careless_laboratory_warns_through_every_band_before_breach; scenario_dead_heart_recovery_remains_possible_and_reawakening_accelerates_it; scenario_planetary_abuse_is_regional_not_self_replicating_and_recovers_when_stopped; century_equivalent_magic_use_and_stopped_abuse_are_exact_and_bounded,proven,goals 1-8 implementation plus Goal 9 integrated audit,docs/magic-qualification-implementation.md
docs/magic-dross-plan.md:251,Manifestation rules,"attach a removable nonstructural overlay to surfaces,",8,src/dross.rs; src/world/dross.rs; src/tests/dross.rs,air_and_water_cross_every_directed_cube_seam_without_privilege_or_loss; scenario_careless_laboratory_warns_through_every_band_before_breach; scenario_dead_heart_recovery_remains_possible_and_reawakening_accelerates_it; scenario_planetary_abuse_is_regional_not_self_replicating_and_recovers_when_stopped; century_equivalent_magic_use_and_stopped_abuse_are_exact_and_bounded,proven,goals 1-8 implementation plus Goal 9 integrated audit,docs/magic-qualification-implementation.md
docs/magic-dross-plan.md:252,Manifestation rules,"colonize natural soil, sediment, vegetation, ice, and water margins through",8,src/dross.rs; src/world/dross.rs; src/tests/dross.rs,air_and_water_cross_every_directed_cube_seam_without_privilege_or_loss; scenario_careless_laboratory_warns_through_every_band_before_breach; scenario_dead_heart_recovery_remains_possible_and_reawakening_accelerates_it; scenario_planetary_abuse_is_regional_not_self_replicating_and_recovers_when_stopped; century_equivalent_magic_use_and_stopped_abuse_are_exact_and_bounded,proven,goals 1-8 implementation plus Goal 9 integrated audit,docs/magic-qualification-implementation.md
docs/magic-dross-plan.md:254,Manifestation rules,"wilt or stall living cultivated blocks without deleting them,",8,src/dross.rs; src/world/dross.rs; src/tests/dross.rs,air_and_water_cross_every_directed_cube_seam_without_privilege_or_loss; scenario_careless_laboratory_warns_through_every_band_before_breach; scenario_dead_heart_recovery_remains_possible_and_reawakening_accelerates_it; scenario_planetary_abuse_is_regional_not_self_replicating_and_recovers_when_stopped; century_equivalent_magic_use_and_stopped_abuse_are_exact_and_bounded,proven,goals 1-8 implementation plus Goal 9 integrated audit,docs/magic-qualification-implementation.md
docs/magic-dross-plan.md:255,Manifestation rules,"foul magical blocks/apparatus through explicit burden state,",8,src/dross.rs; src/world/dross.rs; src/tests/dross.rs,air_and_water_cross_every_directed_cube_seam_without_privilege_or_loss; scenario_careless_laboratory_warns_through_every_band_before_breach; scenario_dead_heart_recovery_remains_possible_and_reawakening_accelerates_it; scenario_planetary_abuse_is_regional_not_self_replicating_and_recovers_when_stopped; century_equivalent_magic_use_and_stopped_abuse_are_exact_and_bounded,proven,goals 1-8 implementation plus Goal 9 integrated audit,docs/magic-qualification-implementation.md
docs/magic-dross-plan.md:256,Manifestation rules,"obstruct paths and sight,",8,src/dross.rs; src/world/dross.rs; src/tests/dross.rs,air_and_water_cross_every_directed_cube_seam_without_privilege_or_loss; scenario_careless_laboratory_warns_through_every_band_before_breach; scenario_dead_heart_recovery_remains_possible_and_reawakening_accelerates_it; scenario_planetary_abuse_is_regional_not_self_replicating_and_recovers_when_stopped; century_equivalent_magic_use_and_stopped_abuse_are_exact_and_bounded,proven,goals 1-8 implementation plus Goal 9 integrated audit,docs/magic-qualification-implementation.md
docs/magic-dross-plan.md:257,Manifestation rules,"emit hazards, entities, and local magical weather,",8,src/dross.rs; src/world/dross.rs; src/tests/dross.rs,air_and_water_cross_every_directed_cube_seam_without_privilege_or_loss; scenario_careless_laboratory_warns_through_every_band_before_breach; scenario_dead_heart_recovery_remains_possible_and_reawakening_accelerates_it; scenario_planetary_abuse_is_regional_not_self_replicating_and_recovers_when_stopped; century_equivalent_magic_use_and_stopped_abuse_are_exact_and_bounded,proven,goals 1-8 implementation plus Goal 9 integrated audit,docs/magic-qualification-implementation.md
docs/magic-dross-plan.md:258,Manifestation rules,change the Current's local conductivity/stability.,8,src/dross.rs; src/world/dross.rs; src/tests/dross.rs,air_and_water_cross_every_directed_cube_seam_without_privilege_or_loss; scenario_careless_laboratory_warns_through_every_band_before_breach; scenario_dead_heart_recovery_remains_possible_and_reawakening_accelerates_it; scenario_planetary_abuse_is_regional_not_self_replicating_and_recovers_when_stopped; century_equivalent_magic_use_and_stopped_abuse_are_exact_and_bounded,proven,goals 1-8 implementation plus Goal 9 integrated audit,docs/magic-qualification-implementation.md
docs/magic-dross-plan.md:262,Manifestation rules,"replace, delete, or transmute player-built structural blocks,",8,src/dross.rs; src/world/dross.rs; src/tests/dross.rs,air_and_water_cross_every_directed_cube_seam_without_privilege_or_loss; scenario_careless_laboratory_warns_through_every_band_before_breach; scenario_dead_heart_recovery_remains_possible_and_reawakening_accelerates_it; scenario_planetary_abuse_is_regional_not_self_replicating_and_recovers_when_stopped; century_equivalent_magic_use_and_stopped_abuse_are_exact_and_bounded,proven,goals 1-8 implementation plus Goal 9 integrated audit,docs/magic-qualification-implementation.md
docs/magic-dross-plan.md:263,Manifestation rules,"turn ordinary ore into magical ore or vice versa,",8,src/dross.rs; src/world/dross.rs; src/tests/dross.rs,air_and_water_cross_every_directed_cube_seam_without_privilege_or_loss; scenario_careless_laboratory_warns_through_every_band_before_breach; scenario_dead_heart_recovery_remains_possible_and_reawakening_accelerates_it; scenario_planetary_abuse_is_regional_not_self_replicating_and_recovers_when_stopped; century_equivalent_magic_use_and_stopped_abuse_are_exact_and_bounded,proven,goals 1-8 implementation plus Goal 9 integrated audit,docs/magic-qualification-implementation.md
docs/magic-dross-plan.md:264,Manifestation rules,"duplicate/delete water or material,",8,src/dross.rs; src/world/dross.rs; src/tests/dross.rs,air_and_water_cross_every_directed_cube_seam_without_privilege_or_loss; scenario_careless_laboratory_warns_through_every_band_before_breach; scenario_dead_heart_recovery_remains_possible_and_reawakening_accelerates_it; scenario_planetary_abuse_is_regional_not_self_replicating_and_recovers_when_stopped; century_equivalent_magic_use_and_stopped_abuse_are_exact_and_bounded,proven,goals 1-8 implementation plus Goal 9 integrated audit,docs/magic-qualification-implementation.md
docs/magic-dross-plan.md:265,Manifestation rules,"alter container inventories,",8,src/dross.rs; src/world/dross.rs; src/tests/dross.rs,air_and_water_cross_every_directed_cube_seam_without_privilege_or_loss; scenario_careless_laboratory_warns_through_every_band_before_breach; scenario_dead_heart_recovery_remains_possible_and_reawakening_accelerates_it; scenario_planetary_abuse_is_regional_not_self_replicating_and_recovers_when_stopped; century_equivalent_magic_use_and_stopped_abuse_are_exact_and_bounded,proven,goals 1-8 implementation plus Goal 9 integrated audit,docs/magic-qualification-implementation.md
docs/magic-dross-plan.md:266,Manifestation rules,"open portals or teleport,",8,src/dross.rs; src/world/dross.rs; src/tests/dross.rs,air_and_water_cross_every_directed_cube_seam_without_privilege_or_loss; scenario_careless_laboratory_warns_through_every_band_before_breach; scenario_dead_heart_recovery_remains_possible_and_reawakening_accelerates_it; scenario_planetary_abuse_is_regional_not_self_replicating_and_recovers_when_stopped; century_equivalent_magic_use_and_stopped_abuse_are_exact_and_bounded,proven,goals 1-8 implementation plus Goal 9 integrated audit,docs/magic-qualification-implementation.md
docs/magic-dross-plan.md:267,Manifestation rules,"silently cross a sealed boundary without a modeled carrier/path,",8,src/dross.rs; src/world/dross.rs; src/tests/dross.rs,air_and_water_cross_every_directed_cube_seam_without_privilege_or_loss; scenario_careless_laboratory_warns_through_every_band_before_breach; scenario_dead_heart_recovery_remains_possible_and_reawakening_accelerates_it; scenario_planetary_abuse_is_regional_not_self_replicating_and_recovers_when_stopped; century_equivalent_magic_use_and_stopped_abuse_are_exact_and_bounded,proven,goals 1-8 implementation plus Goal 9 integrated audit,docs/magic-qualification-implementation.md
docs/magic-dross-plan.md:268,Manifestation rules,generate in an unloaded region from chunk-order RNG.,8,src/dross.rs; src/world/dross.rs; src/tests/dross.rs,air_and_water_cross_every_directed_cube_seam_without_privilege_or_loss; scenario_careless_laboratory_warns_through_every_band_before_breach; scenario_dead_heart_recovery_remains_possible_and_reawakening_accelerates_it; scenario_planetary_abuse_is_regional_not_self_replicating_and_recovers_when_stopped; century_equivalent_magic_use_and_stopped_abuse_are_exact_and_bounded,proven,goals 1-8 implementation plus Goal 9 integrated audit,docs/magic-qualification-implementation.md
docs/magic-dross-plan.md:277,Scar visual ecology,"wet scars form films, reeds, slick crusts, and fog structure,",8,src/dross.rs; src/world/dross.rs; src/tests/dross.rs,air_and_water_cross_every_directed_cube_seam_without_privilege_or_loss; scenario_careless_laboratory_warns_through_every_band_before_breach; scenario_dead_heart_recovery_remains_possible_and_reawakening_accelerates_it; scenario_planetary_abuse_is_regional_not_self_replicating_and_recovers_when_stopped; century_equivalent_magic_use_and_stopped_abuse_are_exact_and_bounded,proven,goals 1-8 implementation plus Goal 9 integrated audit,docs/magic-qualification-implementation.md
docs/magic-dross-plan.md:278,Scar visual ecology,"dry scars form branching salts, glassy needles, and dust wakes,",8,src/dross.rs; src/world/dross.rs; src/tests/dross.rs,air_and_water_cross_every_directed_cube_seam_without_privilege_or_loss; scenario_careless_laboratory_warns_through_every_band_before_breach; scenario_dead_heart_recovery_remains_possible_and_reawakening_accelerates_it; scenario_planetary_abuse_is_regional_not_self_replicating_and_recovers_when_stopped; century_equivalent_magic_use_and_stopped_abuse_are_exact_and_bounded,proven,goals 1-8 implementation plus Goal 9 integrated audit,docs/magic-qualification-implementation.md
docs/magic-dross-plan.md:279,Scar visual ecology,"forest scars bleach rings, interrupt leaf motion, and grow threadlike mats,",8,src/dross.rs; src/world/dross.rs; src/tests/dross.rs,air_and_water_cross_every_directed_cube_seam_without_privilege_or_loss; scenario_careless_laboratory_warns_through_every_band_before_breach; scenario_dead_heart_recovery_remains_possible_and_reawakening_accelerates_it; scenario_planetary_abuse_is_regional_not_self_replicating_and_recovers_when_stopped; century_equivalent_magic_use_and_stopped_abuse_are_exact_and_bounded,proven,goals 1-8 implementation plus Goal 9 integrated audit,docs/magic-qualification-implementation.md
docs/magic-dross-plan.md:280,Scar visual ecology,"alpine/polar scars sing, craze ice, and bend auroral light,",8,src/dross.rs; src/world/dross.rs; src/tests/dross.rs,air_and_water_cross_every_directed_cube_seam_without_privilege_or_loss; scenario_careless_laboratory_warns_through_every_band_before_breach; scenario_dead_heart_recovery_remains_possible_and_reawakening_accelerates_it; scenario_planetary_abuse_is_regional_not_self_replicating_and_recovers_when_stopped; century_equivalent_magic_use_and_stopped_abuse_are_exact_and_bounded,proven,goals 1-8 implementation plus Goal 9 integrated audit,docs/magic-qualification-implementation.md
docs/magic-dross-plan.md:281,Scar visual ecology,"cave scars form echoes, false shadows, and resonant mineral crust,",8,src/dross.rs; src/world/dross.rs; src/tests/dross.rs,air_and_water_cross_every_directed_cube_seam_without_privilege_or_loss; scenario_careless_laboratory_warns_through_every_band_before_breach; scenario_dead_heart_recovery_remains_possible_and_reawakening_accelerates_it; scenario_planetary_abuse_is_regional_not_self_replicating_and_recovers_when_stopped; century_equivalent_magic_use_and_stopped_abuse_are_exact_and_bounded,proven,goals 1-8 implementation plus Goal 9 integrated audit,docs/magic-qualification-implementation.md
docs/magic-dross-plan.md:282,Scar visual ecology,"industrial scars accrete around seams, drains, conductors, and vessels.",8,src/dross.rs; src/world/dross.rs; src/tests/dross.rs,air_and_water_cross_every_directed_cube_seam_without_privilege_or_loss; scenario_careless_laboratory_warns_through_every_band_before_breach; scenario_dead_heart_recovery_remains_possible_and_reawakening_accelerates_it; scenario_planetary_abuse_is_regional_not_self_replicating_and_recovers_when_stopped; century_equivalent_magic_use_and_stopped_abuse_are_exact_and_bounded,proven,goals 1-8 implementation plus Goal 9 integrated audit,docs/magic-qualification-implementation.md
docs/magic-dross-plan.md:294,Harm,"short trace/strained exposure is harmless,",8,src/dross.rs; src/world/dross.rs; src/tests/dross.rs,air_and_water_cross_every_directed_cube_seam_without_privilege_or_loss; scenario_careless_laboratory_warns_through_every_band_before_breach; scenario_dead_heart_recovery_remains_possible_and_reawakening_accelerates_it; scenario_planetary_abuse_is_regional_not_self_replicating_and_recovers_when_stopped; century_equivalent_magic_use_and_stopped_abuse_are_exact_and_bounded,proven,goals 1-8 implementation plus Goal 9 integrated audit,docs/magic-qualification-implementation.md
docs/magic-dross-plan.md:295,Harm,"seep exposure may impair working stability, perception, stamina, or health",8,src/dross.rs; src/world/dross.rs; src/tests/dross.rs,air_and_water_cross_every_directed_cube_seam_without_privilege_or_loss; scenario_careless_laboratory_warns_through_every_band_before_breach; scenario_dead_heart_recovery_remains_possible_and_reawakening_accelerates_it; scenario_planetary_abuse_is_regional_not_self_replicating_and_recovers_when_stopped; century_equivalent_magic_use_and_stopped_abuse_are_exact_and_bounded,proven,goals 1-8 implementation plus Goal 9 integrated audit,docs/magic-qualification-implementation.md
docs/magic-dross-plan.md:297,Harm,"scar exposure causes escalating bounded status effects,",8,src/dross.rs; src/world/dross.rs; src/tests/dross.rs,air_and_water_cross_every_directed_cube_seam_without_privilege_or_loss; scenario_careless_laboratory_warns_through_every_band_before_breach; scenario_dead_heart_recovery_remains_possible_and_reawakening_accelerates_it; scenario_planetary_abuse_is_regional_not_self_replicating_and_recovers_when_stopped; century_equivalent_magic_use_and_stopped_abuse_are_exact_and_bounded,proven,goals 1-8 implementation plus Goal 9 integrated audit,docs/magic-qualification-implementation.md
docs/magic-dross-plan.md:298,Harm,"contaminated water/preparations carry their measured burden,",8,src/dross.rs; src/world/dross.rs; src/tests/dross.rs,air_and_water_cross_every_directed_cube_seam_without_privilege_or_loss; scenario_careless_laboratory_warns_through_every_band_before_breach; scenario_dead_heart_recovery_remains_possible_and_reawakening_accelerates_it; scenario_planetary_abuse_is_regional_not_self_replicating_and_recovers_when_stopped; century_equivalent_magic_use_and_stopped_abuse_are_exact_and_bounded,proven,goals 1-8 implementation plus Goal 9 integrated audit,docs/magic-qualification-implementation.md
docs/magic-dross-plan.md:299,Harm,"physical armor is not magical immunity,",8,src/dross.rs; src/world/dross.rs; src/tests/dross.rs,air_and_water_cross_every_directed_cube_seam_without_privilege_or_loss; scenario_careless_laboratory_warns_through_every_band_before_breach; scenario_dead_heart_recovery_remains_possible_and_reawakening_accelerates_it; scenario_planetary_abuse_is_regional_not_self_replicating_and_recovers_when_stopped; century_equivalent_magic_use_and_stopped_abuse_are_exact_and_bounded,proven,goals 1-8 implementation plus Goal 9 integrated audit,docs/magic-qualification-implementation.md
docs/magic-dross-plan.md:300,Harm,"preparations mitigate body effects but do not clean the environment,",8,src/dross.rs; src/world/dross.rs; src/tests/dross.rs,air_and_water_cross_every_directed_cube_seam_without_privilege_or_loss; scenario_careless_laboratory_warns_through_every_band_before_breach; scenario_dead_heart_recovery_remains_possible_and_reawakening_accelerates_it; scenario_planetary_abuse_is_regional_not_self_replicating_and_recovers_when_stopped; century_equivalent_magic_use_and_stopped_abuse_are_exact_and_bounded,proven,goals 1-8 implementation plus Goal 9 integrated audit,docs/magic-qualification-implementation.md
docs/magic-dross-plan.md:301,Harm,leaving the area and ordinary recovery remain possible.,8,src/dross.rs; src/world/dross.rs; src/tests/dross.rs,air_and_water_cross_every_directed_cube_seam_without_privilege_or_loss; scenario_careless_laboratory_warns_through_every_band_before_breach; scenario_dead_heart_recovery_remains_possible_and_reawakening_accelerates_it; scenario_planetary_abuse_is_regional_not_self_replicating_and_recovers_when_stopped; century_equivalent_magic_use_and_stopped_abuse_are_exact_and_bounded,proven,goals 1-8 implementation plus Goal 9 integrated audit,docs/magic-qualification-implementation.md
docs/magic-dross-plan.md:310,Prevention,"choose matched resonance/materials,",8,src/dross.rs; src/world/dross.rs; src/tests/dross.rs,air_and_water_cross_every_directed_cube_seam_without_privilege_or_loss; scenario_careless_laboratory_warns_through_every_band_before_breach; scenario_dead_heart_recovery_remains_possible_and_reawakening_accelerates_it; scenario_planetary_abuse_is_regional_not_self_replicating_and_recovers_when_stopped; century_equivalent_magic_use_and_stopped_abuse_are_exact_and_bounded,proven,goals 1-8 implementation plus Goal 9 integrated audit,docs/magic-qualification-implementation.md
docs/magic-dross-plan.md:311,Prevention,"remain below safe throughput,",8,src/dross.rs; src/world/dross.rs; src/tests/dross.rs,air_and_water_cross_every_directed_cube_seam_without_privilege_or_loss; scenario_careless_laboratory_warns_through_every_band_before_breach; scenario_dead_heart_recovery_remains_possible_and_reawakening_accelerates_it; scenario_planetary_abuse_is_regional_not_self_replicating_and_recovers_when_stopped; century_equivalent_magic_use_and_stopped_abuse_are_exact_and_bounded,proven,goals 1-8 implementation plus Goal 9 integrated audit,docs/magic-qualification-implementation.md
docs/magic-dross-plan.md:312,Prevention,"measure source stability and capacity,",8,src/dross.rs; src/world/dross.rs; src/tests/dross.rs,air_and_water_cross_every_directed_cube_seam_without_privilege_or_loss; scenario_careless_laboratory_warns_through_every_band_before_breach; scenario_dead_heart_recovery_remains_possible_and_reawakening_accelerates_it; scenario_planetary_abuse_is_regional_not_self_replicating_and_recovers_when_stopped; century_equivalent_magic_use_and_stopped_abuse_are_exact_and_bounded,proven,goals 1-8 implementation plus Goal 9 integrated audit,docs/magic-qualification-implementation.md
docs/magic-dross-plan.md:313,Prevention,"use a ritual instead of a wand for bulk work,",8,src/dross.rs; src/world/dross.rs; src/tests/dross.rs,air_and_water_cross_every_directed_cube_seam_without_privilege_or_loss; scenario_careless_laboratory_warns_through_every_band_before_breach; scenario_dead_heart_recovery_remains_possible_and_reawakening_accelerates_it; scenario_planetary_abuse_is_regional_not_self_replicating_and_recovers_when_stopped; century_equivalent_magic_use_and_stopped_abuse_are_exact_and_bounded,proven,goals 1-8 implementation plus Goal 9 integrated audit,docs/magic-qualification-implementation.md
docs/magic-dross-plan.md:314,Prevention,"maintain and clean apparatus,",8,src/dross.rs; src/world/dross.rs; src/tests/dross.rs,air_and_water_cross_every_directed_cube_seam_without_privilege_or_loss; scenario_careless_laboratory_warns_through_every_band_before_breach; scenario_dead_heart_recovery_remains_possible_and_reawakening_accelerates_it; scenario_planetary_abuse_is_regional_not_self_replicating_and_recovers_when_stopped; century_equivalent_magic_use_and_stopped_abuse_are_exact_and_bounded,proven,goals 1-8 implementation plus Goal 9 integrated audit,docs/magic-qualification-implementation.md
docs/magic-dross-plan.md:315,Prevention,"use settling structures and capture vessels,",8,src/dross.rs; src/world/dross.rs; src/tests/dross.rs,air_and_water_cross_every_directed_cube_seam_without_privilege_or_loss; scenario_careless_laboratory_warns_through_every_band_before_breach; scenario_dead_heart_recovery_remains_possible_and_reawakening_accelerates_it; scenario_planetary_abuse_is_regional_not_self_replicating_and_recovers_when_stopped; century_equivalent_magic_use_and_stopped_abuse_are_exact_and_bounded,proven,goals 1-8 implementation plus Goal 9 integrated audit,docs/magic-qualification-implementation.md
docs/magic-dross-plan.md:316,Prevention,"schedule recovery between high-load batches,",8,src/dross.rs; src/world/dross.rs; src/tests/dross.rs,air_and_water_cross_every_directed_cube_seam_without_privilege_or_loss; scenario_careless_laboratory_warns_through_every_band_before_breach; scenario_dead_heart_recovery_remains_possible_and_reawakening_accelerates_it; scenario_planetary_abuse_is_regional_not_self_replicating_and_recovers_when_stopped; century_equivalent_magic_use_and_stopped_abuse_are_exact_and_bounded,proven,goals 1-8 implementation plus Goal 9 integrated audit,docs/magic-qualification-implementation.md
docs/magic-dross-plan.md:317,Prevention,"locate risky work away from conductive water and dense settlement,",8,src/dross.rs; src/world/dross.rs; src/tests/dross.rs,air_and_water_cross_every_directed_cube_seam_without_privilege_or_loss; scenario_careless_laboratory_warns_through_every_band_before_breach; scenario_dead_heart_recovery_remains_possible_and_reawakening_accelerates_it; scenario_planetary_abuse_is_regional_not_self_replicating_and_recovers_when_stopped; century_equivalent_magic_use_and_stopped_abuse_are_exact_and_bounded,proven,goals 1-8 implementation plus Goal 9 integrated audit,docs/magic-qualification-implementation.md
docs/magic-dross-plan.md:318,Prevention,keep emergency empty containment.,8,src/dross.rs; src/world/dross.rs; src/tests/dross.rs,air_and_water_cross_every_directed_cube_seam_without_privilege_or_loss; scenario_careless_laboratory_warns_through_every_band_before_breach; scenario_dead_heart_recovery_remains_possible_and_reawakening_accelerates_it; scenario_planetary_abuse_is_regional_not_self_replicating_and_recovers_when_stopped; century_equivalent_magic_use_and_stopped_abuse_are_exact_and_bounded,proven,goals 1-8 implementation plus Goal 9 integrated audit,docs/magic-qualification-implementation.md
docs/magic-dross-plan.md:327,Containment and transport,"vessels,",8,src/dross.rs; src/world/dross.rs; src/tests/dross.rs,air_and_water_cross_every_directed_cube_seam_without_privilege_or_loss; scenario_careless_laboratory_warns_through_every_band_before_breach; scenario_dead_heart_recovery_remains_possible_and_reawakening_accelerates_it; scenario_planetary_abuse_is_regional_not_self_replicating_and_recovers_when_stopped; century_equivalent_magic_use_and_stopped_abuse_are_exact_and_bounded,proven,goals 1-8 implementation plus Goal 9 integrated audit,docs/magic-qualification-implementation.md
docs/magic-dross-plan.md:328,Containment and transport,"still-salt beds,",8,src/dross.rs; src/world/dross.rs; src/tests/dross.rs,air_and_water_cross_every_directed_cube_seam_without_privilege_or_loss; scenario_careless_laboratory_warns_through_every_band_before_breach; scenario_dead_heart_recovery_remains_possible_and_reawakening_accelerates_it; scenario_planetary_abuse_is_regional_not_self_replicating_and_recovers_when_stopped; century_equivalent_magic_use_and_stopped_abuse_are_exact_and_bounded,proven,goals 1-8 implementation plus Goal 9 integrated audit,docs/magic-qualification-implementation.md
docs/magic-dross-plan.md:329,Containment and transport,"Ashlace tissue/filter,",8,src/dross.rs; src/world/dross.rs; src/tests/dross.rs,air_and_water_cross_every_directed_cube_seam_without_privilege_or_loss; scenario_careless_laboratory_warns_through_every_band_before_breach; scenario_dead_heart_recovery_remains_possible_and_reawakening_accelerates_it; scenario_planetary_abuse_is_regional_not_self_replicating_and_recovers_when_stopped; century_equivalent_magic_use_and_stopped_abuse_are_exact_and_bounded,proven,goals 1-8 implementation plus Goal 9 integrated audit,docs/magic-qualification-implementation.md
docs/magic-dross-plan.md:330,Containment and transport,"soil/sediment traps,",8,src/dross.rs; src/world/dross.rs; src/tests/dross.rs,air_and_water_cross_every_directed_cube_seam_without_privilege_or_loss; scenario_careless_laboratory_warns_through_every_band_before_breach; scenario_dead_heart_recovery_remains_possible_and_reawakening_accelerates_it; scenario_planetary_abuse_is_regional_not_self_replicating_and_recovers_when_stopped; century_equivalent_magic_use_and_stopped_abuse_are_exact_and_bounded,proven,goals 1-8 implementation plus Goal 9 integrated audit,docs/magic-qualification-implementation.md
docs/magic-dross-plan.md:331,Containment and transport,"sealed cargo ampoules,",8,src/dross.rs; src/world/dross.rs; src/tests/dross.rs,air_and_water_cross_every_directed_cube_seam_without_privilege_or_loss; scenario_careless_laboratory_warns_through_every_band_before_breach; scenario_dead_heart_recovery_remains_possible_and_reawakening_accelerates_it; scenario_planetary_abuse_is_regional_not_self_replicating_and_recovers_when_stopped; century_equivalent_magic_use_and_stopped_abuse_are_exact_and_bounded,proven,goals 1-8 implementation plus Goal 9 integrated audit,docs/magic-qualification-implementation.md
docs/magic-dross-plan.md:332,Containment and transport,purpose-built scar fragments.,8,src/dross.rs; src/world/dross.rs; src/tests/dross.rs,air_and_water_cross_every_directed_cube_seam_without_privilege_or_loss; scenario_careless_laboratory_warns_through_every_band_before_breach; scenario_dead_heart_recovery_remains_possible_and_reawakening_accelerates_it; scenario_planetary_abuse_is_regional_not_self_replicating_and_recovers_when_stopped; century_equivalent_magic_use_and_stopped_abuse_are_exact_and_bounded,proven,goals 1-8 implementation plus Goal 9 integrated audit,docs/magic-qualification-implementation.md
docs/magic-dross-plan.md:366,Reorder,"conversion debits dross and credits equal Current,",8,src/dross.rs; src/world/dross.rs; src/tests/dross.rs,air_and_water_cross_every_directed_cube_seam_without_privilege_or_loss; scenario_careless_laboratory_warns_through_every_band_before_breach; scenario_dead_heart_recovery_remains_possible_and_reawakening_accelerates_it; scenario_planetary_abuse_is_regional_not_self_replicating_and_recovers_when_stopped; century_equivalent_magic_use_and_stopped_abuse_are_exact_and_bounded,proven,goals 1-8 implementation plus Goal 9 integrated audit,docs/magic-qualification-implementation.md
docs/magic-dross-plan.md:367,Reorder,"rate depends on living habitat, water/soil state, heart condition, burden,",8,src/dross.rs; src/world/dross.rs; src/tests/dross.rs,air_and_water_cross_every_directed_cube_seam_without_privilege_or_loss; scenario_careless_laboratory_warns_through_every_band_before_breach; scenario_dead_heart_recovery_remains_possible_and_reawakening_accelerates_it; scenario_planetary_abuse_is_regional_not_self_replicating_and_recovers_when_stopped; century_equivalent_magic_use_and_stopped_abuse_are_exact_and_bounded,proven,goals 1-8 implementation plus Goal 9 integrated audit,docs/magic-qualification-implementation.md
docs/magic-dross-plan.md:369,Reorder,"it has a saturation ceiling and cannot accept an industrial dump instantly,",8,src/dross.rs; src/world/dross.rs; src/tests/dross.rs,air_and_water_cross_every_directed_cube_seam_without_privilege_or_loss; scenario_careless_laboratory_warns_through_every_band_before_breach; scenario_dead_heart_recovery_remains_possible_and_reawakening_accelerates_it; scenario_planetary_abuse_is_regional_not_self_replicating_and_recovers_when_stopped; century_equivalent_magic_use_and_stopped_abuse_are_exact_and_bounded,proven,goals 1-8 implementation plus Goal 9 integrated audit,docs/magic-qualification-implementation.md
docs/magic-dross-plan.md:370,Reorder,"dead hearts withdraw the bonus but player-operated treatment still works,",8,src/dross.rs; src/world/dross.rs; src/tests/dross.rs,air_and_water_cross_every_directed_cube_seam_without_privilege_or_loss; scenario_careless_laboratory_warns_through_every_band_before_breach; scenario_dead_heart_recovery_remains_possible_and_reawakening_accelerates_it; scenario_planetary_abuse_is_regional_not_self_replicating_and_recovers_when_stopped; century_equivalent_magic_use_and_stopped_abuse_are_exact_and_bounded,proven,goals 1-8 implementation plus Goal 9 integrated audit,docs/magic-qualification-implementation.md
docs/magic-dross-plan.md:371,Reorder,offerings of contained charge/dross may route through this process rather,8,src/dross.rs; src/world/dross.rs; src/tests/dross.rs,air_and_water_cross_every_directed_cube_seam_without_privilege_or_loss; scenario_careless_laboratory_warns_through_every_band_before_breach; scenario_dead_heart_recovery_remains_possible_and_reawakening_accelerates_it; scenario_planetary_abuse_is_regional_not_self_replicating_and_recovers_when_stopped; century_equivalent_magic_use_and_stopped_abuse_are_exact_and_bounded,proven,goals 1-8 implementation plus Goal 9 integrated audit,docs/magic-qualification-implementation.md
docs/magic-dross-plan.md:410,Attribution and social evidence,"dumping waste downstream,",8,src/dross.rs; src/world/dross.rs; src/tests/dross.rs,air_and_water_cross_every_directed_cube_seam_without_privilege_or_loss; scenario_careless_laboratory_warns_through_every_band_before_breach; scenario_dead_heart_recovery_remains_possible_and_reawakening_accelerates_it; scenario_planetary_abuse_is_regional_not_self_replicating_and_recovers_when_stopped; century_equivalent_magic_use_and_stopped_abuse_are_exact_and_bounded,proven,goals 1-8 implementation plus Goal 9 integrated audit,docs/magic-qualification-implementation.md
docs/magic-dross-plan.md:411,Attribution and social evidence,"hiding a vessel near a rival,",8,src/dross.rs; src/world/dross.rs; src/tests/dross.rs,air_and_water_cross_every_directed_cube_seam_without_privilege_or_loss; scenario_careless_laboratory_warns_through_every_band_before_breach; scenario_dead_heart_recovery_remains_possible_and_reawakening_accelerates_it; scenario_planetary_abuse_is_regional_not_self_replicating_and_recovers_when_stopped; century_equivalent_magic_use_and_stopped_abuse_are_exact_and_bounded,proven,goals 1-8 implementation plus Goal 9 integrated audit,docs/magic-qualification-implementation.md
docs/magic-dross-plan.md:412,Attribution and social evidence,"falsifying a player-authored label,",8,src/dross.rs; src/world/dross.rs; src/tests/dross.rs,air_and_water_cross_every_directed_cube_seam_without_privilege_or_loss; scenario_careless_laboratory_warns_through_every_band_before_breach; scenario_dead_heart_recovery_remains_possible_and_reawakening_accelerates_it; scenario_planetary_abuse_is_regional_not_self_replicating_and_recovers_when_stopped; century_equivalent_magic_use_and_stopped_abuse_are_exact_and_bounded,proven,goals 1-8 implementation plus Goal 9 integrated audit,docs/magic-qualification-implementation.md
docs/magic-dross-plan.md:413,Attribution and social evidence,"operating an unsafe town laboratory,",8,src/dross.rs; src/world/dross.rs; src/tests/dross.rs,air_and_water_cross_every_directed_cube_seam_without_privilege_or_loss; scenario_careless_laboratory_warns_through_every_band_before_breach; scenario_dead_heart_recovery_remains_possible_and_reawakening_accelerates_it; scenario_planetary_abuse_is_regional_not_self_replicating_and_recovers_when_stopped; century_equivalent_magic_use_and_stopped_abuse_are_exact_and_bounded,proven,goals 1-8 implementation plus Goal 9 integrated audit,docs/magic-qualification-implementation.md
docs/magic-dross-plan.md:414,Attribution and social evidence,monopolizing the clean confluence.,8,src/dross.rs; src/world/dross.rs; src/tests/dross.rs,air_and_water_cross_every_directed_cube_seam_without_privilege_or_loss; scenario_careless_laboratory_warns_through_every_band_before_breach; scenario_dead_heart_recovery_remains_possible_and_reawakening_accelerates_it; scenario_planetary_abuse_is_regional_not_self_replicating_and_recovers_when_stopped; century_equivalent_magic_use_and_stopped_abuse_are_exact_and_bounded,proven,goals 1-8 implementation plus Goal 9 integrated audit,docs/magic-qualification-implementation.md
docs/magic-dross-plan.md:421,Unloaded world and catch-up,Coarse dross transport and threshold history advance globally.,8,src/dross.rs; src/world/dross.rs; src/tests/dross.rs,air_and_water_cross_every_directed_cube_seam_without_privilege_or_loss; scenario_careless_laboratory_warns_through_every_band_before_breach; scenario_dead_heart_recovery_remains_possible_and_reawakening_accelerates_it; scenario_planetary_abuse_is_regional_not_self_replicating_and_recovers_when_stopped; century_equivalent_magic_use_and_stopped_abuse_are_exact_and_bounded,proven,goals 1-8 implementation plus Goal 9 integrated audit,docs/magic-qualification-implementation.md
docs/magic-dross-plan.md:422,Unloaded world and catch-up,Scar manifestation sites are selected by canonical ids and persisted.,8,src/dross.rs; src/world/dross.rs; src/tests/dross.rs,air_and_water_cross_every_directed_cube_seam_without_privilege_or_loss; scenario_careless_laboratory_warns_through_every_band_before_breach; scenario_dead_heart_recovery_remains_possible_and_reawakening_accelerates_it; scenario_planetary_abuse_is_regional_not_self_replicating_and_recovers_when_stopped; century_equivalent_magic_use_and_stopped_abuse_are_exact_and_bounded,proven,goals 1-8 implementation plus Goal 9 integrated audit,docs/magic-qualification-implementation.md
docs/magic-dross-plan.md:423,Unloaded world and catch-up,Loading materializes the already-authoritative state once.,8,src/dross.rs; src/world/dross.rs; src/tests/dross.rs,air_and_water_cross_every_directed_cube_seam_without_privilege_or_loss; scenario_careless_laboratory_warns_through_every_band_before_breach; scenario_dead_heart_recovery_remains_possible_and_reawakening_accelerates_it; scenario_planetary_abuse_is_regional_not_self_replicating_and_recovers_when_stopped; century_equivalent_magic_use_and_stopped_abuse_are_exact_and_bounded,proven,goals 1-8 implementation plus Goal 9 integrated audit,docs/magic-qualification-implementation.md
docs/magic-dross-plan.md:424,Unloaded world and catch-up,Unloading summarizes fine mobile state without deleting owners.,8,src/dross.rs; src/world/dross.rs; src/tests/dross.rs,air_and_water_cross_every_directed_cube_seam_without_privilege_or_loss; scenario_careless_laboratory_warns_through_every_band_before_breach; scenario_dead_heart_recovery_remains_possible_and_reawakening_accelerates_it; scenario_planetary_abuse_is_regional_not_self_replicating_and_recovers_when_stopped; century_equivalent_magic_use_and_stopped_abuse_are_exact_and_bounded,proven,goals 1-8 implementation plus Goal 9 integrated audit,docs/magic-qualification-implementation.md
docs/magic-dross-plan.md:425,Unloaded world and catch-up,"Catch-up is bounded, deterministic, and equivalent to continuous stepping.",8,src/dross.rs; src/world/dross.rs; src/tests/dross.rs,air_and_water_cross_every_directed_cube_seam_without_privilege_or_loss; scenario_careless_laboratory_warns_through_every_band_before_breach; scenario_dead_heart_recovery_remains_possible_and_reawakening_accelerates_it; scenario_planetary_abuse_is_regional_not_self_replicating_and_recovers_when_stopped; century_equivalent_magic_use_and_stopped_abuse_are_exact_and_bounded,proven,goals 1-8 implementation plus Goal 9 integrated audit,docs/magic-qualification-implementation.md
docs/magic-dross-plan.md:426,Unloaded world and catch-up,Scarring never uses first-load surprise to bypass its warning time.,8,src/dross.rs; src/world/dross.rs; src/tests/dross.rs,air_and_water_cross_every_directed_cube_seam_without_privilege_or_loss; scenario_careless_laboratory_warns_through_every_band_before_breach; scenario_dead_heart_recovery_remains_possible_and_reawakening_accelerates_it; scenario_planetary_abuse_is_regional_not_self_replicating_and_recovers_when_stopped; century_equivalent_magic_use_and_stopped_abuse_are_exact_and_bounded,proven,goals 1-8 implementation plus Goal 9 integrated audit,docs/magic-qualification-implementation.md
docs/magic-dross-plan.md:427,Unloaded world and catch-up,Player construction/touched data is consulted before manifestation,8,src/dross.rs; src/world/dross.rs; src/tests/dross.rs,air_and_water_cross_every_directed_cube_seam_without_privilege_or_loss; scenario_careless_laboratory_warns_through_every_band_before_breach; scenario_dead_heart_recovery_remains_possible_and_reawakening_accelerates_it; scenario_planetary_abuse_is_regional_not_self_replicating_and_recovers_when_stopped; century_equivalent_magic_use_and_stopped_abuse_are_exact_and_bounded,proven,goals 1-8 implementation plus Goal 9 integrated audit,docs/magic-qualification-implementation.md
docs/magic-dross-plan.md:434,Mods and scripts,"dross coefficients for approved processes,",8,src/dross.rs; src/world/dross.rs; src/tests/dross.rs,air_and_water_cross_every_directed_cube_seam_without_privilege_or_loss; scenario_careless_laboratory_warns_through_every_band_before_breach; scenario_dead_heart_recovery_remains_possible_and_reawakening_accelerates_it; scenario_planetary_abuse_is_regional_not_self_replicating_and_recovers_when_stopped; century_equivalent_magic_use_and_stopped_abuse_are_exact_and_bounded,proven,goals 1-8 implementation plus Goal 9 integrated audit,docs/magic-qualification-implementation.md
docs/magic-dross-plan.md:435,Mods and scripts,"carrier partition behavior within bounded schemas,",8,src/dross.rs; src/world/dross.rs; src/tests/dross.rs,air_and_water_cross_every_directed_cube_seam_without_privilege_or_loss; scenario_careless_laboratory_warns_through_every_band_before_breach; scenario_dead_heart_recovery_remains_possible_and_reawakening_accelerates_it; scenario_planetary_abuse_is_regional_not_self_replicating_and_recovers_when_stopped; century_equivalent_magic_use_and_stopped_abuse_are_exact_and_bounded,proven,goals 1-8 implementation plus Goal 9 integrated audit,docs/magic-qualification-implementation.md
docs/magic-dross-plan.md:436,Mods and scripts,"scar growths/entities/statuses using approved handlers,",8,src/dross.rs; src/world/dross.rs; src/tests/dross.rs,air_and_water_cross_every_directed_cube_seam_without_privilege_or_loss; scenario_careless_laboratory_warns_through_every_band_before_breach; scenario_dead_heart_recovery_remains_possible_and_reawakening_accelerates_it; scenario_planetary_abuse_is_regional_not_self_replicating_and_recovers_when_stopped; century_equivalent_magic_use_and_stopped_abuse_are_exact_and_bounded,proven,goals 1-8 implementation plus Goal 9 integrated audit,docs/magic-qualification-implementation.md
docs/magic-dross-plan.md:437,Mods and scripts,"filters/containers/treatment ecology,",8,src/dross.rs; src/world/dross.rs; src/tests/dross.rs,air_and_water_cross_every_directed_cube_seam_without_privilege_or_loss; scenario_careless_laboratory_warns_through_every_band_before_breach; scenario_dead_heart_recovery_remains_possible_and_reawakening_accelerates_it; scenario_planetary_abuse_is_regional_not_self_replicating_and_recovers_when_stopped; century_equivalent_magic_use_and_stopped_abuse_are_exact_and_bounded,proven,goals 1-8 implementation plus Goal 9 integrated audit,docs/magic-qualification-implementation.md
docs/magic-dross-plan.md:438,Mods and scripts,"visual/audio variants,",8,src/dross.rs; src/world/dross.rs; src/tests/dross.rs,air_and_water_cross_every_directed_cube_seam_without_privilege_or_loss; scenario_careless_laboratory_warns_through_every_band_before_breach; scenario_dead_heart_recovery_remains_possible_and_reawakening_accelerates_it; scenario_planetary_abuse_is_regional_not_self_replicating_and_recovers_when_stopped; century_equivalent_magic_use_and_stopped_abuse_are_exact_and_bounded,proven,goals 1-8 implementation plus Goal 9 integrated audit,docs/magic-qualification-implementation.md
docs/magic-dross-plan.md:439,Mods and scripts,server policy thresholds.,8,src/dross.rs; src/world/dross.rs; src/tests/dross.rs,air_and_water_cross_every_directed_cube_seam_without_privilege_or_loss; scenario_careless_laboratory_warns_through_every_band_before_breach; scenario_dead_heart_recovery_remains_possible_and_reawakening_accelerates_it; scenario_planetary_abuse_is_regional_not_self_replicating_and_recovers_when_stopped; century_equivalent_magic_use_and_stopped_abuse_are_exact_and_bounded,proven,goals 1-8 implementation plus Goal 9 integrated audit,docs/magic-qualification-implementation.md
docs/magic-dross-plan.md:443,Mods and scripts,"delete or create dross,",8,src/dross.rs; src/world/dross.rs; src/tests/dross.rs,air_and_water_cross_every_directed_cube_seam_without_privilege_or_loss; scenario_careless_laboratory_warns_through_every_band_before_breach; scenario_dead_heart_recovery_remains_possible_and_reawakening_accelerates_it; scenario_planetary_abuse_is_regional_not_self_replicating_and_recovers_when_stopped; century_equivalent_magic_use_and_stopped_abuse_are_exact_and_bounded,proven,goals 1-8 implementation plus Goal 9 integrated audit,docs/magic-qualification-implementation.md
docs/magic-dross-plan.md:444,Mods and scripts,"alias dross to Ire,",8,src/dross.rs; src/world/dross.rs; src/tests/dross.rs,air_and_water_cross_every_directed_cube_seam_without_privilege_or_loss; scenario_careless_laboratory_warns_through_every_band_before_breach; scenario_dead_heart_recovery_remains_possible_and_reawakening_accelerates_it; scenario_planetary_abuse_is_regional_not_self_replicating_and_recovers_when_stopped; century_equivalent_magic_use_and_stopped_abuse_are_exact_and_bounded,proven,goals 1-8 implementation plus Goal 9 integrated audit,docs/magic-qualification-implementation.md
docs/magic-dross-plan.md:445,Mods and scripts,"replace arbitrary blocks,",8,src/dross.rs; src/world/dross.rs; src/tests/dross.rs,air_and_water_cross_every_directed_cube_seam_without_privilege_or_loss; scenario_careless_laboratory_warns_through_every_band_before_breach; scenario_dead_heart_recovery_remains_possible_and_reawakening_accelerates_it; scenario_planetary_abuse_is_regional_not_self_replicating_and_recovers_when_stopped; century_equivalent_magic_use_and_stopped_abuse_are_exact_and_bounded,proven,goals 1-8 implementation plus Goal 9 integrated audit,docs/magic-qualification-implementation.md
docs/magic-dross-plan.md:446,Mods and scripts,"bypass warning stages,",8,src/dross.rs; src/world/dross.rs; src/tests/dross.rs,air_and_water_cross_every_directed_cube_seam_without_privilege_or_loss; scenario_careless_laboratory_warns_through_every_band_before_breach; scenario_dead_heart_recovery_remains_possible_and_reawakening_accelerates_it; scenario_planetary_abuse_is_regional_not_self_replicating_and_recovers_when_stopped; century_equivalent_magic_use_and_stopped_abuse_are_exact_and_bounded,proven,goals 1-8 implementation plus Goal 9 integrated audit,docs/magic-qualification-implementation.md
docs/magic-dross-plan.md:447,Mods and scripts,"make an unbounded self-replicator,",8,src/dross.rs; src/world/dross.rs; src/tests/dross.rs,air_and_water_cross_every_directed_cube_seam_without_privilege_or_loss; scenario_careless_laboratory_warns_through_every_band_before_breach; scenario_dead_heart_recovery_remains_possible_and_reawakening_accelerates_it; scenario_planetary_abuse_is_regional_not_self_replicating_and_recovers_when_stopped; century_equivalent_magic_use_and_stopped_abuse_are_exact_and_bounded,proven,goals 1-8 implementation plus Goal 9 integrated audit,docs/magic-qualification-implementation.md
docs/magic-dross-plan.md:448,Mods and scripts,"expose player attribution beyond earned/server-authorized evidence,",8,src/dross.rs; src/world/dross.rs; src/tests/dross.rs,air_and_water_cross_every_directed_cube_seam_without_privilege_or_loss; scenario_careless_laboratory_warns_through_every_band_before_breach; scenario_dead_heart_recovery_remains_possible_and_reawakening_accelerates_it; scenario_planetary_abuse_is_regional_not_self_replicating_and_recovers_when_stopped; century_equivalent_magic_use_and_stopped_abuse_are_exact_and_bounded,proven,goals 1-8 implementation plus Goal 9 integrated audit,docs/magic-qualification-implementation.md
docs/magic-dross-plan.md:449,Mods and scripts,ship a zero-cost infinite sink.,8,src/dross.rs; src/world/dross.rs; src/tests/dross.rs,air_and_water_cross_every_directed_cube_seam_without_privilege_or_loss; scenario_careless_laboratory_warns_through_every_band_before_breach; scenario_dead_heart_recovery_remains_possible_and_reawakening_accelerates_it; scenario_planetary_abuse_is_regional_not_self_replicating_and_recovers_when_stopped; century_equivalent_magic_use_and_stopped_abuse_are_exact_and_bounded,proven,goals 1-8 implementation plus Goal 9 integrated audit,docs/magic-qualification-implementation.md
docs/magic-dross-plan.md:465,Operator tools,"totals by carrier/resonance/country/watershed,",8,src/dross.rs; src/world/dross.rs; src/tests/dross.rs,air_and_water_cross_every_directed_cube_seam_without_privilege_or_loss; scenario_careless_laboratory_warns_through_every_band_before_breach; scenario_dead_heart_recovery_remains_possible_and_reawakening_accelerates_it; scenario_planetary_abuse_is_regional_not_self_replicating_and_recovers_when_stopped; century_equivalent_magic_use_and_stopped_abuse_are_exact_and_bounded,proven,goals 1-8 implementation plus Goal 9 integrated audit,docs/magic-qualification-implementation.md
docs/magic-dross-plan.md:466,Operator tools,"generation and reordering rates by process,",8,src/dross.rs; src/world/dross.rs; src/tests/dross.rs,air_and_water_cross_every_directed_cube_seam_without_privilege_or_loss; scenario_careless_laboratory_warns_through_every_band_before_breach; scenario_dead_heart_recovery_remains_possible_and_reawakening_accelerates_it; scenario_planetary_abuse_is_regional_not_self_replicating_and_recovers_when_stopped; century_equivalent_magic_use_and_stopped_abuse_are_exact_and_bounded,proven,goals 1-8 implementation plus Goal 9 integrated audit,docs/magic-qualification-implementation.md
docs/magic-dross-plan.md:467,Operator tools,"top installation/source classes,",8,src/dross.rs; src/world/dross.rs; src/tests/dross.rs,air_and_water_cross_every_directed_cube_seam_without_privilege_or_loss; scenario_careless_laboratory_warns_through_every_band_before_breach; scenario_dead_heart_recovery_remains_possible_and_reawakening_accelerates_it; scenario_planetary_abuse_is_regional_not_self_replicating_and_recovers_when_stopped; century_equivalent_magic_use_and_stopped_abuse_are_exact_and_bounded,proven,goals 1-8 implementation plus Goal 9 integrated audit,docs/magic-qualification-implementation.md
docs/magic-dross-plan.md:468,Operator tools,"burden band area and population exposure,",8,src/dross.rs; src/world/dross.rs; src/tests/dross.rs,air_and_water_cross_every_directed_cube_seam_without_privilege_or_loss; scenario_careless_laboratory_warns_through_every_band_before_breach; scenario_dead_heart_recovery_remains_possible_and_reawakening_accelerates_it; scenario_planetary_abuse_is_regional_not_self_replicating_and_recovers_when_stopped; century_equivalent_magic_use_and_stopped_abuse_are_exact_and_bounded,proven,goals 1-8 implementation plus Goal 9 integrated audit,docs/magic-qualification-implementation.md
docs/magic-dross-plan.md:469,Operator tools,"scar site count/state,",8,src/dross.rs; src/world/dross.rs; src/tests/dross.rs,air_and_water_cross_every_directed_cube_seam_without_privilege_or_loss; scenario_careless_laboratory_warns_through_every_band_before_breach; scenario_dead_heart_recovery_remains_possible_and_reawakening_accelerates_it; scenario_planetary_abuse_is_regional_not_self_replicating_and_recovers_when_stopped; century_equivalent_magic_use_and_stopped_abuse_are_exact_and_bounded,proven,goals 1-8 implementation plus Goal 9 integrated audit,docs/magic-qualification-implementation.md
docs/magic-dross-plan.md:470,Operator tools,"contained inventory and unknown fraction,",8,src/dross.rs; src/world/dross.rs; src/tests/dross.rs,air_and_water_cross_every_directed_cube_seam_without_privilege_or_loss; scenario_careless_laboratory_warns_through_every_band_before_breach; scenario_dead_heart_recovery_remains_possible_and_reawakening_accelerates_it; scenario_planetary_abuse_is_regional_not_self_replicating_and_recovers_when_stopped; century_equivalent_magic_use_and_stopped_abuse_are_exact_and_bounded,proven,goals 1-8 implementation plus Goal 9 integrated audit,docs/magic-qualification-implementation.md
docs/magic-dross-plan.md:471,Operator tools,"unexplained delta,",8,src/dross.rs; src/world/dross.rs; src/tests/dross.rs,air_and_water_cross_every_directed_cube_seam_without_privilege_or_loss; scenario_careless_laboratory_warns_through_every_band_before_breach; scenario_dead_heart_recovery_remains_possible_and_reawakening_accelerates_it; scenario_planetary_abuse_is_regional_not_self_replicating_and_recovers_when_stopped; century_equivalent_magic_use_and_stopped_abuse_are_exact_and_bounded,proven,goals 1-8 implementation plus Goal 9 integrated audit,docs/magic-qualification-implementation.md
docs/magic-dross-plan.md:472,Operator tools,projected recovery under current conditions.,8,src/dross.rs; src/world/dross.rs; src/tests/dross.rs,air_and_water_cross_every_directed_cube_seam_without_privilege_or_loss; scenario_careless_laboratory_warns_through_every_band_before_breach; scenario_dead_heart_recovery_remains_possible_and_reawakening_accelerates_it; scenario_planetary_abuse_is_regional_not_self_replicating_and_recovers_when_stopped; century_equivalent_magic_use_and_stopped_abuse_are_exact_and_bounded,proven,goals 1-8 implementation plus Goal 9 integrated audit,docs/magic-qualification-implementation.md
docs/magic-dross-plan.md:513,Transport and conservation,Every carrier transfer closes the arcane ledger.,8,src/dross.rs; src/world/dross.rs; src/tests/dross.rs,air_and_water_cross_every_directed_cube_seam_without_privilege_or_loss; scenario_careless_laboratory_warns_through_every_band_before_breach; scenario_dead_heart_recovery_remains_possible_and_reawakening_accelerates_it; scenario_planetary_abuse_is_regional_not_self_replicating_and_recovers_when_stopped; century_equivalent_magic_use_and_stopped_abuse_are_exact_and_bounded,proven,goals 1-8 implementation plus Goal 9 integrated audit,docs/magic-qualification-implementation.md
docs/magic-dross-plan.md:514,Transport and conservation,Water movement carries proportional dross and exact remainder.,8,src/dross.rs; src/world/dross.rs; src/tests/dross.rs,air_and_water_cross_every_directed_cube_seam_without_privilege_or_loss; scenario_careless_laboratory_warns_through_every_band_before_breach; scenario_dead_heart_recovery_remains_possible_and_reawakening_accelerates_it; scenario_planetary_abuse_is_regional_not_self_replicating_and_recovers_when_stopped; century_equivalent_magic_use_and_stopped_abuse_are_exact_and_bounded,proven,goals 1-8 implementation plus Goal 9 integrated audit,docs/magic-qualification-implementation.md
docs/magic-dross-plan.md:515,Transport and conservation,Evaporation/freezing/soil binding/erosion obey declared partition rules.,8,src/dross.rs; src/world/dross.rs; src/tests/dross.rs,air_and_water_cross_every_directed_cube_seam_without_privilege_or_loss; scenario_careless_laboratory_warns_through_every_band_before_breach; scenario_dead_heart_recovery_remains_possible_and_reawakening_accelerates_it; scenario_planetary_abuse_is_regional_not_self_replicating_and_recovers_when_stopped; century_equivalent_magic_use_and_stopped_abuse_are_exact_and_bounded,proven,goals 1-8 implementation plus Goal 9 integrated audit,docs/magic-qualification-implementation.md
docs/magic-dross-plan.md:516,Transport and conservation,Air and water cross every planet seam without privilege or loss.,8,src/dross.rs; src/world/dross.rs; src/tests/dross.rs,air_and_water_cross_every_directed_cube_seam_without_privilege_or_loss; scenario_careless_laboratory_warns_through_every_band_before_breach; scenario_dead_heart_recovery_remains_possible_and_reawakening_accelerates_it; scenario_planetary_abuse_is_regional_not_self_replicating_and_recovers_when_stopped; century_equivalent_magic_use_and_stopped_abuse_are_exact_and_bounded,proven,goals 1-8 implementation plus Goal 9 integrated audit,docs/magic-qualification-implementation.md
docs/magic-dross-plan.md:517,Transport and conservation,Loaded/unloaded/catch-up/worker order produce identical checkpoints.,8,src/dross.rs; src/world/dross.rs; src/tests/dross.rs,air_and_water_cross_every_directed_cube_seam_without_privilege_or_loss; scenario_careless_laboratory_warns_through_every_band_before_breach; scenario_dead_heart_recovery_remains_possible_and_reawakening_accelerates_it; scenario_planetary_abuse_is_regional_not_self_replicating_and_recovers_when_stopped; century_equivalent_magic_use_and_stopped_abuse_are_exact_and_bounded,proven,goals 1-8 implementation plus Goal 9 integrated audit,docs/magic-qualification-implementation.md
docs/magic-dross-plan.md:521,Thresholds and manifestation,Hysteresis prevents band flicker.,8,src/dross.rs; src/world/dross.rs; src/tests/dross.rs,air_and_water_cross_every_directed_cube_seam_without_privilege_or_loss; scenario_careless_laboratory_warns_through_every_band_before_breach; scenario_dead_heart_recovery_remains_possible_and_reawakening_accelerates_it; scenario_planetary_abuse_is_regional_not_self_replicating_and_recovers_when_stopped; century_equivalent_magic_use_and_stopped_abuse_are_exact_and_bounded,proven,goals 1-8 implementation plus Goal 9 integrated audit,docs/magic-qualification-implementation.md
docs/magic-dross-plan.md:522,Thresholds and manifestation,Each warning appears before its damaging stage under bounded rate limits.,8,src/dross.rs; src/world/dross.rs; src/tests/dross.rs,air_and_water_cross_every_directed_cube_seam_without_privilege_or_loss; scenario_careless_laboratory_warns_through_every_band_before_breach; scenario_dead_heart_recovery_remains_possible_and_reawakening_accelerates_it; scenario_planetary_abuse_is_regional_not_self_replicating_and_recovers_when_stopped; century_equivalent_magic_use_and_stopped_abuse_are_exact_and_bounded,proven,goals 1-8 implementation plus Goal 9 integrated audit,docs/magic-qualification-implementation.md
docs/magic-dross-plan.md:523,Thresholds and manifestation,Canonical manifestation sites do not duplicate across load/save.,8,src/dross.rs; src/world/dross.rs; src/tests/dross.rs,air_and_water_cross_every_directed_cube_seam_without_privilege_or_loss; scenario_careless_laboratory_warns_through_every_band_before_breach; scenario_dead_heart_recovery_remains_possible_and_reawakening_accelerates_it; scenario_planetary_abuse_is_regional_not_self_replicating_and_recovers_when_stopped; century_equivalent_magic_use_and_stopped_abuse_are_exact_and_bounded,proven,goals 1-8 implementation plus Goal 9 integrated audit,docs/magic-qualification-implementation.md
docs/magic-dross-plan.md:524,Thresholds and manifestation,Structural player blocks remain byte-identical through every scar stage.,8,src/dross.rs; src/world/dross.rs; src/tests/dross.rs,air_and_water_cross_every_directed_cube_seam_without_privilege_or_loss; scenario_careless_laboratory_warns_through_every_band_before_breach; scenario_dead_heart_recovery_remains_possible_and_reawakening_accelerates_it; scenario_planetary_abuse_is_regional_not_self_replicating_and_recovers_when_stopped; century_equivalent_magic_use_and_stopped_abuse_are_exact_and_bounded,proven,goals 1-8 implementation plus Goal 9 integrated audit,docs/magic-qualification-implementation.md
docs/magic-dross-plan.md:525,Thresholds and manifestation,Cultivated-life effects stall/wilt without silent deletion.,8,src/dross.rs; src/world/dross.rs; src/tests/dross.rs,air_and_water_cross_every_directed_cube_seam_without_privilege_or_loss; scenario_careless_laboratory_warns_through_every_band_before_breach; scenario_dead_heart_recovery_remains_possible_and_reawakening_accelerates_it; scenario_planetary_abuse_is_regional_not_self_replicating_and_recovers_when_stopped; century_equivalent_magic_use_and_stopped_abuse_are_exact_and_bounded,proven,goals 1-8 implementation plus Goal 9 integrated audit,docs/magic-qualification-implementation.md
docs/magic-dross-plan.md:526,Thresholds and manifestation,Breaches redistribute accounted state and never become portals.,8,src/dross.rs; src/world/dross.rs; src/tests/dross.rs,air_and_water_cross_every_directed_cube_seam_without_privilege_or_loss; scenario_careless_laboratory_warns_through_every_band_before_breach; scenario_dead_heart_recovery_remains_possible_and_reawakening_accelerates_it; scenario_planetary_abuse_is_regional_not_self_replicating_and_recovers_when_stopped; century_equivalent_magic_use_and_stopped_abuse_are_exact_and_bounded,proven,goals 1-8 implementation plus Goal 9 integrated audit,docs/magic-qualification-implementation.md
docs/magic-dross-plan.md:530,Prevention and recovery,Matched stable practice measurably produces less dross.,8,src/dross.rs; src/world/dross.rs; src/tests/dross.rs,air_and_water_cross_every_directed_cube_seam_without_privilege_or_loss; scenario_careless_laboratory_warns_through_every_band_before_breach; scenario_dead_heart_recovery_remains_possible_and_reawakening_accelerates_it; scenario_planetary_abuse_is_regional_not_self_replicating_and_recovers_when_stopped; century_equivalent_magic_use_and_stopped_abuse_are_exact_and_bounded,proven,goals 1-8 implementation plus Goal 9 integrated audit,docs/magic-qualification-implementation.md
docs/magic-dross-plan.md:531,Prevention and recovery,Every containment medium fills and fails at a finite capacity.,8,src/dross.rs; src/world/dross.rs; src/tests/dross.rs,air_and_water_cross_every_directed_cube_seam_without_privilege_or_loss; scenario_careless_laboratory_warns_through_every_band_before_breach; scenario_dead_heart_recovery_remains_possible_and_reawakening_accelerates_it; scenario_planetary_abuse_is_regional_not_self_replicating_and_recovers_when_stopped; century_equivalent_magic_use_and_stopped_abuse_are_exact_and_bounded,proven,goals 1-8 implementation plus Goal 9 integrated audit,docs/magic-qualification-implementation.md
docs/magic-dross-plan.md:532,Prevention and recovery,Excavation transfers scar dross into drops/residue.,8,src/dross.rs; src/world/dross.rs; src/tests/dross.rs,air_and_water_cross_every_directed_cube_seam_without_privilege_or_loss; scenario_careless_laboratory_warns_through_every_band_before_breach; scenario_dead_heart_recovery_remains_possible_and_reawakening_accelerates_it; scenario_planetary_abuse_is_regional_not_self_replicating_and_recovers_when_stopped; century_equivalent_magic_use_and_stopped_abuse_are_exact_and_bounded,proven,goals 1-8 implementation plus Goal 9 integrated audit,docs/magic-qualification-implementation.md
docs/magic-dross-plan.md:533,Prevention and recovery,Ashlace/filter treatment sequesters rather than deletes.,8,src/dross.rs; src/world/dross.rs; src/tests/dross.rs,air_and_water_cross_every_directed_cube_seam_without_privilege_or_loss; scenario_careless_laboratory_warns_through_every_band_before_breach; scenario_dead_heart_recovery_remains_possible_and_reawakening_accelerates_it; scenario_planetary_abuse_is_regional_not_self_replicating_and_recovers_when_stopped; century_equivalent_magic_use_and_stopped_abuse_are_exact_and_bounded,proven,goals 1-8 implementation plus Goal 9 integrated audit,docs/magic-qualification-implementation.md
docs/magic-dross-plan.md:534,Prevention and recovery,Heart/ecology reordering debits and credits exactly and respects rate caps.,8,src/dross.rs; src/world/dross.rs; src/tests/dross.rs,air_and_water_cross_every_directed_cube_seam_without_privilege_or_loss; scenario_careless_laboratory_warns_through_every_band_before_breach; scenario_dead_heart_recovery_remains_possible_and_reawakening_accelerates_it; scenario_planetary_abuse_is_regional_not_self_replicating_and_recovers_when_stopped; century_equivalent_magic_use_and_stopped_abuse_are_exact_and_bounded,proven,goals 1-8 implementation plus Goal 9 integrated audit,docs/magic-qualification-implementation.md
docs/magic-dross-plan.md:535,Prevention and recovery,Full scenario scars are recoverable without a unique item.,8,src/dross.rs; src/world/dross.rs; src/tests/dross.rs,air_and_water_cross_every_directed_cube_seam_without_privilege_or_loss; scenario_careless_laboratory_warns_through_every_band_before_breach; scenario_dead_heart_recovery_remains_possible_and_reawakening_accelerates_it; scenario_planetary_abuse_is_regional_not_self_replicating_and_recovers_when_stopped; century_equivalent_magic_use_and_stopped_abuse_are_exact_and_bounded,proven,goals 1-8 implementation plus Goal 9 integrated audit,docs/magic-qualification-implementation.md
docs/magic-dross-plan.md:539,"Ire, authority, and evidence",All four Ire/dross combinations retain distinct behavior.,8,src/dross.rs; src/world/dross.rs; src/tests/dross.rs,air_and_water_cross_every_directed_cube_seam_without_privilege_or_loss; scenario_careless_laboratory_warns_through_every_band_before_breach; scenario_dead_heart_recovery_remains_possible_and_reawakening_accelerates_it; scenario_planetary_abuse_is_regional_not_self_replicating_and_recovers_when_stopped; century_equivalent_magic_use_and_stopped_abuse_are_exact_and_bounded,proven,goals 1-8 implementation plus Goal 9 integrated audit,docs/magic-qualification-implementation.md
docs/magic-dross-plan.md:540,"Ire, authority, and evidence","Habitat damage, not dross arithmetic, invokes Ire.",8,src/dross.rs; src/world/dross.rs; src/tests/dross.rs,air_and_water_cross_every_directed_cube_seam_without_privilege_or_loss; scenario_careless_laboratory_warns_through_every_band_before_breach; scenario_dead_heart_recovery_remains_possible_and_reawakening_accelerates_it; scenario_planetary_abuse_is_regional_not_self_replicating_and_recovers_when_stopped; century_equivalent_magic_use_and_stopped_abuse_are_exact_and_bounded,proven,goals 1-8 implementation plus Goal 9 integrated audit,docs/magic-qualification-implementation.md
docs/magic-dross-plan.md:541,"Ire, authority, and evidence",Attribution mixtures degrade correctly through transport.,8,src/dross.rs; src/world/dross.rs; src/tests/dross.rs,air_and_water_cross_every_directed_cube_seam_without_privilege_or_loss; scenario_careless_laboratory_warns_through_every_band_before_breach; scenario_dead_heart_recovery_remains_possible_and_reawakening_accelerates_it; scenario_planetary_abuse_is_regional_not_self_replicating_and_recovers_when_stopped; century_equivalent_magic_use_and_stopped_abuse_are_exact_and_bounded,proven,goals 1-8 implementation plus Goal 9 integrated audit,docs/magic-qualification-implementation.md
docs/magic-dross-plan.md:542,"Ire, authority, and evidence","Clients cannot forge, erase, or over-read provenance.",8,src/dross.rs; src/world/dross.rs; src/tests/dross.rs,air_and_water_cross_every_directed_cube_seam_without_privilege_or_loss; scenario_careless_laboratory_warns_through_every_band_before_breach; scenario_dead_heart_recovery_remains_possible_and_reawakening_accelerates_it; scenario_planetary_abuse_is_regional_not_self_replicating_and_recovers_when_stopped; century_equivalent_magic_use_and_stopped_abuse_are_exact_and_bounded,proven,goals 1-8 implementation plus Goal 9 integrated audit,docs/magic-qualification-implementation.md
docs/magic-dross-plan.md:543,"Ire, authority, and evidence",Concurrent dumping/cleanup commits once and identifies the right,8,src/dross.rs; src/world/dross.rs; src/tests/dross.rs,air_and_water_cross_every_directed_cube_seam_without_privilege_or_loss; scenario_careless_laboratory_warns_through_every_band_before_breach; scenario_dead_heart_recovery_remains_possible_and_reawakening_accelerates_it; scenario_planetary_abuse_is_regional_not_self_replicating_and_recovers_when_stopped; century_equivalent_magic_use_and_stopped_abuse_are_exact_and_bounded,proven,goals 1-8 implementation plus Goal 9 integrated audit,docs/magic-qualification-implementation.md
docs/magic-dross-plan.md:545,"Ire, authority, and evidence",Agent observation/action parity and mod restrictions hold.,8,src/dross.rs; src/world/dross.rs; src/tests/dross.rs,air_and_water_cross_every_directed_cube_seam_without_privilege_or_loss; scenario_careless_laboratory_warns_through_every_band_before_breach; scenario_dead_heart_recovery_remains_possible_and_reawakening_accelerates_it; scenario_planetary_abuse_is_regional_not_self_replicating_and_recovers_when_stopped; century_equivalent_magic_use_and_stopped_abuse_are_exact_and_bounded,proven,goals 1-8 implementation plus Goal 9 integrated audit,docs/magic-qualification-implementation.md
docs/magic-dross-plan.md:549,Budgets,"Worst legal source populations, scar sites, provenance aggregation, atlas",8,src/dross.rs; src/world/dross.rs; src/tests/dross.rs,air_and_water_cross_every_directed_cube_seam_without_privilege_or_loss; scenario_careless_laboratory_warns_through_every_band_before_breach; scenario_dead_heart_recovery_remains_possible_and_reawakening_accelerates_it; scenario_planetary_abuse_is_regional_not_self_replicating_and_recovers_when_stopped; century_equivalent_magic_use_and_stopped_abuse_are_exact_and_bounded,proven,goals 1-8 implementation plus Goal 9 integrated audit,docs/magic-qualification-implementation.md
docs/magic-dross-plan.md:551,Budgets,Long recovery simulation retains exact totals and bounded cardinality.,8,src/dross.rs; src/world/dross.rs; src/tests/dross.rs,air_and_water_cross_every_directed_cube_seam_without_privilege_or_loss; scenario_careless_laboratory_warns_through_every_band_before_breach; scenario_dead_heart_recovery_remains_possible_and_reawakening_accelerates_it; scenario_planetary_abuse_is_regional_not_self_replicating_and_recovers_when_stopped; century_equivalent_magic_use_and_stopped_abuse_are_exact_and_bounded,proven,goals 1-8 implementation plus Goal 9 integrated audit,docs/magic-qualification-implementation.md
docs/magic-dross-plan.md:557,Completion criteria,"every magical practice has a real dross path,",8,src/dross.rs; src/world/dross.rs; src/tests/dross.rs,air_and_water_cross_every_directed_cube_seam_without_privilege_or_loss; scenario_careless_laboratory_warns_through_every_band_before_breach; scenario_dead_heart_recovery_remains_possible_and_reawakening_accelerates_it; scenario_planetary_abuse_is_regional_not_self_replicating_and_recovers_when_stopped; century_equivalent_magic_use_and_stopped_abuse_are_exact_and_bounded,proven,goals 1-8 implementation plus Goal 9 integrated audit,docs/magic-qualification-implementation.md
docs/magic-dross-plan.md:558,Completion criteria,"dross moves through air, water, soil, organisms, containers, apparatus, and",8,src/dross.rs; src/world/dross.rs; src/tests/dross.rs,air_and_water_cross_every_directed_cube_seam_without_privilege_or_loss; scenario_careless_laboratory_warns_through_every_band_before_breach; scenario_dead_heart_recovery_remains_possible_and_reawakening_accelerates_it; scenario_planetary_abuse_is_regional_not_self_replicating_and_recovers_when_stopped; century_equivalent_magic_use_and_stopped_abuse_are_exact_and_bounded,proven,goals 1-8 implementation plus Goal 9 integrated audit,docs/magic-qualification-implementation.md
docs/magic-dross-plan.md:560,Completion criteria,"warning, seep, scar, and breach stages are deterministic and legible,",8,src/dross.rs; src/world/dross.rs; src/tests/dross.rs,air_and_water_cross_every_directed_cube_seam_without_privilege_or_loss; scenario_careless_laboratory_warns_through_every_band_before_breach; scenario_dead_heart_recovery_remains_possible_and_reawakening_accelerates_it; scenario_planetary_abuse_is_regional_not_self_replicating_and_recovers_when_stopped; century_equivalent_magic_use_and_stopped_abuse_are_exact_and_bounded,proven,goals 1-8 implementation plus Goal 9 integrated audit,docs/magic-qualification-implementation.md
docs/magic-dross-plan.md:561,Completion criteria,"construction permanence and ordinary material/water truth remain intact,",8,src/dross.rs; src/world/dross.rs; src/tests/dross.rs,air_and_water_cross_every_directed_cube_seam_without_privilege_or_loss; scenario_careless_laboratory_warns_through_every_band_before_breach; scenario_dead_heart_recovery_remains_possible_and_reawakening_accelerates_it; scenario_planetary_abuse_is_regional_not_self_replicating_and_recovers_when_stopped; century_equivalent_magic_use_and_stopped_abuse_are_exact_and_bounded,proven,goals 1-8 implementation plus Goal 9 integrated audit,docs/magic-qualification-implementation.md
docs/magic-dross-plan.md:562,Completion criteria,"prevention is cheaper than cleanup and every catastrophe is recoverable,",8,src/dross.rs; src/world/dross.rs; src/tests/dross.rs,air_and_water_cross_every_directed_cube_seam_without_privilege_or_loss; scenario_careless_laboratory_warns_through_every_band_before_breach; scenario_dead_heart_recovery_remains_possible_and_reawakening_accelerates_it; scenario_planetary_abuse_is_regional_not_self_replicating_and_recovers_when_stopped; century_equivalent_magic_use_and_stopped_abuse_are_exact_and_bounded,proven,goals 1-8 implementation plus Goal 9 integrated audit,docs/magic-qualification-implementation.md
docs/magic-dross-plan.md:563,Completion criteria,"Ire remains independent while real ecological harm still matters,",8,src/dross.rs; src/world/dross.rs; src/tests/dross.rs,air_and_water_cross_every_directed_cube_seam_without_privilege_or_loss; scenario_careless_laboratory_warns_through_every_band_before_breach; scenario_dead_heart_recovery_remains_possible_and_reawakening_accelerates_it; scenario_planetary_abuse_is_regional_not_self_replicating_and_recovers_when_stopped; century_equivalent_magic_use_and_stopped_abuse_are_exact_and_bounded,proven,goals 1-8 implementation plus Goal 9 integrated audit,docs/magic-qualification-implementation.md
docs/magic-dross-plan.md:564,Completion criteria,"attribution supports evidence and politics without omniscience,",8,src/dross.rs; src/world/dross.rs; src/tests/dross.rs,air_and_water_cross_every_directed_cube_seam_without_privilege_or_loss; scenario_careless_laboratory_warns_through_every_band_before_breach; scenario_dead_heart_recovery_remains_possible_and_reawakening_accelerates_it; scenario_planetary_abuse_is_regional_not_self_replicating_and_recovers_when_stopped; century_equivalent_magic_use_and_stopped_abuse_are_exact_and_bounded,proven,goals 1-8 implementation plus Goal 9 integrated audit,docs/magic-qualification-implementation.md
docs/magic-dross-plan.md:565,Completion criteria,"loaded/unloaded, persistence, multiplayer, agents, mods, diagnostics,",8,src/dross.rs; src/world/dross.rs; src/tests/dross.rs,air_and_water_cross_every_directed_cube_seam_without_privilege_or_loss; scenario_careless_laboratory_warns_through_every_band_before_breach; scenario_dead_heart_recovery_remains_possible_and_reawakening_accelerates_it; scenario_planetary_abuse_is_regional_not_self_replicating_and_recovers_when_stopped; century_equivalent_magic_use_and_stopped_abuse_are_exact_and_bounded,proven,goals 1-8 implementation plus Goal 9 integrated audit,docs/magic-qualification-implementation.md
docs/magic-dross-plan.md:567,Completion criteria,"all scenarios, tests, budgets, and repository gates pass.",8,src/dross.rs; src/world/dross.rs; src/tests/dross.rs,air_and_water_cross_every_directed_cube_seam_without_privilege_or_loss; scenario_careless_laboratory_warns_through_every_band_before_breach; scenario_dead_heart_recovery_remains_possible_and_reawakening_accelerates_it; scenario_planetary_abuse_is_regional_not_self_replicating_and_recovers_when_stopped; century_equivalent_magic_use_and_stopped_abuse_are_exact_and_bounded,proven,goals 1-8 implementation plus Goal 9 integrated audit,docs/magic-qualification-implementation.md
docs/magic-dross-plan.md:catalog-1,named catalog,carrier: air,8,src/dross.rs; src/world/dross.rs; src/tests/dross.rs,air_and_water_cross_every_directed_cube_seam_without_privilege_or_loss; scenario_careless_laboratory_warns_through_every_band_before_breach; scenario_dead_heart_recovery_remains_possible_and_reawakening_accelerates_it; scenario_planetary_abuse_is_regional_not_self_replicating_and_recovers_when_stopped; century_equivalent_magic_use_and_stopped_abuse_are_exact_and_bounded,proven,goals 1-8 implementation plus Goal 9 integrated audit,docs/magic-qualification-implementation.md
docs/magic-dross-plan.md:catalog-2,named catalog,carrier: water,8,src/dross.rs; src/world/dross.rs; src/tests/dross.rs,air_and_water_cross_every_directed_cube_seam_without_privilege_or_loss; scenario_careless_laboratory_warns_through_every_band_before_breach; scenario_dead_heart_recovery_remains_possible_and_reawakening_accelerates_it; scenario_planetary_abuse_is_regional_not_self_replicating_and_recovers_when_stopped; century_equivalent_magic_use_and_stopped_abuse_are_exact_and_bounded,proven,goals 1-8 implementation plus Goal 9 integrated audit,docs/magic-qualification-implementation.md
docs/magic-dross-plan.md:catalog-3,named catalog,carrier: soil/sediment,8,src/dross.rs; src/world/dross.rs; src/tests/dross.rs,air_and_water_cross_every_directed_cube_seam_without_privilege_or_loss; scenario_careless_laboratory_warns_through_every_band_before_breach; scenario_dead_heart_recovery_remains_possible_and_reawakening_accelerates_it; scenario_planetary_abuse_is_regional_not_self_replicating_and_recovers_when_stopped; century_equivalent_magic_use_and_stopped_abuse_are_exact_and_bounded,proven,goals 1-8 implementation plus Goal 9 integrated audit,docs/magic-qualification-implementation.md
docs/magic-dross-plan.md:catalog-4,named catalog,carrier: organism,8,src/dross.rs; src/world/dross.rs; src/tests/dross.rs,air_and_water_cross_every_directed_cube_seam_without_privilege_or_loss; scenario_careless_laboratory_warns_through_every_band_before_breach; scenario_dead_heart_recovery_remains_possible_and_reawakening_accelerates_it; scenario_planetary_abuse_is_regional_not_self_replicating_and_recovers_when_stopped; century_equivalent_magic_use_and_stopped_abuse_are_exact_and_bounded,proven,goals 1-8 implementation plus Goal 9 integrated audit,docs/magic-qualification-implementation.md
docs/magic-dross-plan.md:catalog-5,named catalog,carrier: container,8,src/dross.rs; src/world/dross.rs; src/tests/dross.rs,air_and_water_cross_every_directed_cube_seam_without_privilege_or_loss; scenario_careless_laboratory_warns_through_every_band_before_breach; scenario_dead_heart_recovery_remains_possible_and_reawakening_accelerates_it; scenario_planetary_abuse_is_regional_not_self_replicating_and_recovers_when_stopped; century_equivalent_magic_use_and_stopped_abuse_are_exact_and_bounded,proven,goals 1-8 implementation plus Goal 9 integrated audit,docs/magic-qualification-implementation.md
docs/magic-dross-plan.md:catalog-6,named catalog,carrier: apparatus,8,src/dross.rs; src/world/dross.rs; src/tests/dross.rs,air_and_water_cross_every_directed_cube_seam_without_privilege_or_loss; scenario_careless_laboratory_warns_through_every_band_before_breach; scenario_dead_heart_recovery_remains_possible_and_reawakening_accelerates_it; scenario_planetary_abuse_is_regional_not_self_replicating_and_recovers_when_stopped; century_equivalent_magic_use_and_stopped_abuse_are_exact_and_bounded,proven,goals 1-8 implementation plus Goal 9 integrated audit,docs/magic-qualification-implementation.md
docs/magic-dross-plan.md:catalog-7,named catalog,carrier: manifested scar,8,src/dross.rs; src/world/dross.rs; src/tests/dross.rs,air_and_water_cross_every_directed_cube_seam_without_privilege_or_loss; scenario_careless_laboratory_warns_through_every_band_before_breach; scenario_dead_heart_recovery_remains_possible_and_reawakening_accelerates_it; scenario_planetary_abuse_is_regional_not_self_replicating_and_recovers_when_stopped; century_equivalent_magic_use_and_stopped_abuse_are_exact_and_bounded,proven,goals 1-8 implementation plus Goal 9 integrated audit,docs/magic-qualification-implementation.md
docs/magic-dross-plan.md:catalog-8,named catalog,band: clear,8,src/dross.rs; src/world/dross.rs; src/tests/dross.rs,air_and_water_cross_every_directed_cube_seam_without_privilege_or_loss; scenario_careless_laboratory_warns_through_every_band_before_breach; scenario_dead_heart_recovery_remains_possible_and_reawakening_accelerates_it; scenario_planetary_abuse_is_regional_not_self_replicating_and_recovers_when_stopped; century_equivalent_magic_use_and_stopped_abuse_are_exact_and_bounded,proven,goals 1-8 implementation plus Goal 9 integrated audit,docs/magic-qualification-implementation.md
docs/magic-dross-plan.md:catalog-9,named catalog,band: trace,8,src/dross.rs; src/world/dross.rs; src/tests/dross.rs,air_and_water_cross_every_directed_cube_seam_without_privilege_or_loss; scenario_careless_laboratory_warns_through_every_band_before_breach; scenario_dead_heart_recovery_remains_possible_and_reawakening_accelerates_it; scenario_planetary_abuse_is_regional_not_self_replicating_and_recovers_when_stopped; century_equivalent_magic_use_and_stopped_abuse_are_exact_and_bounded,proven,goals 1-8 implementation plus Goal 9 integrated audit,docs/magic-qualification-implementation.md
docs/magic-dross-plan.md:catalog-10,named catalog,band: strained,8,src/dross.rs; src/world/dross.rs; src/tests/dross.rs,air_and_water_cross_every_directed_cube_seam_without_privilege_or_loss; scenario_careless_laboratory_warns_through_every_band_before_breach; scenario_dead_heart_recovery_remains_possible_and_reawakening_accelerates_it; scenario_planetary_abuse_is_regional_not_self_replicating_and_recovers_when_stopped; century_equivalent_magic_use_and_stopped_abuse_are_exact_and_bounded,proven,goals 1-8 implementation plus Goal 9 integrated audit,docs/magic-qualification-implementation.md
docs/magic-dross-plan.md:catalog-11,named catalog,band: seep,8,src/dross.rs; src/world/dross.rs; src/tests/dross.rs,air_and_water_cross_every_directed_cube_seam_without_privilege_or_loss; scenario_careless_laboratory_warns_through_every_band_before_breach; scenario_dead_heart_recovery_remains_possible_and_reawakening_accelerates_it; scenario_planetary_abuse_is_regional_not_self_replicating_and_recovers_when_stopped; century_equivalent_magic_use_and_stopped_abuse_are_exact_and_bounded,proven,goals 1-8 implementation plus Goal 9 integrated audit,docs/magic-qualification-implementation.md
docs/magic-dross-plan.md:catalog-12,named catalog,band: scar,8,src/dross.rs; src/world/dross.rs; src/tests/dross.rs,air_and_water_cross_every_directed_cube_seam_without_privilege_or_loss; scenario_careless_laboratory_warns_through_every_band_before_breach; scenario_dead_heart_recovery_remains_possible_and_reawakening_accelerates_it; scenario_planetary_abuse_is_regional_not_self_replicating_and_recovers_when_stopped; century_equivalent_magic_use_and_stopped_abuse_are_exact_and_bounded,proven,goals 1-8 implementation plus Goal 9 integrated audit,docs/magic-qualification-implementation.md
docs/magic-dross-plan.md:catalog-13,named catalog,band: breach risk,8,src/dross.rs; src/world/dross.rs; src/tests/dross.rs,air_and_water_cross_every_directed_cube_seam_without_privilege_or_loss; scenario_careless_laboratory_warns_through_every_band_before_breach; scenario_dead_heart_recovery_remains_possible_and_reawakening_accelerates_it; scenario_planetary_abuse_is_regional_not_self_replicating_and_recovers_when_stopped; century_equivalent_magic_use_and_stopped_abuse_are_exact_and_bounded,proven,goals 1-8 implementation plus Goal 9 integrated audit,docs/magic-qualification-implementation.md
docs/magic-dross-plan.md:catalog-14,named catalog,command: --arcane-atlas --layer dross,8,src/dross.rs; src/world/dross.rs; src/tests/dross.rs,air_and_water_cross_every_directed_cube_seam_without_privilege_or_loss; scenario_careless_laboratory_warns_through_every_band_before_breach; scenario_dead_heart_recovery_remains_possible_and_reawakening_accelerates_it; scenario_planetary_abuse_is_regional_not_self_replicating_and_recovers_when_stopped; century_equivalent_magic_use_and_stopped_abuse_are_exact_and_bounded,proven,goals 1-8 implementation plus Goal 9 integrated audit,docs/magic-qualification-implementation.md
